timestamp,vibration_sensor,temperature_sensor,pressure_sensor,rpm_sensor,bearing_wear_sensor,health_status,actual_remaining_life
0,0.19934283060224656,36.18438488424522,96.65775592530073,1538.2701078006676,1.3524442172757074,Healthy,149928.28839177053
1,0.07401380643242973,38.279229978440995,98.10720749878664,1553.6706351205223,0.5,Healthy,149933.67204812984
2,0.23287104095347183,39.17278893315671,97.17381944927726,1524.9344956067773,0.9069948165700945,Healthy,149932.1474392938
3,0.40960597128160514,43.77537531468038,98.35601254377659,1402.8751154519116,0.9955019929855996,Healthy,150000.0
4,0.05983599172199948,41.11310624906751,99.35754906786643,1492.228878373612,1.015439264186556,Healthy,149426.39134575662
5,0.061505941943497226,37.32903686180022,102.51146345899416,1442.2146212541543,1.0674821501567577,Healthy,149326.82650424368
6,0.4258425631014783,40.972072578835274,99.0365228838829,1489.8697113540964,1.199131945942848,Healthy,150000.0
7,0.26515361249724845,36.905392022123266,95.24312287969123,1549.0002118066948,1.0080444349530613,Healthy,149418.67762905936
8,0.05,42.16538210777415,103.42020353948548,1515.2575417937487,0.9109158486902292,Healthy,148968.48232321147
9,0.22351200871719296,39.057750696364245,97.48872959915488,1557.4045433198717,0.9017231966020913,Healthy,149307.43502895007
10,0.05,39.812727622521656,99.82383871868612,1517.087696035677,0.8432119260551603,Healthy,149334.973632378
11,0.05,42.65159329508438,101.33960952082214,1435.0837030165549,1.2655963306313929,Healthy,150000.0
12,0.16839245431320682,37.4256728628315,100.59883125520835,1373.9576496713632,0.8380414561570456,Healthy,149862.41310618838
13,0.05,37.20576362977402,103.28253864256443,1507.4404380839794,1.2886979993691399,Healthy,149923.76030831612
14,0.05,38.83280134730799,101.43700943017828,1489.3036766824416,1.0430330580112948,Healthy,149709.9868211734
15,0.05,42.076757702038634,97.41607126090868,1451.152713030906,0.8836235579431612,Healthy,149723.12183580766
16,0.05,36.961307849046314,106.53568652197498,1414.968637517431,1.228188831389907,Healthy,148855.95893670985
17,0.19118279985238812,34.335688803778865,100.5830003900147,1463.2628393263644,0.8270971559163978,Healthy,149050.69892232327
18,0.05,39.097682283182,99.55797932013549,1490.2754257567613,1.2394552122184639,Healthy,148605.04234348823
19,0.05,41.10348159982184,102.89177626916671,1533.2938911853196,1.114484503024202,Healthy,148944.75598473148
20,0.42646308711764414,42.40052349947766,100.74835283779022,1509.431554078399,0.8744359266057571,Healthy,149342.05249546736
21,0.08984473990269287,39.073677275829205,101.19768457881798,1580.4033623586365,1.2145904446003677,Healthy,149017.2916424061
22,0.15017230760425143,39.177146785767995,107.47655199580205,1448.2197971977303,1.2226435843732584,Healthy,149555.74040948015
23,0.05,42.30780146851149,99.17463571523486,1544.0529446028718,1.4085892150763206,Healthy,148279.2921038864
24,0.05,36.26051660060916,99.04671731794781,1502.3649371564363,1.3538441037227888,Healthy,149050.11917534913
25,0.16385118460863987,39.22295844963398,100.34973553603739,1534.7334562059293,1.2140488728845515,Healthy,148125.84859906533
26,0.05,40.380847779850114,103.21454780674311,1478.1742568367229,0.7310560479707042,Healthy,148747.08823458682
27,0.22013960366913443,40.89843744257007,95.4803979094288,1553.5840186945295,1.806576096452217,Healthy,149020.16671127823
28,0.05,38.980386613618236,94.10333232557048,1514.7612379172622,0.6535818033451236,Healthy,148492.7487165879
29,0.08999458337467799,40.06888202341168,98.23865418813956,1466.0277507541125,1.3621122856180259,Healthy,148825.56330204348
30,0.05,35.02334529317402,95.09823112282214,1499.3987985543406,1.2093851450658897,Healthy,148020.13383258352
31,0.5221223035684542,38.683503175332305,98.72550595742308,1488.022207053145,0.7304239549223324,Healthy,147618.1550109018
32,0.15063388838574654,40.90701742510893,101.50749908838787,1524.4589175318897,1.0480430516697834,Healthy,148678.5148112439
33,0.05,38.03541193149064,97.32775340934322,1441.0111625312745,1.064374134126608,Healthy,149222.00511703786
34,0.3211756490873045,40.117968443179194,95.71952026965597,1498.5324148942152,1.4823414814098237,Healthy,147801.97752991505
35,0.05,40.893745001605396,100.20801148514605,1519.7653626324666,0.8793400632492698,Healthy,148861.0970900534
36,0.2017727190009511,39.31490159828447,102.5876304538455,1501.6511653596517,1.0174164980726939,Healthy,148221.7117044082
37,0.05,40.34092754199314,94.91507968445016,1567.3470622194498,0.5,Healthy,147482.15423915346
38,0.05,38.07453486943078,102.46069719491796,1538.7011387035527,1.6217621712704064,Healthy,147534.2473493239
39,0.2043722471738247,39.586777440607904,102.45191861121498,1499.6259601629627,0.7828595270939788,Healthy,148057.89238668032
40,0.31435998266574877,41.220432339178444,102.86225530646989,1510.8344548748837,1.2047399259384193,Healthy,147797.76885603796
41,0.20260698957132744,40.31394592193687,103.65544064461506,1514.7832775740999,1.0789109844167741,Healthy,147293.54351162087
42,0.1468703435223519,38.82693746087213,106.60604177397884,1520.1649802083411,1.0825997099649982,Healthy,147052.9803593873
43,0.11144592754880893,40.448432808581586,98.93172385414283,1408.7171002167697,1.3576252621279292,Healthy,147426.64033603674
44,0.05,41.42921958127324,100.32871474023358,1484.9236852115328,1.6187120714244236,Healthy,147896.90450416555
45,0.05,35.900117442845044,98.75068470025592,1425.7780465903286,1.1954481009825977,Healthy,147746.79962369843
46,0.08453891247470915,42.3181481299118,100.00593053426743,1563.9140473729744,1.3191900719558245,Healthy,147449.38102124995
47,0.38975777857711646,39.32749052263786,104.59862006690894,1496.9575239998537,1.2240007943514455,Healthy,147750.94359714573
48,0.24872365791369228,40.85097986648046,95.964956548208,1490.3329525160188,1.433259427179188,Healthy,148120.01335993136
49,0.05,42.394493847290455,97.41685098350328,1544.8398666016617,0.9917917528207686,Healthy,147747.06325521707
50,0.24815012721229235,37.25665260553907,104.13154280951369,1521.1162398724937,1.4559504996582575,Healthy,147439.3456643052
51,0.10798354391673669,38.58111799514491,103.06010952070626,1443.5682742810397,1.4691499596942152,Healthy,147914.03600333034
52,0.05128226660547491,39.42290260824859,98.91060505954877,1496.4547318736315,1.4634277692715396,Healthy,146920.07484889185
53,0.3106685911015069,38.432492957751144,102.56320600336215,1483.2416513386809,0.9432889731323906,Healthy,147237.54023022234
54,0.3961999044991902,43.46987315167362,101.0236475274761,1412.7733555696973,1.0934987097288427,Healthy,147199.4560321998
55,0.3779226904899064,38.28645581234642,104.50082382700296,1465.4861883381398,1.218506763300797,Healthy,146631.52337077857
56,0.05,38.888906441026265,100.22352878148031,1490.8229838991767,0.7380807198846315,Healthy,146990.06291885782
57,0.1331575248297571,40.40877806320595,103.07689634161775,1494.2524534254078,1.6304760624258043,Healthy,146112.52015955234
58,0.26291935294737945,37.595700947847824,107.92603573147787,1425.8884288161346,1.150983706616014,Healthy,148056.08902383148
59,0.3934423587578052,39.20863857648747,101.79429746514239,1557.5832791523737,1.2425116996147498,Healthy,146581.29310578184
60,0.10416515243094202,40.63490652250035,100.14798449738453,1494.894847055428,0.986898668081839,Healthy,147793.05706571066
61,0.16453487133390324,39.33427919123498,102.16734095566294,1501.877653833028,0.7646033988565599,Healthy,146969.04225285974
62,0.05,39.813226282200105,98.90415742538835,1520.0320819169917,0.9841243676909021,Healthy,147182.43206607798
63,0.05,38.941335775103255,107.1639031165742,1460.5961873048163,1.2337612562900764,Healthy,146605.60010082452
64,0.3691718311455063,36.97105938163847,100.54021311308794,1522.8177986566347,1.3726953104927748,Healthy,146903.96484598084
65,0.4795813390474979,40.643186422678475,99.18120003932346,1481.646267699091,1.2218707955141495,Healthy,147075.24481999423
66,0.19559797568393322,43.50986614329448,97.4929329849399,1455.1707229676404,1.280017204872585,Healthy,147032.27620719708
67,0.41237324624507155,40.036803261566874,103.29166057481932,1528.6723746677699,1.0775587542622538,Healthy,147037.3866950372
68,0.2856605383428602,40.450528234495096,102.60156223848321,1574.5836929400905,1.3302079032069618,Healthy,146415.83364498042
69,0.08597604907897513,41.385445510233716,98.50793688575772,1536.2414686742916,1.6288498599157721,Healthy,146309.8201637543
70,0.28894578776834945,37.4613390069066,101.72935403536727,1546.1488782570216,1.3981034993983628,Healthy,145702.9118373662
71,0.5259406466265272,43.40502931625921,95.47433209536143,1473.968469671885,1.4321958998092155,Healthy,146711.60950558848
72,0.21283479217800969,40.4046575928456,100.55491172521947,1420.1190135415773,1.2802049197919894,Healthy,146941.1893556617
73,0.534595397829468,43.263713798178216,101.35826905623009,1574.506876104992,0.743720145786786,Healthy,147157.99083995898
74,0.05,38.53393400895202,105.12198942867767,1602.725744470238,0.8839333741439603,Healthy,146452.58631729026
75,0.3893805008750448,43.63612384511565,97.68754359181393,1577.140338688484,1.336462740199153,Healthy,145866.76011354572
76,0.2440760803143009,41.55031098806957,96.16494211359303,1483.2107030510126,1.1993849510786407,Healthy,145351.45192835527
77,0.16853186324015984,41.10608017170472,97.31371611722487,1442.2682830635579,1.3372861992751817,Healthy,146670.8333665417
78,0.24835215530710048,40.468048908706294,95.99029449905524,1446.7158651090217,1.710927025353222,Healthy,145201.86171661122
79,0.05,39.5029427638511,104.00997207327696,1415.8133716192976,1.4284774664354667,Healthy,145879.6979611281
80,0.18939895576583093,42.40106331694774,104.64591788507211,1494.6310690794978,1.59099919505618,Healthy,145887.84658602817
81,0.3064225143023493,40.280719739696096,100.96064973384648,1580.2838979041228,1.244404416841219,Healthy,145915.2724310745
82,0.5322454756149699,36.06586059282569,103.66388483705545,1492.916868406388,0.9765019634213347,Healthy,145917.90130001793
83,0.13467928967860388,37.76562707658599,100.4018751417407,1515.1161450174138,1.2039734855690312,Healthy,145919.07377818378
84,0.07830127942136247,39.628308495614505,99.7146650568977,1568.7798482152104,0.9825744558842586,Healthy,144592.31836896072
85,0.14131525794975935,40.61999796633111,99.00088714283872,1479.79523440838,1.694155153698401,Healthy,145757.32795493506
86,0.42641375687374816,39.88682302220021,99.06882702586731,1601.7765728359798,1.4664506562939743,Healthy,144585.21221294405
87,0.3107502219319369,42.437941579587324,95.35659533107291,1599.6047203748726,1.3881537489884839,Healthy,146016.1090365455
88,0.1407146259132589,36.09779627192275,100.79276429082202,1493.4444330659758,1.6054496273350976,Healthy,145322.43742209818
89,0.35098681995600456,40.28717587301032,99.87899826935787,1471.1232867990393,0.6313164089763658,Healthy,144471.48163738832
90,0.26941550986960805,36.36404154922569,102.23608217223362,1534.8619023195156,1.416441385402798,Healthy,145092.8976613073
91,0.44539566477324455,41.519424590968335,100.28057048931583,1482.6237528740571,0.8494729313753548,Healthy,145164.96233040767
92,0.11292271455786282,39.811082571115996,99.51188889529273,1442.1722391466333,1.2431566237936351,Healthy,145995.3498087775
93,0.18946757068044634,40.83921994404824,97.3864209099771,1564.061932676149,1.1544877222598358,Healthy,145448.3188708751
94,0.17824503604023512,38.27223407882047,100.21645971046529,1560.822369363854,1.449187650295751,Healthy,145472.2224721753
95,0.05,42.558929863315505,102.21471169244849,1507.775580188178,1.32178952002162,Healthy,145840.6108171103
96,0.3192240554129152,42.0834493281177,96.56998302674842,1436.8567623135912,1.6595351520835364,Healthy,145151.92785603774
97,0.31387772110264456,41.167088606023775,100.26242126104222,1438.5236874391308,1.0780975183868826,Healthy,145527.0939805162
98,0.2643560246618255,39.74096550627312,100.69912885458845,1505.3614644209576,1.4740676502233185,Healthy,145441.930556966
99,0.21808257332497064,41.15971457059027,97.8458056491452,1475.0064482747484,1.3126669650696496,Healthy,144406.7652532153
100,0.05,38.5862148640253,98.236431085276,1482.9453533929195,0.7760795856452009,Healthy,145736.49178881492
101,0.1842042687802615,41.711111318041425,100.69183254629864,1551.0981577530001,0.9937483957764237,Healthy,144239.84910996465
102,0.20145709669464612,43.298961788647844,96.59973694512213,1536.658965871128,1.2270365899433495,Healthy,145358.68332473893
103,0.11121121282234286,42.141221119958374,101.04977114574818,1568.9071340248806,1.6083544016341849,Healthy,144091.4634815472
104,0.2410761910001315,38.54079506038518,97.3139368790224,1450.4688388311372,1.4164502506004677,Healthy,145100.61839407583
105,0.3558101713629077,40.7228346345462,103.18856107909966,1482.8404215656644,0.9297497528357858,Healthy,145680.95743907508
106,0.6539038469087728,37.413716912482705,107.0134832361649,1537.9490847730056,1.2405717982525186,Healthy,144593.5106717249
107,0.3132488958997011,41.14478062235135,97.41772959489454,1522.4039170506446,1.8906752679712424,Healthy,144521.82217857343
108,0.3315100781445529,40.901206825725076,101.60262358712403,1576.619019129381,1.3213670004522575,Healthy,144905.21999965844
109,0.2667774835134332,36.26036732093567,97.81977428535394,1521.0268352952035,1.192468994144948,Healthy,144385.30177201872
110,0.05,37.67643231217527,103.12286252139337,1592.4054552052776,1.4408552255601996,Healthy,145409.13935187142
111,0.27969722491015664,39.43372220651246,96.20422477274435,1527.0008900861571,1.5250179238745911,Healthy,144546.09612472935
112,0.298712708654872,39.39828050571835,101.44176027528314,1553.108372379433,1.1618161624226488,Healthy,144239.91524588963
113,0.7809817558303906,37.58104612916239,97.38103309933194,1483.8242526607771,1.4521057656447645,Healthy,144079.85723605216
114,0.25152780704377553,40.777957458704364,99.3790462327049,1500.7143605941994,1.2053331509987573,Healthy,143833.5257649135
115,0.3519761351333891,40.50294721788102,96.90692417455809,1545.5472201919738,1.522464947215498,Healthy,143936.12250662126
116,0.2863909793922847,39.61146173604296,102.46705141268725,1580.6489085296528,1.3602412807247186,Healthy,144024.6633031707
117,0.06126439247609361,38.488416999683274,97.48905893668123,1536.4618474655376,1.4565903481158677,Healthy,143906.1804632507
118,0.5252312295696707,42.097414252833126,101.65589277799549,1495.841411403269,1.0869116028164154,Healthy,143770.91236293144
119,0.44871993987068814,43.31081422617659,98.967705915213,1568.866751476417,1.0709474181114758,Healthy,145099.42061517623
120,0.45820638940860947,39.03287703230693,99.65658288460341,1390.401067186006,1.6036491913978184,Healthy,143484.95246175525
121,0.11978917570771885,38.77566616569036,100.44326772220039,1428.8882749246563,1.2988477522510185,Healthy,144023.3162938231
122,0.5838921955205532,40.98241533082399,97.71452598502346,1534.0817111834194,1.4108437559631417,Healthy,144196.26050488043
123,0.05,39.283941240506024,100.63110134062266,1500.7054178126562,1.2360813718740442,Healthy,144165.05399779187
124,0.4240380854267207,39.721205598673535,104.59100369306323,1530.2756825562083,1.6002846988707597,Healthy,143770.69646210875
125,0.746424458495329,41.47930630344934,97.66571564250185,1503.2203761215972,1.1509903393244358,Healthy,143629.64871407635
126,0.11189273497386237,36.18128782498542,103.51543042982154,1528.5472847301937,1.2953196280297352,Healthy,143925.77374561975
127,0.19840712074611228,42.63660464970534,104.49429290046335,1459.2798589503404,1.5744645104776063,Healthy,143783.2608249891
128,0.3332636063508616,40.145361048658685,97.55153503291587,1528.5243043039845,1.693223643082613,Healthy,143470.52058261624
129,0.21430486917676012,39.17701371087564,95.63483618472834,1549.7207264103793,1.1868722126919948,Healthy,142769.0607141378
130,0.05,39.821531691557105,100.90588270051529,1561.0275301965617,1.9345718612534315,Healthy,143266.03813883336
131,0.33204592829453883,39.924858710041036,98.35777743169938,1600.677714732435,1.4433058414414182,Healthy,142876.72491814627
132,0.10753925725477897,36.53759739311015,105.605809657489,1512.2049221751192,1.0391215214573786,Healthy,143066.42022496683
133,0.416385152793703,42.98987645490647,100.1044226214995,1513.695554342359,1.465382281243657,Healthy,143366.61161925847
134,0.1394484864865727,40.082651264541234,97.59340177589446,1423.8413767913075,1.242433568988296,Healthy,143479.3680719983
135,0.6349868810035079,40.88600426089475,96.55852146696486,1473.4294299430787,1.490220546154953,Healthy,144140.2263756462
136,0.17001600819941923,41.90309954114809,103.26971487727249,1490.3458962996694,1.3498097923685652,Healthy,142931.29681054808
137,0.26392103009219825,37.9576750848794,98.28644807774744,1552.5159776138178,1.3876154403903767,Healthy,143537.31281763758
138,0.4927034434739339,40.94694379807046,100.13148639838128,1469.4499437955185,1.094521987024156,Healthy,143252.9800122189
139,0.08549380337987561,39.464717818202416,102.86740823533744,1539.8170009874416,1.6676850358815747,Healthy,143697.9988353199
140,0.37882532025415927,41.69354155043299,98.54722494420751,1499.918914151831,1.0264951231880237,Healthy,143288.11435979782
141,0.5964285508564856,35.74554515929701,99.86221351377952,1491.1415942442618,1.0433705313785013,Healthy,142445.75928635683
142,0.05,39.80181139951746,99.95029477053244,1512.4446984566628,1.4888747714109127,Healthy,142038.47698535438
143,0.37526010503979423,38.79435868843208,102.04997353454827,1480.4421813873578,1.8621866074867242,Healthy,143005.63084983375
144,0.3919765588496847,40.86452590126831,101.77223300653098,1478.5481375953668,1.2782220708806777,Healthy,142535.7745010498
145,0.49803124102212876,40.940088374736405,99.33965880623552,1414.7607047104943,1.5969583634778564,Healthy,142259.8431270247
146,0.09594319115771693,38.58474821035595,100.19094718448956,1487.6022896336056,1.7113353863923968,Healthy,142066.21114773347
147,0.08090867738314472,38.57565227164791,98.88466296542954,1476.0015926925637,1.6364053311882207,Healthy,142730.4877487936
148,0.4510549797900462,39.778669262885344,95.56716277924167,1474.2009505325461,1.3013041799145624,Healthy,143353.85384965668
149,0.40773026797997053,38.20671554536958,100.7728025721944,1520.843653129502,1.070019318175111,Healthy,142345.663827147
150,0.40009857006917526,41.68396739090426,105.6765752824992,1532.9315976395255,0.7377357302985934,Healthy,142795.13515553766
151,0.4209563085660618,39.26158559910511,97.34884257792682,1511.6097252321165,1.3238145168279487,Healthy,142398.8668248912
152,0.2173283890176351,34.18602356135672,97.68091087119188,1549.7707595224738,1.7587595439019856,Healthy,141755.3089554483
153,0.40145073943220067,39.25035588675639,97.38781668506877,1528.7780962915183,1.0707502045714197,Healthy,142717.4056717552
154,0.4152811613264029,37.922912358312054,102.17377533616937,1485.247190509718,1.6207296209222963,Healthy,141752.6539779863
155,0.2154630497280597,36.73744836907811,101.34545636258932,1476.857185714281,1.1282875743177718,Healthy,142260.81331529678
156,0.7331549022289513,37.525146723554855,99.52438692275064,1515.6411118383423,1.4478217729160514,Healthy,142029.23979249733
157,0.4564332508490242,40.21881694366594,97.24594281508311,1528.688355495095,1.631004150913172,Healthy,142596.53871728285
158,0.12507263389280354,42.657281656496465,100.27713037491978,1569.892215351575,1.223484702281805,Healthy,141570.92450376466
159,0.49631072172676594,40.62636894772996,95.30613361799259,1559.5586522470048,1.4751454042090741,Healthy,142245.43495390099
160,0.1717303326212024,38.78699322356852,100.43027970057248,1472.9263496746416,1.3021392656490682,Healthy,141580.10129632565
161,0.5257502540818237,40.911808390341406,102.61457315826381,1494.899685993637,1.6408779310147863,Healthy,141694.4473938356
162,0.6017191158014809,39.08181937956201,96.24640259009897,1533.5508902458885,1.5025951505453912,Healthy,140082.39988622995
163,0.2075302029963246,38.61079926167371,95.40244516951101,1553.3998889029485,1.451618968995447,Healthy,142896.04928580896
164,0.5660085591821977,37.69127466353403,104.73831367508458,1546.9484734352395,1.9048383213759266,Healthy,142075.27846641312
165,0.4575561853872997,36.496342386496565,98.16472108148625,1496.8061083584328,1.6386918427104906,Healthy,141366.32625703092
166,0.5410786986655647,39.220152586881106,103.40784353783147,1437.2988673785742,1.23556110682878,Healthy,141137.6721558335
167,0.7576919298641228,40.316106979840264,99.53800700440651,1450.0531811877204,1.4195741630940049,Healthy,141402.17562356032
168,0.33092237679942593,39.80675265997022,99.51413554917602,1513.6316757159707,1.4252303644761017,Healthy,141958.43976740973
169,0.23091943379516877,39.16806614410528,101.31523809848994,1517.1112789712172,1.4747625384542304,Healthy,140603.95753720755
170,0.20543044740822863,38.10850787860644,97.34800342976068,1445.0660313282808,2.210686116315582,Healthy,141429.20779035284
171,0.22183794300691234,41.21649238336994,100.39749143048694,1502.2284805444635,1.567255567813299,Healthy,142335.32093623135
172,0.3712463247838459,37.36573616010683,98.85553175552772,1531.5612178485892,0.847895895635234,Healthy,140833.0268320161
173,0.4565637282966621,41.55205582768695,96.0385196697849,1442.4386671246427,1.2984936418182438,Healthy,141390.19251938182
174,0.44533815986600384,37.99556596214655,101.0124462241792,1555.2498600902206,0.8842883737512575,Healthy,142401.65490762886
175,0.5571033164738715,38.49512952529393,99.21007657936624,1481.1234425720088,1.3677271895529148,Healthy,141566.0758148454
176,0.3959337117089147,37.066429618768645,99.52892551466587,1562.8806556288325,0.8731402644154048,Healthy,141262.96191024274
177,0.6857068154314634,38.99719570622872,96.36951716975753,1473.327377711205,1.2105228586794716,Healthy,141403.3182274545
178,0.3437353000190755,41.95062491695596,104.77420110328842,1448.668725855791,1.0184502077764308,Healthy,140899.56733249515
179,0.9423671666512571,41.031256176887915,102.63014255915834,1477.093150507914,1.5925813867235767,Healthy,141699.81564265172
180,0.5251334695530012,41.95684422405607,102.89246765251593,1495.242593846134,1.4801618087886637,Healthy,140800.3349885499
181,0.23023515538341022,41.04428509186787,99.08366589267496,1480.576004661426,1.573555358916286,Healthy,139970.409195632
182,0.18915483372111086,37.792660342939264,94.81245133148974,1489.1999289213443,1.4539679167627755,Healthy,140704.34844802978
183,0.5014944830486371,39.33842155134489,105.85875214746854,1516.6982574838096,1.0697106749386747,Healthy,140366.63273506163
184,0.36197410960149645,38.439601741765074,99.8167074759824,1491.44103151018,1.6447230774430872,Healthy,140659.40299390128
185,0.5511334321517517,42.66114980807808,97.75360061193985,1496.6943803023996,2.0700007014141693,Healthy,140620.45797045968
186,0.504647524914709,37.606422707147374,101.25040472344934,1414.53868003987,1.618763773581964,Healthy,141298.71159990245
187,0.3971008841352921,41.78739537877822,103.50136236400989,1519.5849008005237,1.3708892868713969,Healthy,140997.6463633322
188,0.24397458971965233,41.78590774021754,99.9308483317436,1495.5398351154165,1.0729131805016996,Healthy,140731.6327437877
189,0.11203055506282711,43.65924040343217,103.83572550381813,1580.5146490241436,1.2315799087720105,Healthy,140548.5272943337
190,0.3273636762532625,39.180626814741004,103.2489998155506,1453.021741637302,1.6425785636382846,Healthy,139970.570995571
191,0.5896130921980278,41.42464431916032,96.77085643779382,1409.5852335750242,1.8312687413731457,Healthy,139359.41238116717
192,0.46281874882604085,44.563303673077684,97.97862968302157,1530.903424696502,1.5902598524165927,Healthy,140456.5800056964
193,0.17251891092426913,38.764716646132605,102.8726114898393,1517.32635091565,1.7546328535784619,Healthy,140747.32060178684
194,0.45796951850356976,36.92991950493528,91.86216230856868,1449.5783489734426,1.729636806541506,Healthy,140245.8330583777
195,0.5020634759457674,36.239979932184475,99.55163292050503,1423.5125522497954,1.6719603174157753,Healthy,139982.57283860666
196,0.24989517942644002,41.425424057722665,95.70750639512599,1576.8698365342145,1.3251245880882898,Healthy,140432.2510826071
197,0.45907835452243895,36.23369958388283,98.57033859569943,1570.7055195303392,1.5775103869258789,Healthy,140108.33389968783
198,0.4416417436892,39.25536189412416,99.10353973291238,1375.6271620646935,1.2734866588353586,Healthy,140942.87209598697
199,0.203072607100542,40.87462637407792,98.92526686627748,1477.088848537175,1.5358953525540973,Healthy,140666.36417103413
200,0.50489080540299,40.370351073659826,98.34321624366217,1583.209602739195,1.6325923926534067,Healthy,140479.75402851167
201,0.5471569052736469,40.850889728368344,96.70856905111356,1476.1968721111066,2.0396351422160564,Healthy,140328.86705710494
202,0.653276915301722,40.444579711601705,106.87573380045606,1475.4693882986674,1.1457470743563771,Healthy,139254.91629277426
203,0.6490937437403139,42.55773162662679,105.60238601248405,1485.8620336185315,1.6857856226307248,Healthy,140181.4968510263
204,0.16446612640858183,38.09536723852241,96.51380253923115,1443.955151311592,1.9883709774870786,Healthy,139988.1629788233
205,0.2541016586836421,38.64600972308294,104.7463502539107,1414.7612127885977,1.7743209964183055,Healthy,140053.21236419558
206,0.5463403867750654,38.45468110945835,98.80160352858144,1552.6273655367374,1.7992169661808457,Healthy,139946.30474340654
207,0.5477571901824418,41.660383623725224,100.38756241999513,1407.853154687616,1.7283084705603438,Healthy,139876.38129392403
208,0.5496762039278762,41.80079717679013,99.81017812030925,1512.3635726054379,1.9441670135992917,Healthy,140950.4332347748
209,1.2188796314642776,40.90245063863701,98.0207540762381,1544.3289746378825,1.2310898828996228,Healthy,139511.90716502405
210,0.5641781021386335,42.36698733377985,102.95155703081844,1427.4386850549422,1.144222000208926,Healthy,139968.16869041466
211,0.6787797947027865,37.64391826524724,100.37765959172998,1453.7865798702464,1.5607664245270898,Healthy,139214.505094868
212,0.6441336860319739,43.33444822310227,98.57034573034228,1560.6589594195796,0.9169847022618203,Healthy,139795.32079194384
213,0.5852782502611595,43.04647724342452,96.08623166859859,1526.644586011352,1.9371937412534035,Healthy,139819.65994511623
214,0.3936128177385975,41.471243994491495,97.31921495884264,1469.1357146560556,1.936881225315299,Healthy,139482.2130385677
215,0.6101271774319869,43.56359781754212,95.0758596531937,1560.1124501680586,1.4433281668079754,Healthy,140084.62347118824
216,0.3054349570924856,36.68675358464445,100.03667064524551,1560.3267861727152,1.4647688210018472,Healthy,138757.8619818198
217,0.4143029453186649,38.951103727474695,96.41000322314682,1513.4526346507853,1.5569624241214652,Healthy,138906.3895291659
218,0.36626062376751267,38.5293930786361,99.20331846244437,1454.991988606317,1.5969395284652192,Healthy,139206.19004301174
219,0.4813748278772645,41.442958647514686,104.11030556083111,1479.3275648264103,1.6221521757582857,Healthy,139490.40342674212
220,0.9295983800013684,37.89971852079571,103.59789871876475,1514.3193371977695,1.7541362987301576,Healthy,139089.71476064748
221,0.09488029481498372,41.514990298674974,99.90316931769215,1490.5702585426257,1.5375454274307898,Healthy,139592.87951825527
222,0.6072520380749027,42.741072287993426,99.73874582157055,1546.9478589117425,1.8749579910433383,Healthy,138569.15506451685
223,0.14912349242873635,41.390405800168,105.63962364826303,1423.5112959945332,1.7284509998042576,Healthy,138279.7107552557
224,0.3789469601754467,40.567502047323,101.56226836107614,1425.286823546688,1.4152442995715426,Healthy,138954.06416826826
225,0.6927901193934732,38.024253318198504,99.01658062037043,1509.0435555741217,2.000533800341229,Healthy,138711.40986194316
226,0.48952267048575926,38.30629806774927,95.72194564863864,1475.4227793096547,1.1951895708299207,Healthy,138971.43186017912
227,0.26278437774747204,42.499237810593335,101.18161965449423,1468.647569265113,1.5776835900868904,Healthy,138636.29885456676
228,0.3369392581480063,41.55869800781066,102.48797131774859,1411.5971640412802,1.8980752203226405,Healthy,138429.99010468827
229,0.6175862164536019,39.92196096124491,98.10504542645907,1500.977292239909,1.3937447351930232,Healthy,138512.53121413814
230,0.33726000698990594,39.16418090846822,100.87360826541409,1497.3622445999617,1.7062000273634788,Healthy,138514.4244473966
231,0.528291717916395,35.94838425377725,98.90928011525492,1532.673949097587,1.7790018790997144,Healthy,138297.50935007582
232,0.49578103464742945,37.85829516263112,99.447902802403,1503.4453066560486,1.360509506272295,Healthy,138298.43397683828
233,0.35801326381216986,43.82283817427945,92.53653382731301,1493.3697960879751,1.5995900174551227,Healthy,138148.20333150655
234,0.9187888178650652,37.43908885799507,99.33465578885159,1558.8500318395168,1.5770488509372371,Healthy,138728.3325599347
235,0.618450471130269,40.37895964244216,102.90810790722416,1434.3766348275726,1.4611453111169788,Healthy,138347.0105022529
236,0.08830481600181184,42.014887946390395,98.10579233330033,1526.8194609423788,2.3198357889485655,Healthy,139328.37623608438
237,0.5322908629538855,37.49015466399541,100.15757910464595,1416.4426417602326,1.4030680939663573,Healthy,138230.35227563922
238,0.3643093737129891,40.36942094956217,97.73214787992424,1458.0819059999596,1.9361457548870318,Healthy,137824.57126483566
239,0.6688200002925782,41.87583107502131,101.08132502887833,1439.3671433688344,1.5194930282689907,Healthy,139385.33768743154
240,0.34149585231345986,40.0249986438145,99.35043040739149,1539.0971267725959,1.3140091433344157,Healthy,138206.81318885717
241,0.47871937837328693,45.736806111333536,97.18227537795399,1496.7294883202303,1.6735109396131873,Healthy,138445.0623934464
242,0.6043307891294247,36.66280148224361,103.99765440299538,1499.3248377703512,1.8400613486495836,Healthy,138196.05149160125
243,0.6781510388340243,42.11745705976776,102.78679604059664,1444.6633506135274,1.9241528725197037,Healthy,138161.5055146489
244,0.2666073852555113,39.65439652520707,98.18527970821548,1485.0153252033556,2.1193461998631875,Healthy,138067.82702567623
245,0.44143308616514365,41.54384030967335,101.49336492825333,1461.8267348345444,2.5369072203138634,Healthy,137198.95771761198
246,0.4150109377678088,40.88261430339849,101.61223600846114,1519.1727507427108,1.7311542611266793,Healthy,137883.7645237807
247,0.3810008201519242,38.53368760578001,101.92690370503352,1450.4454432334194,1.45973901451905,Healthy,136987.56934807487
248,0.8664241813895527,40.45799278491868,94.91723231201476,1566.4897182602538,1.7971956313718007,Healthy,137512.81858179372
249,0.5959963421921911,36.284197097203425,103.01981962309789,1416.2209775187953,1.5841361148780526,Healthy,137187.19127171836
250,0.26448987579965755,41.206495001142784,98.2909031112228,1459.674008377172,1.9444565056223355,Healthy,137678.73509292435
251,0.7019057227442885,40.59631693198105,98.9265161996762,1583.8600254983048,1.2801840444236168,Healthy,137617.06312366913
252,0.9444312394025267,41.277320337286206,107.9136452567806,1478.2430626018984,2.3825003627201315,Healthy,137640.5729453826
253,0.728159718776896,42.1162366501743,100.90562014216303,1434.2560667797793,1.9314810950993204,Healthy,137493.64828637455
254,0.2194593401425306,40.73523968041942,98.84103257365847,1510.9535781268835,1.1721321279944839,Healthy,136996.5873291068
255,0.42815318542674974,40.29617883959655,93.38411688173228,1476.2303878892728,1.4672913293055085,Healthy,137119.49825532417
256,0.7800488965039911,38.23786332667741,104.16929240183907,1458.2064872190847,1.9274909799008482,Healthy,137660.19808062725
257,0.38679944020957713,38.5755584727019,95.9643709875742,1445.206459460064,2.0382365501847697,Healthy,137683.9283386472
258,0.6187638856292457,42.37346924035466,96.98968328950149,1638.4186802812972,1.306328711830411,Healthy,136526.60845068673
259,0.686593477352534,42.87267081141196,99.00594310273645,1487.4224049907932,1.9045744217965512,Healthy,136284.53618374368
260,0.34794723901771674,39.52377912737589,104.24923537510088,1403.7216319833562,1.1091313715347564,Healthy,136636.55530839766
261,0.5230949287876399,40.09200549450655,102.31971995999727,1574.6854879502766,1.6691992403586862,Healthy,137472.60379101612
262,0.05,38.19077125001247,99.52648747047922,1530.5535452555284,2.0322807192976287,Healthy,137507.4420150915
263,0.3334558050664753,42.34551369053489,100.92487619091646,1461.6766784490105,1.5358786143024392,Healthy,136387.6440597994
264,0.48948636972136783,41.33083364738356,98.19884292138669,1453.344045565693,1.2519233102585958,Healthy,136953.65467686817
265,0.29211003027369675,43.8824348729275,100.41896106869605,1533.6736398079115,1.7505311055799344,Healthy,137667.21566657003
266,0.8698155941196604,38.24335384564052,100.22001023433441,1487.6540836255272,1.52791767334269,Healthy,136907.65573862017
267,0.25897172440787336,39.24398420196356,102.90630968704406,1403.7011090777448,1.9008675098197507,Healthy,137360.75164261655
268,0.45865776932726987,40.462891845051146,102.90153436731686,1589.3619982302334,1.4490687370012485,Healthy,137099.36328504156
269,0.5744814487905516,41.29297907545154,101.48193214661694,1478.3004768892022,1.4855422664374034,Healthy,136094.90064688603
270,0.8382546578132231,39.568664724904735,98.9129573273617,1574.7785868241212,1.113699303737127,Healthy,136405.00928825146
271,0.26449423643077874,38.2540778190926,102.22546688317038,1563.9217478982857,1.7736500799821113,Healthy,136467.37723914592
272,0.7859660837643253,41.76281505784714,99.72409460139086,1449.9495227758594,1.6770618518503537,Healthy,136452.06669401066
273,0.5570466122039174,41.44227072509116,96.7542568938606,1551.6594932181574,1.3714845987779787,Healthy,136808.16447671928
274,0.36036493645707646,38.16745179887255,98.79013662426718,1467.427872506816,1.7888062807967942,Healthy,136504.3423811377
275,0.6507540281859875,42.71088560221099,100.25358095135297,1406.664970659803,2.041454423526575,Healthy,134781.89952811095
276,0.599811939114694,42.34039741839321,102.73064735099423,1478.7700916988929,1.671329616974315,Healthy,135543.57986345363
277,0.44162329123490773,40.268592994495584,99.44941548352854,1519.881875088814,1.8191167516132587,Healthy,135056.30954251197
278,0.5772937503313371,40.159195724752074,96.37240386628118,1476.863167600183,1.8233267082088827,Healthy,136187.68262032766
279,0.4879372806276479,41.108115542231815,100.17022504989046,1484.6475829537449,1.3827010518463119,Healthy,136170.2438247339
280,0.5893701357169162,38.276593859487484,100.34036812016966,1557.1783022464306,2.3636424128789453,Healthy,136141.61247930536
281,0.7007594682375426,40.06006295832817,100.55751288670825,1505.3246990145046,1.6080783842966482,Healthy,135470.5358661427
282,0.8872033632290703,35.69523291078164,102.7596145478633,1457.8350844357524,1.9488348605580812,Healthy,136237.07200256
283,0.3241035669012968,41.75291129100587,103.0567697202697,1535.1015161833664,1.9854312498353814,Healthy,136208.13124823428
284,0.9999400082645867,36.87701355511628,98.217367382855,1509.8837783477122,1.7154547951986079,Healthy,135172.42546639743
285,0.18458244009549957,43.006839656858,98.15156962585317,1373.9197599268978,1.9420385075178903,Healthy,135016.98089927557
286,0.54630964765955,39.3397598120671,96.87940386713358,1521.4176456885725,1.8364124332115834,Healthy,135699.93415688653
287,0.6959967746302487,39.576666036137645,102.09644701084143,1519.591435385805,1.3400414061651116,Healthy,136545.8911368067
288,0.6361983735470065,38.74453218783099,104.34646032501314,1501.006056479043,1.6683181896249735,Healthy,136449.87137109932
289,0.45712676270254793,39.42392225215585,99.05475421627322,1544.5850290534788,1.586901395960448,Healthy,135831.70218022403
290,0.5417088832618784,42.83706269029607,99.27570830582502,1466.380320783675,1.6348098209294952,Healthy,135135.00166420997
291,0.4863998130682334,35.02438268692984,104.40034767069693,1516.824989441045,1.3847990466490088,Healthy,135893.4213297443
292,0.4687937152778244,42.55393077217637,101.51667355964503,1421.6520314416323,2.116596781690476,Healthy,135173.78786759547
293,0.7582537527375384,40.676046962203415,101.30870711440316,1520.3545191699416,2.2619311297173574,Healthy,134966.24648166308
294,0.6614030971930094,37.58595670428557,96.42725048207882,1597.6529847769948,2.0774008927995227,Healthy,134228.016584189
295,0.4530847476145358,37.849375213901524,102.03618420783826,1450.257182376623,2.1678254339108096,Healthy,135301.19109917383
296,0.7732533084199835,43.352786054416406,97.21259097847073,1462.0098934006112,1.6859428822308866,Healthy,134885.0663254313
297,0.6564599041753219,38.10898624011454,96.59793944219513,1464.4992278554223,1.6011229495041892,Healthy,135198.21518976425
298,0.7592390904344587,37.69329897880808,98.95968526969986,1506.4999112900798,1.561090552623153,Healthy,133950.32115188148
299,0.7242591017180559,42.27462908472946,98.24262182965393,1446.848186357314,1.9905528102205001,Healthy,135134.91333629185
300,0.4342009978155855,40.677105752571826,99.33520091684488,1521.062368934549,1.868118915943245,Healthy,133784.4394180142
301,0.4896304586272728,38.124148846927206,95.67705509642525,1542.3419972734582,1.7795001531871388,Healthy,135493.9701266343
302,0.7527920543579857,40.43324995080924,102.87644891940302,1526.7173606726892,2.1938778965919363,Healthy,135160.94561706754
303,0.7270740530866929,37.948494632719445,103.38305888354928,1411.5792287180964,1.929482406144603,Healthy,134710.6676142877
304,0.6024863478738369,42.20164279684521,94.15797257757755,1549.7583832579303,1.5590693754104912,Healthy,135081.35993004104
305,0.6317988099950896,42.12274192974627,102.93537341699965,1546.868370712684,1.609060684592625,Healthy,134260.96286866823
306,0.8655329791576849,41.064012397643886,97.56841411053512,1541.5080686173153,2.0205979897762436,Healthy,134736.18775780743
307,0.4933523888995007,40.72332212249403,102.57092661094836,1518.6421124327912,2.1311865224630457,Healthy,135047.38701923017
308,0.7227528095673409,43.52237624973475,99.79466052200075,1511.0094657102566,1.9868374030101243,Healthy,133052.8553754543
309,0.5745614695132212,39.99937265477645,100.08632669224299,1551.6194699063199,2.3930666243616243,Healthy,134326.38782016124
310,0.5731304260212225,37.6362517491584,99.44470705173634,1596.1756743801727,2.317168816386092,Healthy,134488.67793493182
311,0.8380887037307714,40.898947825664614,103.63638761270046,1452.3479768317575,1.9616440837885623,Healthy,134351.85319112713
312,0.785083269797606,44.17209409907423,96.28123596242492,1553.9062697897386,1.580425802155549,Healthy,135128.5509131137
313,0.7843685938667944,37.970481013628294,101.82352101620502,1495.6891450996275,1.4416704131471363,Healthy,133788.04943753855
314,0.8844290947641991,39.27707446661203,103.30399049466865,1493.51634739857,1.721118809828919,Healthy,133989.4203782774
315,0.6292007683265518,40.8328920762029,102.14902024162123,1423.1734654808981,2.065964033924847,Healthy,133292.06548684576
316,0.7630572609256594,39.89219030198852,106.97409674297025,1485.7605295242302,2.390660790460248,Healthy,134955.14332563657
317,0.5662799820146421,38.03539283924537,98.4131597118259,1450.1367521015793,1.9705674436565734,Healthy,134026.8549286956
318,0.6948332704976884,42.24371571246094,102.8719144677806,1476.8072785247027,2.1986168382693707,Healthy,133880.79555598163
319,0.6056380557931298,44.64008144403452,99.68172809397574,1445.0906808110926,1.777074420810326,Healthy,134023.75865884466
320,0.652732526331877,40.39226291804781,103.70021822905801,1477.5545806343496,2.0401640709015987,Healthy,134318.11791421517
321,0.7540314050873828,38.191863420528,99.97693301283589,1479.6944821488298,2.1030070488431516,Healthy,134123.68170175806
322,0.4730225300199721,36.90207894989305,98.83637265441259,1504.83774592194,1.2647883839109082,Healthy,135223.94210677853
323,1.0568107884704254,40.515951962442365,103.91821661161488,1419.2625068854334,1.7373016926203801,Healthy,134076.9679442019
324,0.4387965237000596,42.20775468663251,98.5253141829432,1427.7240926127338,2.148910115283361,Healthy,133567.37728541545
325,0.3988289441091203,40.95033549299076,95.76182272329834,1518.0957135365263,1.9490071673576361,Healthy,133469.32163123804
326,0.8749555080333469,39.99519231816229,98.44945935047852,1460.128094146495,1.5103788188880534,Healthy,133503.6205237916
327,0.8033325387925871,38.821456696421386,101.8570988397656,1553.7264895114965,1.142963287281793,Healthy,132899.0815376851
328,0.7714906300770976,37.81567273456382,104.17611625476127,1511.2634861007523,1.764932443076065,Healthy,133619.93210374578
329,0.7740024351861893,41.66950265264976,100.33338812588954,1530.3381075103205,1.8558576254651695,Healthy,133941.73405310445
330,0.6475506454306171,41.82754324277117,103.95459120170207,1570.5346160210447,1.6148231150514962,Healthy,133193.3181996884
331,0.4722157923695004,36.908540426618536,95.92547523556722,1484.5144594096714,1.925592147775065,Healthy,133046.30997185793
332,0.6684942449720785,43.17967795636137,98.67020960554629,1471.2756647291862,2.037249357503202,Healthy,134157.97257314713
333,0.5195676576975776,41.148142441788,99.1342746485377,1543.5851292799407,2.0892061512178697,Healthy,132636.75842168942
334,0.8516906133502169,42.79918929029159,99.65632171758244,1525.4756781964843,1.18389098918697,Healthy,132266.09081176136
335,0.6289218570329056,37.31574450302977,100.2522831647506,1490.633484508935,1.4990478039908972,Healthy,132673.54902817632
336,0.4949005606414977,37.26835168916912,102.07273287217657,1569.572898347797,1.8046132054935793,Healthy,132429.78364143785
337,0.5973894983360679,39.70206138046541,98.66557948548854,1489.3877845080035,2.070318605977906,Healthy,133343.1130320523
338,0.7459196241884583,41.005568853790386,100.41708606085938,1501.6386818777892,2.048103537398344,Healthy,132919.6477497752
339,0.5522550894392051,43.59272164585393,99.86463132902784,1501.0611325417128,2.0455609843630027,Healthy,132940.15647748808
340,0.5022225875533803,41.41215782763026,97.22233028832655,1453.2703052550764,1.7916412840759872,Healthy,133576.46708848738
341,0.7170707756317158,39.514637446375936,99.65899993275569,1503.8792694743195,1.8110433021403451,Healthy,132604.33256941862
342,0.7189933142217446,37.94726158466822,99.56902141030865,1569.8380088699246,1.6935012194734778,Healthy,133287.54470587283
343,0.5702780315924407,42.4600011454383,99.50475830499086,1522.2484157688089,2.145124905098421,Healthy,133605.6613996016
344,0.5791256722096688,38.07058914849857,100.09527836974435,1501.5531713199466,1.64118669701146,Healthy,132572.16875099318
345,0.7214099874715273,43.256937109544644,100.22702062184015,1491.9116359417164,2.175010918556871,Healthy,133118.51142777817
346,0.3870497983672018,39.43123070078698,98.70311446267802,1516.5433514203175,1.9850226381079605,Healthy,132579.0910437355
347,0.3968405784580223,43.1811641452357,103.8181442019138,1537.4883314244591,1.9118199897967874,Healthy,133112.0490644204
348,0.5363111557495128,41.35786258011856,96.49155811239095,1530.4619415444877,1.73098688006706,Healthy,131814.25540621186
349,0.6389772363242971,39.72600902111508,97.83708967459032,1483.4067569089011,1.524004108317429,Healthy,131727.24387743731
350,0.7455148464529343,38.96120725634775,108.33989087267067,1516.2390797055057,1.7390375064199197,Healthy,132304.36614254623
351,0.9800712433899105,39.31818424530784,96.88602593503231,1523.996987057414,1.836997939412534,Healthy,132005.53759547012
352,0.8581985913070705,40.856633384750474,95.93873597587073,1449.6402506236511,1.2279593731922913,Healthy,132141.64544528504
353,0.6563456273406479,40.154312992435436,102.20343023500365,1508.4115270591847,1.882126786732934,Healthy,132240.23670877644
354,0.6861967584194621,38.81237718386259,93.76864043867837,1391.934805684882,2.2213072104078018,Healthy,132660.00676591814
355,0.4911607937391049,39.66873717936473,99.29417827008268,1524.1266854910593,2.1168320382968284,Healthy,132046.16971071702
356,0.6896307061348553,40.1571540594383,106.43747477522946,1533.017152728134,1.8004715706108811,Healthy,131788.06934468847
357,0.6372682722159723,35.74253181117037,95.3651922335398,1537.3773062893229,1.9660808895245683,Healthy,131974.24331162055
358,0.7612103787342845,40.9163362295774,94.05410654278386,1480.2476573915217,1.7878172958400669,Healthy,131715.42736009668
359,0.5328871446228688,38.04055755056638,95.50245639412691,1515.4523417512016,2.0019615533340422,Healthy,131582.99724896863
360,0.8038693028482344,37.69333519358851,102.69507870504096,1571.1976922770584,2.4220323471232095,Healthy,131193.4915932115
361,1.0082144492671823,36.62531130577858,103.37433015995744,1570.688482414563,2.2532163074541294,Healthy,131984.73905811054
362,0.6815813036419618,36.41221500426422,98.46223360906447,1498.541365038672,2.121571625041159,Healthy,131615.64714670146
363,0.7853423444197882,37.289104993775425,102.0496372120032,1506.965981536478,1.8201345262848845,Healthy,132333.13936961733
364,0.8446954650088891,38.58195808473902,104.17076598253597,1555.5455572367216,2.1956481845501186,Healthy,131076.30195397054
365,0.6280892389561661,43.90651827505314,105.36203924328947,1424.9598992368913,1.4672702479214175,Healthy,131478.95822247607
366,0.7548184963620833,38.94824064820959,99.26099415646046,1483.8462128661488,1.900293955402733,Healthy,132606.45361032936
367,0.7141851468230257,40.355500212536064,93.09558484699004,1566.778522776838,2.153780092613852,Healthy,131180.1952414511
368,0.7328685530430996,40.80096277301266,97.53736323277094,1548.7600270842383,2.2034596975476584,Healthy,131481.73337395192
369,0.5603980432289066,40.2621303724317,98.71958741519423,1518.4631888824952,2.1849653470647223,Healthy,130942.07800858731
370,0.7215687015184552,39.84511307854801,99.22318361026483,1424.708379733469,2.075115873429575,Healthy,130825.78624360952
371,0.8179329915824232,37.60941247280151,99.43642179697385,1497.5044883479418,1.9306158396081683,Healthy,132223.65549154385
372,1.0102287215590082,42.90185509655842,103.356683793792,1470.5042301875033,2.1533927909479464,Healthy,131485.51974631858
373,0.913520831883708,43.61439328727577,103.82328528006275,1516.5519451408607,1.7088083544907766,Healthy,131416.8394191188
374,1.1539698248356447,36.63468261175463,99.48497903822565,1459.532665760256,1.7439301543453583,Healthy,130451.84188244189
375,0.5715304874223901,37.95194281822724,103.29545462815545,1448.7138302512697,2.018520402938089,Healthy,131429.37069405415
376,0.9011307940108022,39.44037931524599,101.07298409989326,1396.7567361158178,2.0546259594792904,Healthy,131778.71097299692
377,0.7650017344810037,38.070924410179614,100.19351791858772,1561.090234248835,1.4576487797639397,Healthy,131724.73853041427
378,1.1679605866435345,41.01193110691173,102.71963247132989,1480.0114744278471,2.1445439142848555,Healthy,131434.16661480308
379,0.5700070095956362,38.54345559518677,100.21675614471374,1507.8572891851268,2.2424851800424843,Healthy,130485.2572112023
380,0.5653889648971782,44.330112135613206,106.17343353129328,1499.888094176291,1.9901477620934451,Healthy,131156.5617085965
381,0.6151214709111955,42.38109718868719,95.68476649961632,1446.628303351975,2.7283398849851976,Healthy,131283.7924802383
382,0.3118875218047052,40.42514806126443,98.45448730272395,1437.0467544275903,1.8137861347721105,Healthy,130002.77820745554
383,0.6331823289971812,42.05397252663946,99.62044330913815,1449.7342437001382,1.913007184317273,Healthy,130289.36020425911
384,0.5881734676892604,42.21180084871462,101.31835807137398,1463.8415780585303,1.9054799281618373,Healthy,131244.07866087172
385,0.7717454239619082,38.87210502388351,103.80388146130926,1518.3303123506903,2.0038103832793612,Healthy,131188.02288833595
386,0.8116845284887653,38.36756551091607,99.92680429829153,1460.2141168239693,1.9307158894434464,Healthy,129925.7084831893
387,1.1202341678431773,40.156286125939296,95.73331105148138,1587.324531579731,1.6099568366185384,Healthy,131047.51072963458
388,0.9367514343038766,41.72327224899589,102.52754168936501,1551.3575517946576,1.8707021777957238,Healthy,130647.6516995768
389,0.6329526022008528,40.27812079730683,102.26487629842589,1540.4179774832853,2.0080471246011107,Healthy,130940.50447730358
390,0.5703170657303284,36.84600703561801,94.17442402186178,1494.0170548763424,2.4085716246185993,Healthy,130182.73933828303
391,0.8500505009679677,38.39435111209831,99.9885875989876,1575.7140367860243,2.7033396486785404,Healthy,130772.59174824045
392,0.4892866919292049,39.852054272811245,95.2295745079591,1489.0997184439439,2.4459755026885297,Healthy,130821.91438724281
393,1.1212917531708708,39.84866879134834,98.00604670749381,1498.4369292922877,1.8153862910982181,Healthy,130174.33253227215
394,0.992554690810924,43.94508435357962,97.2915732191116,1508.4987269874634,1.8419237834788167,Healthy,130308.87627308664
395,0.6644982029123923,37.228024115202004,102.42779409472595,1535.0911520271673,2.005534760080528,Healthy,129925.73918524767
396,0.4173730941818245,41.01117848367175,100.35049052251655,1531.8454039501494,2.591367666656076,Healthy,131025.81947434293
397,1.0324411414997492,42.97822621665658,96.14322699773192,1476.2437360777699,2.0090394510120984,Healthy,130089.86403033712
398,0.7404253642828097,44.54289949084559,102.64019788887202,1473.3503140287023,1.6630810861721042,Healthy,129638.9878374114
399,1.0125632623946923,39.191205153632076,95.69858252821476,1531.9951478576043,1.9136468589140896,Healthy,129692.08704306262
400,0.44778113490779314,40.9828589054404,100.99034137141282,1535.7618291945616,2.2937834672124917,Healthy,130063.38530057106
401,0.6484583287425786,41.13952071439729,97.55796799212533,1480.3324437588565,2.2763154164021593,Healthy,130326.6655858891
402,0.7710487399436367,40.39096346310658,98.90296875240844,1420.6405965160773,2.011935000052503,Healthy,129232.08657742474
403,0.781062785419615,39.802309597521386,101.51281224411515,1489.6341951995878,2.2796910687346754,Healthy,130773.83000147123
404,0.6833202390374846,40.871950779000095,101.56434819717859,1531.176289941293,1.3953816725692838,Healthy,129954.3376470278
405,0.8995699864694998,34.93550782956063,104.01090722066787,1590.270842320989,2.1111487705098093,Healthy,129983.22798648471
406,0.5631425807901478,41.36413898012526,99.75323890098564,1440.102101882967,2.3408722930772554,Healthy,129651.40522808828
407,0.7498574363290745,40.25235580732394,100.91935258889002,1478.6714373584714,1.8354743507869726,Healthy,129659.62948367557
408,0.8040591263423797,39.55505020644347,98.68678803278702,1480.529821923731,1.8370984390511138,Healthy,129525.8584310363
409,0.8845544334784164,44.09372439143912,100.54596964786839,1567.790266971575,1.5307322208376237,Healthy,130058.89798451799
410,0.9256563089511113,38.6501319624189,101.31845814402554,1498.2529249770685,2.5703020117765414,Healthy,129496.03570627331
411,0.5600715816324262,39.19384802186994,99.70507045763688,1454.6336720313868,1.8799538068935302,Healthy,129833.52510924636
412,0.47984383251954216,43.98310660440947,94.58874854772252,1527.9347641460909,2.1709796500253,Healthy,129183.07623832372
413,1.0438686977130351,38.33587739030029,100.99441268899268,1479.7680739979528,2.2825084457783458,Healthy,129447.82026415615
414,0.8564628023959183,38.899769434126924,101.09368443206637,1438.7806363321022,2.557620384742436,Healthy,128898.03982788029
415,0.6419693593553559,39.7059491531383,97.95947957095615,1455.3613346361924,2.060497334470976,Healthy,129858.26411627478
416,1.103563728437838,41.681468964259096,96.14683889178245,1586.702097721131,1.9475043951998077,Healthy,128783.12637964044
417,0.8181349268585718,40.41560501470663,104.4276374515119,1519.210461082473,2.163920294571166,Healthy,128987.51027786934
418,1.032526103479432,37.41474930569547,101.47433653268321,1505.3880027726273,2.4998907496293525,Healthy,128942.51979377263
419,0.811837029615355,38.93566287374562,99.31275690723487,1487.5053132093976,2.066281573913098,Healthy,128873.02430616312
420,1.2121495849763975,38.785291133575576,96.58890135055753,1514.60744210594,1.8335392755247772,Healthy,129361.24788472147
421,1.1527348351553075,39.84555790955391,97.53455551473596,1514.0117973001247,1.6604393241720579,Healthy,128791.67111763167
422,0.7535405036375187,40.85168731725966,103.90777119035869,1514.6084414103664,1.7589441179517658,Healthy,129596.96226527053
423,0.9993141901908711,40.83641151177594,100.41298582260414,1505.7422545138877,2.3873174492219995,Healthy,128440.76245693491
424,0.9357418565836961,36.4479764919032,98.34823879899788,1543.4399169152775,2.0344793237746233,Healthy,128884.68873497135
425,1.082059644839803,42.12788197512171,101.52906769367397,1501.1552173000366,1.9510770603571201,Healthy,128362.1070053437
426,0.6170153078839791,40.50513769199325,97.55680543766103,1451.103058222368,1.9212098330448175,Healthy,128910.48639126573
427,0.9488769586663546,42.769064095187815,104.50252909084114,1469.3788554549567,2.164180424726721,Healthy,128642.02513651161
428,1.025018230703251,40.88839665458134,104.05840160469018,1401.0490653255144,2.069496805203658,Healthy,128522.46897765076
429,0.4632521027153771,42.20264591547152,98.60027778639167,1601.3408558021197,2.062060356884224,Healthy,129144.23748325177
430,0.5800149641335116,40.93309062290025,98.11398925890742,1543.1377295976342,2.5514638450098883,Healthy,128172.82906447245
431,0.4104868977813131,42.6924515124055,92.14560040392315,1458.496475243538,2.6107382178918233,Healthy,128743.257578809
432,0.7661186331110884,41.04450127203556,95.5552576853459,1485.907757530145,1.6689934981273011,Healthy,128015.5200436626
433,0.9651751178258592,39.80416950711419,95.98159067512672,1468.1561762896783,2.2529444860095538,Healthy,128406.34260008018
434,1.123804743752539,44.54486944089376,100.40557102296216,1577.1273605687059,1.9242747037469157,Healthy,127702.21233588828
435,0.839818956083955,41.77807424455978,99.02129888667592,1429.0061417864536,2.085524665841672,Healthy,127918.74142684662
436,1.1523897757809252,41.147488842008826,95.96399353775428,1505.7238029409389,2.2554501822046746,Healthy,128158.92847721357
437,0.552313041690355,37.447391166923325,99.15650787260633,1494.5736078717575,2.1015173582540574,Healthy,129057.32458366154
438,0.489323512128969,37.423384765072925,101.51601144294204,1541.3419315354556,2.2371379641882903,Healthy,128150.4019352299
439,0.820557126887343,40.58543096428371,101.58351804974676,1494.7995386137652,2.3725577284762416,Healthy,128877.33415793335
440,0.9101464231211949,40.29104239553648,94.30098915742336,1412.0895561672282,2.2617063734954295,Healthy,128110.16164584545
441,0.8284610503811813,38.77175486998337,99.61520955854851,1487.444108267878,1.9819491087497132,Healthy,127756.45787776253
442,0.4231782466586913,40.28196539922412,95.84997766908516,1451.3918891028338,1.9899067845755694,Healthy,128669.67826130035
443,0.8205093254307756,43.17725385608719,102.70518609142083,1503.978977327828,1.7494217443479227,Healthy,128068.5088110367
444,0.5791060998990294,41.3908049491006,102.3524392490605,1571.7088518260164,1.9278239107437847,Healthy,127478.63920305864
445,0.9756011764326744,37.717982980494526,97.30591832102662,1413.028737788386,2.775287175236225,Healthy,127985.28572970015
446,0.916652982552703,39.77698234571411,97.7018643927988,1459.9888632300049,1.95173226110476,Healthy,127553.7026250462
447,0.6570240427345289,38.39006703829488,98.61619884850508,1472.365352310825,1.8339863562668541,Healthy,126655.48290191435
448,0.7438932831993279,39.22460016718288,93.24161981580599,1480.9184452293393,2.2906450252200985,Healthy,128067.98657963281
449,0.636490628955543,39.172768668740716,101.00790452032173,1537.0062832052622,2.1642239055457755,Healthy,128097.46702782097
450,0.8374641805453656,39.04470883479199,99.18146636097961,1491.3227791219306,2.1413220289452326,Healthy,128418.97101499613
451,1.0426951307669143,37.48972925605321,102.91052524770357,1520.7901362860223,2.6253804565902934,Healthy,127661.07184609763
452,0.6561881240662246,39.74469063696362,96.70477234611234,1468.7113478134113,2.370071336000843,Healthy,127275.63828795873
453,0.9558093031035688,38.87878472630538,98.1426311552502,1511.496217270897,2.0490021204889577,Healthy,127767.49471368929
454,0.7506151429921784,34.141102619995465,95.48042422588266,1538.8898815438858,2.0833238913891328,Healthy,127724.91018265946
455,0.6997587668808645,44.10594404900333,96.98712830951725,1463.3850225131455,2.062557379161628,Healthy,128069.14059156821
456,0.8385939280090884,42.177539308433346,96.45405401179535,1539.0679059903257,2.4784218864740772,Healthy,127177.68618846677
457,0.6546182021827918,39.24739855015001,102.98792103653933,1502.6186384363784,2.126222377830725,Healthy,127067.2105137162
458,0.752603472263897,40.0376380994812,97.90521445374583,1552.2730120241126,1.6833872825970881,Healthy,126742.22779012074
459,0.6254244214822303,37.65669130536487,100.37252705423384,1489.9290049961514,2.209504096379697,Healthy,127318.7310433626
460,1.2596116932499446,43.39144575562173,98.85770978841458,1519.062232758105,1.7655588663282877,Healthy,126225.86916588458
461,0.875386043727679,43.79457738954622,96.19160420196157,1497.9696884160735,2.8846025138598037,Healthy,127338.04368643128
462,0.7300548984014829,40.31338745649305,99.49509873048507,1495.189386897971,1.942299625845831,Healthy,127193.9175609329
463,0.914462648813511,42.04706128837069,101.79730999559078,1512.9465214112845,2.1861072370593475,Healthy,127142.53510122918
464,0.8508677233951675,40.35057355786785,96.37672182236994,1526.8403734612452,2.3147941537436743,Healthy,126869.11261825092
465,0.8308060800933554,37.32654912224814,102.42733837219414,1437.5217544037998,2.153402551796231,Healthy,127516.48912376554
466,0.9995000066753517,39.17635326207269,97.45083723556691,1571.6816804408938,2.155657546226809,Healthy,127135.99673271344
467,1.0298348753427944,40.263855933543915,98.55104822178147,1407.01684797251,2.3718815191815965,Healthy,126346.46140431215
468,0.7738997704778945,39.09090456251311,101.59204936903015,1465.7593945130552,2.705864787638884,Healthy,126305.41047515118
469,0.7665030185377306,39.56269344512993,98.00969152834153,1495.286546461755,2.480919391211856,Healthy,126110.16309329268
470,0.8283229939030046,39.81720088498177,100.1127245780076,1520.6177984542974,2.696887496905396,Healthy,126775.64166638779
471,0.424615767052883,39.838243004269074,99.05592751363572,1578.808626387069,1.9420142675719496,Healthy,125949.93053938002
472,0.5836284542269561,40.104516980994966,100.38810402011146,1407.0854255887446,2.353875456643275,Healthy,126941.69607179168
473,1.1617081868222383,37.8787898672068,92.8577826834295,1474.6152935805144,2.307907148950817,Healthy,127011.48665417277
474,1.2189935427002567,38.56596770174413,94.51095455437576,1393.6583256100366,2.3693273875030205,Healthy,125860.49186552477
475,0.8418594587553909,37.43083146860006,101.84790101814052,1501.5810986955123,2.6795362578573383,Healthy,126157.22573270358
476,1.0086447259444866,41.955631099372404,103.11154421694715,1513.5841792250014,2.2030965883957174,Healthy,126208.31049068121
477,0.9572500309087072,35.788706116319354,97.26853988940543,1579.5397871085627,2.1503489900337738,Healthy,126591.99158023484
478,1.512442828357714,42.30718068663385,99.2679149434866,1506.0317380446727,2.4348609058922657,Healthy,126904.67168780493
479,1.1222483156202487,42.77269879452569,100.8841577587069,1552.201256472119,1.7438725150635792,Healthy,125207.2538035657
480,0.8744164817038467,39.395638826034755,102.0796528049761,1529.191854076953,2.208944385263347,Healthy,125840.90964123666
481,0.7105585785465814,34.7937258243454,93.91696818498745,1478.2375901497417,2.242407359881031,Healthy,125816.99165221983
482,0.582044069281819,39.27737887606542,97.34187925906487,1429.551962660398,2.009225748441256,Healthy,125199.66507255673
483,0.9456927271734447,39.871631677422364,99.00226186045037,1513.7501149145905,2.6051177034069735,Healthy,125607.44499034797
484,0.755396517609806,37.978803560142175,102.10942059170814,1425.394899142732,1.9719945714636813,Healthy,126013.88447217531
485,0.6238825914137984,38.96956321238351,107.49529145116449,1564.7603536334823,2.252571418824194,Healthy,125610.66054858023
486,0.7806854231514947,43.0603903977267,99.31598281957085,1491.8968948981587,2.3839471675968906,Healthy,124927.6894156963
487,0.6953570659437877,41.32985432460348,95.77906761368803,1559.7588705755709,2.704702135109502,Healthy,127087.04134900495
488,1.2507616603478462,38.1508717712438,101.2068042316039,1475.98927829338,2.298166402869077,Healthy,125733.08893260208
489,1.0913279513898901,36.80480166080913,103.96298736862212,1513.4425393200495,2.5848460782384635,Healthy,125605.84706505334
490,0.9150721384033431,39.345965364780454,100.3240423629385,1510.4674428667345,2.5168452858498047,Healthy,124951.03681846648
491,1.2143221611113384,39.573086441299125,97.28005436453712,1497.7477940994538,2.3463706001840756,Healthy,125580.35308098563
492,0.9354736615295237,40.99239837472663,102.87398182444005,1478.3670243301704,1.9851459775179636,Healthy,125317.89310797925
493,0.7494098264010138,38.92936657486468,101.99063685549531,1519.622800923526,1.884292408395362,Healthy,124405.7382936423
494,1.2279581487872648,41.02299915072372,96.92175746741313,1453.6918368258396,2.349284953759089,Healthy,124764.8722799928
495,1.0327820087369317,43.87030808012046,101.14427685260303,1439.5282335520471,2.157190937829216,Healthy,125647.46300883697
496,0.7192174358013753,41.631002044888525,102.99179670297661,1562.1413446663414,2.598444994171054,Healthy,126172.00882500022
497,0.8902655977166116,39.90382298533846,103.54567012767669,1536.358399444605,2.549090288762906,Healthy,125333.58270252153
498,0.7548763493230486,39.63369905789341,99.80065307407163,1503.294580430112,2.2726167016688854,Healthy,125651.54163914669
499,0.6551067204737995,39.28665373164026,98.92576166146205,1583.257119127189,1.983352789484286,Healthy,124972.1223457084
500,1.1185688428396614,42.36128182490429,103.68182146624379,1486.6117240637577,2.486553998215515,Healthy,124956.7269196597
501,1.3168833280940262,38.7453731080974,96.36951849105735,1566.135160999449,2.030615166159455,Healthy,125495.48951380973
502,0.6569531519028384,40.090445417999966,101.31573787276302,1508.778704246291,2.1111274897874073,Healthy,125731.38864458974
503,1.0509271806714473,40.10239580376217,95.88992011790671,1448.7624624961804,2.047508611868787,Healthy,125500.54834673282
504,0.8098714861756346,38.99643161437694,103.19612881677881,1592.4020095885426,2.3024496934180143,Healthy,124266.8184623076
505,0.8442415899137274,37.2550689042318,99.22586345316651,1549.5355423312042,2.6977243668878352,Healthy,124716.52055484238
506,0.8248545484855594,40.64594900723534,103.80574970694241,1493.9489484495218,2.3478210722662745,Healthy,124838.76234223814
507,0.7722018460640369,39.87799205628923,101.47423826906657,1536.3585629766974,2.2190343922716917,Healthy,124520.16101824623
508,0.956370992255632,41.00048093887314,96.3303393098142,1479.8148283001046,1.8969821876530935,Healthy,124793.9287717078
509,0.7821433100511257,38.93279938712167,104.27388319623174,1541.457451752977,2.522970708752286,Healthy,124960.28840583448
510,1.0040913651559678,42.44164259762609,104.65373579928318,1380.446071735802,2.125878618221412,Healthy,125001.40487597758
511,0.9416190447768392,38.24645243757631,102.64685947779765,1449.0099333152702,2.397921952414096,Healthy,125292.93507611076
512,0.9055437239600513,43.424080568035784,97.71523640489134,1548.9629872143482,2.259067748558341,Healthy,124235.27944763759
513,0.7734872675916805,36.50472698034348,99.08195813692777,1487.5172230890541,2.6194531658798317,Healthy,123667.98341758034
514,0.8413124005530002,40.86954012911378,100.43628165221727,1510.377114744437,2.323495749058101,Healthy,124479.11729700722
515,1.1094115784984844,40.95086136505325,97.8888688020057,1432.6607168942282,2.3556554269764174,Healthy,125191.9055155924
516,1.060183437524876,38.40888586411823,105.07703971738961,1592.393349785105,2.5217241442366376,Healthy,123961.51207002297
517,0.7661556177069564,40.848787875722024,100.43297941517811,1559.5264821858839,3.0107487213456223,Healthy,124493.42348853186
518,0.9831997944191785,42.559037339520316,91.88995585867792,1489.9657390812336,2.6478674124408994,Healthy,124447.87289623632
519,1.1152774246743578,35.56636232129187,101.01806743826866,1479.7652071568336,2.357418168095417,Healthy,124145.7210236723
520,0.6327856104423923,41.00548961498163,98.95552780954806,1551.4802180709846,2.387626063851253,Healthy,124003.46236052185
521,1.0770053718093202,35.01345835933984,99.77522033164466,1599.1235225084463,2.231875495236003,Healthy,123488.2853971393
522,0.8374752482108305,38.068670392953585,98.8941419026429,1547.6880127905677,2.107001288944091,Healthy,122759.1689637897
523,1.0857864003852986,43.25833272980189,102.42113924982006,1608.59013336983,2.2288414305467703,Healthy,123294.07464666798
524,0.8206815020248299,38.836435933215895,103.35906333566014,1453.8824335469042,2.1656886442197503,Healthy,123604.84792544415
525,0.6140235798670961,37.65224007118206,100.84915948677596,1459.0306584750604,2.5960105151387656,Healthy,124298.71134371136
526,0.6511581790900342,39.60412454203064,98.98206643858552,1440.5529440973326,2.0813082093059707,Healthy,123648.43596882431
527,0.9879503226656097,44.135812676327106,99.87598838557248,1522.0880324824739,2.805296501747346,Healthy,123390.48714054092
528,1.0319445003442962,36.33663550558795,100.05879884973288,1508.7801774902184,2.633613915085649,Healthy,123154.50727902328
529,0.8008033416457849,37.89738017672131,97.5927098804055,1492.4024438264007,2.416817185476967,Healthy,123878.40291425474
530,1.1110518250888082,42.994863366359255,101.7367859457137,1540.462931406165,2.4134289167728538,Healthy,124179.1785832153
531,0.652695987546208,43.71540468707546,101.3801269715814,1561.6164302607333,2.2488156071156338,Healthy,123981.71786093373
532,0.9734507069372034,39.793137551419434,104.62132371933002,1423.7168795356579,2.499691990070996,Healthy,123703.07484987924
533,0.7461300933808419,37.521894594946716,103.76604934086542,1470.1513986049442,2.74776107229591,Healthy,122612.19362680853
534,0.8596327784395681,44.19168700361832,97.94297524722961,1541.007179706153,2.2130530613232557,Healthy,123124.16287857812
535,1.0011464009299496,43.188884783498395,102.4608951235269,1476.6130658070708,1.9666490399910477,Healthy,124223.65211444483
536,0.8212506602765428,41.35789397552447,97.14713985071658,1460.0896961820922,2.640298809790356,Healthy,123760.97524595761
537,0.9180888911540349,38.37519530212516,102.08779630282255,1550.9268713825197,2.52930979227314,Healthy,122381.24839088264
538,1.1979252285095547,39.90194131832393,98.45015740371967,1435.524996513801,2.098607026234313,Healthy,123072.20473840037
539,0.8829549594287035,39.679279837910336,96.93024032987324,1484.9210096104448,2.2173159220590977,Healthy,123231.54921633052
540,1.1671384224130283,40.661702609231156,100.84013602809222,1516.4322012902405,2.182268717784958,Healthy,122618.92076848689
541,0.775725295735143,42.90200287626267,91.97629861553757,1471.309004304494,2.225306985956392,Healthy,121795.39798929557
542,1.10929416891639,41.75883408227481,94.74707327678432,1539.1577828006587,2.348228507120977,Healthy,122949.41202250822
543,1.2933137241315802,37.84524784603048,99.46752434867714,1471.5561512401316,2.3680358087157756,Healthy,122456.12087118978
544,0.512337766641209,42.752992900039075,100.24732529990453,1570.4309746722959,2.2554285701461287,Healthy,122408.07913045766
545,0.848954282239238,40.62626428002631,98.89204368952544,1493.7126851252115,2.225884187483355,Healthy,122572.65982003462
546,1.125414425436108,41.374131591717834,95.2616911038472,1533.5635068352676,2.3873646968241857,Healthy,122633.1620426726
547,0.9710575894580682,42.933081718557204,97.54632447358448,1537.3011976491407,2.508974127124535,Healthy,122645.45860295216
548,1.0875625080075952,37.7768395009729,101.17362798171219,1468.6229998627964,2.3664443724238797,Healthy,122158.005050539
549,0.894202962656836,39.92834884258708,101.74534531188509,1397.3256725672056,2.8116001070023904,Healthy,122439.89523518296
550,1.0339846241612465,38.93709089728157,99.95133064721217,1518.0377877331916,2.6190929809929027,Healthy,121621.28831479863
551,0.9871978862549174,36.86428114926909,103.47050134311097,1503.6144173562434,1.9920795762757244,Healthy,122605.51953268403
552,1.2535564123319616,40.69341995520984,101.1921910703777,1527.7913013787563,2.629118329624156,Healthy,120971.86229332942
553,1.0725508353269093,45.023113103168846,97.75763303812536,1488.6736263808582,2.6563298614423414,Healthy,122205.2549597832
554,1.090853865748374,36.319844510988496,99.15849383976514,1478.478615059964,2.3469128428960757,Healthy,122759.59307683847
555,0.9426246067755066,39.93543877790106,95.79140152837644,1600.4236505490849,2.0314407238090535,Healthy,121720.32965636259
556,0.9291454218521679,41.281085870149546,99.67558302882576,1426.3822969244611,2.4850866944900076,Healthy,122558.2151018287
557,0.9418216957694091,40.24615640331236,103.33630185766401,1536.697523918212,2.4830207378886597,Healthy,122727.86635606045
558,1.1088904284756593,39.77374389496852,102.0558702541329,1471.2699070908304,2.1515061290400417,Healthy,120446.0500237513
559,0.9474697705026142,37.40156727310835,104.20602797775737,1483.211069112979,2.0553009017886863,Healthy,121974.31854821213
560,1.091288304712616,40.46557348588033,99.09134426860302,1484.1448583713018,2.4670672693973015,Healthy,120562.11328618586
561,1.450080159729088,38.48647204596815,104.03829938354278,1459.828286291437,2.4260768423847536,Healthy,121890.89577721452
562,1.2108916073530052,35.620156590042896,99.4200873206561,1528.561210511812,2.3734870570699487,Healthy,121896.41439450934
563,0.9731286268997651,42.38918444102746,104.41475524770968,1569.532179797498,2.4763101129093648,Healthy,120608.72800704458
564,1.280242784432789,41.916771639684086,99.93442975767363,1523.500683062333,2.1731670878539044,Healthy,122762.41918103994
565,0.9600515920623565,40.10332195370216,102.12169412141283,1505.1690998106048,2.3762204828068327,Healthy,121893.00790381731
566,0.6357084262977626,40.458149376411406,104.42533709292957,1450.6779750450378,2.6693308425176374,Healthy,121275.48828395898
567,0.8433827378165193,42.148636025431124,99.41971711425639,1525.8412632912225,2.4070089758946134,Healthy,122382.68971374926
568,0.6725082824614954,40.44867931355616,100.65516696263252,1607.817481586465,2.013074925128901,Healthy,120702.19338967884
569,0.9780306365250716,41.80803510952263,103.8665902756189,1480.9652688102453,2.375525650016262,Healthy,120935.41448324083
570,1.0536836758379104,39.4050355982523,99.6009905082098,1481.2008210324068,2.198952460947942,Healthy,120350.27223816505
571,1.3869541291217233,42.62396747714789,96.03732315248152,1471.94554345095,2.602807555605186,Healthy,122350.52259826967
572,1.118718808086166,40.64157145186537,106.42902116375473,1475.529288275279,2.620984554347461,Healthy,121566.173185736
573,1.0111798942382273,40.38810388721175,98.59070660698859,1362.7350223163808,2.030367612474191,Healthy,121679.70089492424
574,1.2225477829033644,37.45987782257593,100.47626815281262,1520.2517692927856,2.7583705578413236,Healthy,121450.50061695924
575,0.6161062715317562,40.57391170860342,103.46802000835338,1457.7223911822693,2.1996774429497656,Healthy,121536.88388057229
576,1.1071229116217132,38.3360901650111,98.1745182888064,1419.48684406041,3.0037546871447054,Healthy,121239.038856948
577,1.2158397054440602,38.72343454694301,96.97639626033362,1537.6594974866275,2.524033787316482,Healthy,121285.46067135372
578,0.7676160841773652,38.369248743367756,100.7612118903245,1445.8991107479033,2.1674152837715845,Healthy,121153.80171811147
579,1.293750808641386,37.86753013620155,94.62077080626283,1483.066547305812,2.2014041787921954,Healthy,120745.70409721536
580,1.1343659481655495,44.24954280603392,99.13628176939623,1573.322119559429,2.6510952542028705,Healthy,120976.68761739267
581,0.9852757505531731,42.662678123976804,100.73511599294622,1429.5392100987742,2.43194336636382,Healthy,121086.79728663084
582,1.196556373221257,43.840735004288526,99.19014430952451,1423.3700882701119,2.523003827114558,Healthy,120955.27455977607
583,1.525805238227546,37.55420996088887,95.36964717044276,1513.465309478117,3.0385007364757786,Healthy,120111.11394612334
584,1.1097065843450322,40.14250749982178,104.78253386861203,1557.4743682005185,2.3475601140646107,Healthy,120127.5066656958
585,1.1246441172600674,37.41298474959181,100.31061446184752,1421.2829141134018,2.577988857308712,Healthy,121291.4207169582
586,0.9847944867586178,38.608610245605874,104.29345635328522,1520.384486841859,2.9886200128785827,Healthy,120546.5029770583
587,0.908364459440375,38.16374603316685,99.21989124945867,1529.0499769980845,2.6464873759732535,Healthy,120942.36267351797
588,1.2460671633088491,42.47916801288312,97.3599640549277,1397.041975815384,2.0860191793925984,Healthy,120053.9400451388
589,0.9104499014848934,39.20754064379648,100.80754276076549,1539.925066895361,2.722283370186308,Healthy,119813.42706167673
590,1.0976465807772118,42.13675866738803,99.35263862101534,1543.8302939921089,2.2244324759983,Healthy,120078.20169373414
591,0.9894685106469768,41.20824177917704,96.46671562602593,1484.4107213371988,2.99804225861989,Healthy,120338.7174646143
592,1.182462631815945,44.60727750420958,104.40935277636248,1562.6173181149004,2.3318063851672735,Healthy,120067.42985035779
593,1.155065754390723,37.041111553720555,98.13318933131801,1556.8227787162423,3.4721861856570326,Healthy,120996.96676155286
594,1.29750798885158,42.5184664795736,94.47920084561329,1505.1558962858603,3.0242127964983037,Healthy,120389.76165076873
595,0.9896633868957174,42.292881740801455,103.984498161872,1477.4277304837533,2.347682895778273,Healthy,121174.46930928093
596,1.039358346274659,38.05324232394593,98.48710595256213,1451.358605370852,2.5953374748338165,Healthy,120402.20407703571
597,0.8992472568435387,42.01426667294632,98.17652832215313,1498.1218245316904,2.8180932844900393,Healthy,118943.7245910401
598,1.0078080146514443,40.67228992605246,94.70383723891008,1528.4879459852089,2.829764808934679,Healthy,120628.02080322927
599,1.1737934319423038,39.54504748009318,105.22282445979097,1483.791156947968,2.7300342113261924,Healthy,119295.22418876502
600,1.2513977233290705,38.352129026056,96.13155823837094,1390.1249497368985,2.975647711089833,Healthy,120115.26683360567
601,0.9172336018311417,38.56178109710163,100.17534844211696,1563.4356947288286,2.565775982676356,Healthy,119562.65797116808
602,1.2772545173544656,44.09962419157185,102.73786096762132,1509.5111610922447,2.4953180327605233,Healthy,120971.35551723209
603,1.3761275717609904,40.001365637914965,101.26515079900929,1481.0187751661583,2.503940803622617,Healthy,120569.79896371506
604,1.1893536473114068,41.56426000306292,99.82103706402343,1542.8579194211645,2.868178636258305,Healthy,119429.08967914913
605,1.4836924958449467,38.41820123666489,94.89500242513775,1576.2319298241378,2.722887645424127,Healthy,119686.32116593944
606,0.9552421601792855,38.440294107556724,97.57082549269815,1359.9044215256054,2.703385099707077,Healthy,119822.29903482461
607,0.8627357260043834,42.163969618499884,100.56340101412756,1521.7131824961036,2.8572369414438215,Healthy,120081.70703578081
608,0.7575892835524776,37.300847576896935,97.638477790039,1428.6675394594827,2.006017610977177,Healthy,119614.5759561625
609,1.4142088622978368,39.16957246418946,100.61007837999631,1524.9555253399471,2.717020647162545,Healthy,119037.55255030957
610,1.2475397979374783,40.06805482214446,102.04523022644543,1506.396360118729,2.6922373333287815,Healthy,119141.22068039997
611,1.1072163991512425,40.222745203680105,102.8875086574003,1531.7863263220274,3.1299757577235447,Healthy,119447.7591018116
612,1.175993725263964,39.64181342996769,96.32146192656195,1475.0376192752672,2.1734236053208997,Healthy,120017.22848938235
613,0.8965688572069915,40.79163956219185,106.58993816493687,1406.3379944090425,3.1018226563796945,Healthy,119563.91893026802
614,1.6124837292566987,41.38571151163562,102.3024380336624,1477.4815904371667,2.659956072010733,Healthy,118913.29253669249
615,1.1508442363950455,41.46927509091866,99.9948575389928,1520.3423817569892,2.7866968591980132,Healthy,119574.1863888549
616,1.1485456255876454,38.02839238266435,103.26860974922992,1550.7696164337613,3.14544230294948,Healthy,119006.50758056092
617,1.2734866581130717,39.43168980414241,107.09622331599992,1441.4084349763737,2.8135617137350053,Healthy,119595.20400259343
618,1.2262018463473427,42.38952572375388,95.6838396968294,1551.3530213436509,2.768110486838768,Healthy,120363.5052091643
619,1.1764434715224932,41.78929437514775,99.32421207252594,1467.606385517674,2.7233540224073627,Healthy,118870.58681452823
620,0.9752384422442709,37.254281097037875,92.86470502038001,1518.1224940797263,2.50828989283502,Healthy,119400.80257986319
621,1.2292936714271991,40.702959800704406,100.57795459794407,1474.5053023567184,2.6474532626468816,Healthy,118577.30333398114
622,1.5130715659616736,36.04354950125038,101.09618272577542,1509.1085313856051,2.4440128368298426,Healthy,118843.86811640435
623,1.407417342564329,40.093869804120736,99.88251365367172,1544.5938817285137,2.6479632635056887,Healthy,118864.78114343605
624,1.4586373253278795,43.795534033491954,98.03639928700507,1438.6492961355732,1.963220790883471,Healthy,118703.1581699778
625,1.0394235313804299,38.10421456546203,93.85145645143503,1466.0047051626584,2.7953785369369317,Healthy,119981.5068443875
626,0.9454123692816173,38.33135390901683,101.12060105023531,1509.2481293671044,2.632812157198246,Healthy,118546.70346266081
627,1.1198426159800703,41.52805956314572,104.36630345174598,1620.0791830515177,2.5711388789999705,Healthy,118943.42576939243
628,1.1578116491244057,36.91439696958071,98.2269446327997,1456.8405143916586,2.7405940918487097,Healthy,117634.95656533829
629,1.367171637027523,38.73448994022992,101.32017978706943,1602.006694299846,2.247264156443701,Healthy,118765.9982816848
630,0.8115070740570363,41.192882275163505,95.29556705973985,1600.2211651837586,3.2587809989863845,Healthy,119071.02729617612
631,1.4575767305587897,38.7314283046212,101.37163919107755,1495.1344424649205,2.651836428220387,Healthy,118186.20132871048
632,1.1217317536175355,39.52806002557806,98.81985310676603,1485.092373690005,2.6415800034416765,Healthy,117144.8889294798
633,1.069623786010516,41.48837142063007,97.71274614819126,1465.3967400667655,2.398381136960123,Healthy,118330.67411558634
634,0.9542457916146332,40.843092167073124,97.71890907635161,1496.5898734833665,2.6978505814014455,Healthy,118308.59192519277
635,0.8273619989601795,40.533636792590805,98.81916525390098,1429.6640283720221,3.1094213004153177,Healthy,118612.03752537216
636,1.324634116792383,39.32175544145992,101.14729994707761,1496.18804913397,3.00677486282961,Healthy,119205.45151770672
637,1.1763302601043477,40.740122230537914,96.06351039641345,1574.8440136925428,2.954997992008834,Healthy,117959.97317469984
638,0.9053411533851228,39.75253463980049,98.80865400529645,1469.445746876164,2.865253018833515,Healthy,117671.85593816986
639,0.9059842455872769,40.91561121985157,99.87558466600255,1487.9637848005475,2.5964372417312167,Healthy,117466.54109931427
640,1.0995097268086411,39.006135949764044,96.70288232640442,1414.942976286638,2.2716177165556566,Healthy,118099.0393085158
641,1.5021376383912122,39.634862051240916,105.38999560502505,1518.7031044065523,2.649021701773343,Healthy,118189.67712940925
642,1.1180817297272791,38.02008441489597,97.43951355981598,1513.2240842475687,2.6412385606398967,Healthy,117627.17230281871
643,0.8710380760430454,39.92998477998753,97.99168925909953,1503.1851179882885,3.0293049985680387,Healthy,118239.3413728629
644,1.1241847205161444,38.37799827274231,97.0650761505325,1489.158647488893,2.8101504660712795,Healthy,118032.69203840959
645,1.120455286050466,37.771907099676014,105.39544026141435,1485.3621040613773,3.203693458371064,Healthy,117771.61584482245
646,0.6372893380783524,40.51732229571078,101.65871568579844,1525.0950116850336,3.081913228678119,Healthy,117248.79263962794
647,1.167474360029771,40.42547955171532,97.19022398126907,1498.5591699205688,2.5883846504821046,Healthy,117409.06784225765
648,1.1338130939582645,41.56574746989715,103.31869467657991,1515.7485935777665,2.1894612410140395,Healthy,116385.12235115873
649,1.3209079396293504,39.137748860849804,100.60209608286664,1510.7491408727274,3.1463392368491108,Healthy,117667.89353209901
650,1.5531245523224027,40.816105693673514,100.7717602633345,1556.171364354788,3.141148900302557,Healthy,117513.17064437372
651,1.4103130059095514,41.101595144547325,98.96656837374265,1533.8497048687527,2.326136522729332,Healthy,117544.23949554474
652,1.1328889285557007,40.88954761566319,97.75175203912909,1509.6430921575095,3.191438672614917,Healthy,117652.15950778229
653,0.9670281515849994,38.34869263439572,101.0132982971638,1575.921101532609,2.855968484511089,Healthy,117542.91074321611
654,1.7046719606499723,40.298726964542375,98.36473831001322,1521.013426452828,2.7922056494376957,Healthy,117244.80840967699
655,1.2035103534695644,40.72828059210932,105.45026688872531,1565.248134439521,3.2311016429408648,Healthy,117274.33402158138
656,1.1961191917159226,40.01435693381588,96.19212668427069,1530.347130419332,3.152738885302518,Healthy,116497.84179165191
657,1.1901749825779995,35.82704468325783,104.60847031856484,1407.904046053423,2.947399285598561,Healthy,116858.13967715528
658,1.2362836188202377,40.32097924794696,99.6660434536066,1565.2417381659666,2.8966317864102615,Healthy,117125.23552684173
659,1.169461250948545,44.42506207879448,100.89725720206332,1506.7588120671335,2.942251620492441,Healthy,116682.07321204382
660,1.0852675986239528,39.27992146248604,102.49947329988831,1497.402261454961,2.639982769835242,Healthy,117430.07539793628
661,1.0922948784185882,38.543845804289354,98.10925211498669,1514.067417374479,2.7461362317469704,Healthy,116620.68395952249
662,1.196782679290134,40.7466971194228,102.59274515409591,1482.7508419021467,2.4946381869549707,Healthy,117008.15270562416
663,1.0963150457732471,40.624756420933146,91.87736843385647,1511.3514430194473,2.6680880672783243,Healthy,116908.28282840767
664,1.064097510131234,42.38547033083283,97.84003140033418,1470.4061966828453,2.6606765030659867,Healthy,117173.1387968052
665,1.229619378871713,37.484263688182224,97.22781157797681,1563.7136129367184,2.582741722446834,Healthy,117200.39558701415
666,1.1590045565158291,41.46276050514999,96.23948196288471,1494.3205943189475,2.817023950794539,Healthy,117047.01630548396
667,1.5124652643832044,41.180844122502926,99.35513548576314,1480.8708078638783,2.6814724114564936,Healthy,115596.99689930843
668,0.6831393716547309,39.715706926118905,101.15724990454508,1453.7537092140362,2.9320037494389255,Healthy,117197.07407400657
669,1.4333013703844926,40.67737463584338,102.10797999549791,1513.438789457432,2.2973038160118704,Healthy,117313.6541120973
670,1.4658837051661926,42.05891496319671,100.72263027160122,1509.3553550062545,2.7526602284344768,Healthy,116258.93785783926
671,0.8036552868517035,41.7446307600569,98.00291960531936,1519.4212306838754,2.828798825386582,Healthy,116568.32345633642
672,1.1514624811839305,37.71396137585254,101.1070493134755,1448.6374056247435,2.698811228048936,Healthy,115954.5841599346
673,1.1473784934675084,41.64031637351097,100.37285708455255,1419.9409400594213,2.7429488567238973,Healthy,115375.81074663393
674,0.9418309943897691,39.87062278993496,102.80816850380805,1531.279565125328,2.321759530114376,Healthy,115930.64236722881
675,1.069436662481825,40.14574819603103,102.33081010879455,1574.2320930938254,2.9069431314008476,Healthy,115979.9304802682
676,1.004551497573501,40.14639398200339,100.09142924176189,1448.6823188805051,2.9969484614367876,Healthy,116022.57463432409
677,1.5787874220180578,39.69951402240348,97.30824098151624,1579.472064178085,2.9533945215944635,Healthy,115670.542954997
678,1.4171356786294924,42.38341499421413,98.04114953250375,1514.195552936819,3.1196181178326547,Healthy,115733.28741659138
679,1.4859776856654985,39.83256408030157,98.3506319210859,1499.6468547724585,2.8711255484014173,Healthy,116044.4968391858
680,1.3776677461419804,37.76090774323366,99.05420099825123,1480.1225651727111,2.9569376875286144,Healthy,115614.88650844494
681,1.0091896457565541,39.212940288060544,100.80415128276925,1430.7740990287502,2.8628272215370556,Healthy,116221.76216627502
682,1.1317626134107122,40.35738943362095,102.14552317038418,1549.38642579623,3.024931882544415,Healthy,116240.83032569871
683,1.3362082455789168,42.4584295685941,99.84664392095387,1461.2196819281198,2.348164442493697,Healthy,117040.19387308224
684,0.9955744382216112,41.206189369897665,100.04837436370141,1461.00966621312,2.555925709606597,Healthy,116362.83996606173
685,1.3842663527011443,38.29892944250591,100.42991891500002,1549.5963154943477,3.3027365637765937,Healthy,115871.55152916421
686,1.1952682537017063,44.97037983335778,98.45228406060298,1405.8508276664136,2.0912025867044717,Healthy,115389.86785166616
687,1.1700358384900806,40.52955062195596,97.22382322707114,1423.8201094665917,2.7899466210523967,Healthy,115796.87367583699
688,1.3888586603073652,42.55078147599803,94.73368630806787,1499.093287824596,3.186349154549087,Healthy,115763.29797995818
689,1.3371859956305412,39.69657113284554,97.91455192576939,1514.6642214502426,2.8093551336708042,Healthy,115293.34345549718
690,1.1778067668361842,41.066718489410896,101.41943635980336,1524.2367323984463,2.7184966785647906,Healthy,115891.86569837644
691,1.4835326273395164,41.67893700903681,97.8912656858813,1484.9100753301873,2.881493169711257,Healthy,114750.95099265907
692,1.037120667813354,42.436389423508516,99.28657888772219,1626.5184834320844,2.7393972793325996,Healthy,115277.80008223125
693,1.3781871213888528,42.11473661075645,101.39929386223695,1488.6053720617083,2.8572548478270816,Healthy,115627.92922965871
694,1.3752869182603435,41.74439400014595,101.562068489268,1488.4606923948638,2.6456523557106277,Healthy,115156.20792620395
695,1.1964240454705353,39.369826537611786,96.76140144350188,1460.150666559306,3.1859356593200507,Healthy,115146.62279828536
696,1.3252266044484238,38.85650791608788,102.99117806936093,1506.1953408260536,3.282979476319698,Healthy,115131.10706940386
697,1.011443951389606,40.6652150206484,103.38205026806645,1530.7480616023388,2.81864957003318,Healthy,114732.19937965613
698,1.4481387371747136,41.86625614468214,96.61045042834432,1560.178902726673,2.4453865071259604,Healthy,115686.9504657871
699,1.2280195727114023,39.55455859844679,97.52848939107653,1425.5357867779892,2.7068470489059813,Healthy,114540.98116403859
700,1.162122062562859,42.130343931428776,103.57327204943857,1487.700233082215,2.8114700686357774,Healthy,115159.07966370495
701,1.478135178500711,42.90523349097236,99.5594394362341,1522.3351805404573,3.020994996404296,Healthy,115156.82394914118
702,1.1291312618914484,38.16735816185316,93.34066615764445,1529.3528767297269,2.5695960330487964,Healthy,114425.68904939551
703,0.9899744073939547,38.32615859240744,95.80095548580194,1500.3274328902269,2.6439179710740217,Healthy,114886.55212719037
704,0.9620074986285527,39.719249882189324,99.25189112448255,1527.121198476605,3.0305361746909756,Healthy,114345.18391362765
705,1.3962019902691278,40.615225336378394,96.5108720491462,1459.55180535371,3.1616726496118672,Healthy,115445.52123752797
706,1.0205807961674103,38.9508659724659,98.75972868809068,1577.8952716159179,2.6961884531154614,Healthy,114130.6085315119
707,1.6292921697302063,42.70440535773429,100.09718864105074,1549.6314051489715,2.485368217148035,Healthy,114323.05145288401
708,0.8636141184232555,40.8481337230369,104.38676381210419,1432.7536106467414,3.873235460386365,Healthy,113987.88749582221
709,1.6209579403246743,40.07889409648148,99.12863825131663,1446.2448475941621,3.1256579377932807,Healthy,113871.15063656622
710,1.3255368267738572,37.128180952262944,103.21762539871828,1447.6539124946546,2.813232204803224,Healthy,115295.60764544115
711,1.2656573776259217,37.36836836714499,104.28628048611031,1533.8984985448265,3.156709382659252,Healthy,114721.38733695628
712,1.177682849304877,40.56201850056361,104.30292900805622,1435.7636116791266,2.86132967775234,Healthy,114470.14671285027
713,1.3681605562037475,35.73480874769033,100.8542637801567,1483.448783289596,3.1614804000633896,Healthy,114021.71151832654
714,1.2824730595150304,42.02527481928814,94.11013255648308,1522.7352198208387,2.9518179593328666,Healthy,114753.80590552339
715,1.5123270430699711,39.683692311255356,101.3824745962116,1496.6917032726783,2.9340482361169387,Healthy,113837.88878031628
716,1.3161788630657414,46.48618593918947,103.14519966344062,1512.9443757856352,2.875258772864097,Healthy,114596.81964716504
717,1.3250603522923754,44.61583250123222,99.75679868369375,1446.709864432562,2.477785599961073,Healthy,113713.74436169719
718,1.2239442242238956,39.637101861504966,105.23375161022574,1529.7427186698621,3.496095136484609,Healthy,113777.74614906216
719,1.2869442085891198,39.78732599493737,102.57950068440238,1469.3394053762001,2.6348731572530104,Healthy,114429.14119305897
720,1.3615603537784118,41.99116302800406,101.70482013145835,1483.769016280103,2.5119929271068218,Healthy,114431.91367207788
721,0.9596329881353416,43.406345219836076,103.25914213361752,1511.8865863952992,2.8588087018397568,Healthy,114248.73646694838
722,1.0336962489121908,36.723941885127964,101.00010955378264,1505.1539110765425,2.6368917892801815,Healthy,113375.1629421216
723,1.4536528188045432,36.427249069290625,92.52156850181395,1501.1990009507797,2.9124861628319185,Healthy,113626.63656713859
724,1.3408397542922552,38.75593038889124,98.5025831455889,1462.4686589011621,3.1369958212351974,Healthy,113878.44937059925
725,1.2715366660627976,41.165475166347726,103.59150408174357,1485.0225294400404,3.2319242034921003,Healthy,113325.35951904496
726,1.3136867866130786,40.993747181015195,97.5772259797051,1500.1091795418517,3.1804192164865044,Healthy,114385.48138006465
727,1.381183007739001,42.1395429099677,99.32958248428918,1431.2457383416458,2.846977050230963,Healthy,112449.02652802473
728,1.205381397271461,37.60060494326938,96.86549105829079,1476.873351684331,2.9562108816318093,Healthy,113210.63024231543
729,1.1593390549195375,35.36771227406225,105.3517677856053,1519.3839939516424,3.0663637152692473,Healthy,113295.21674856509
730,1.3558357176862033,41.71602839060429,105.04447737225405,1436.1281698077328,2.419330439484045,Healthy,112078.02816761412
731,1.122658777810327,38.34360745406953,97.3483933145778,1557.829082579712,3.1205087433692915,Healthy,112751.8854348819
732,1.4016505511428945,35.96302427122272,100.44189400116726,1563.480663129992,2.5148102137248505,Healthy,113712.64475627104
733,0.9811499458190986,40.29012749191876,97.95851785670786,1437.7424712019956,3.5667706463386137,Healthy,113365.14181827648
734,1.5291644607984622,41.58635137643736,101.84483391709414,1567.880981652507,2.835978807940825,Healthy,114086.56801102145
735,1.4195194964826088,39.755885735757445,101.52904923172699,1492.8209205643932,2.9045374468416227,Healthy,114022.61322294241
736,1.377872613529442,39.08430322763502,102.4351167148398,1520.9257279578528,2.7317545368953096,Healthy,113416.52318930197
737,1.5248715301224363,39.68127553570819,100.99575534312366,1475.1674473935877,2.7763423237766265,Healthy,113306.61912450036
738,1.6630948888925154,39.258834475198434,108.8062186191654,1546.1522413613382,3.6502280707429717,Healthy,113132.96555428945
739,1.534540679670293,37.30390577611966,96.91622870496778,1520.3047009424333,3.2527775732536557,Healthy,111722.45899106025
740,0.9651584870670045,38.570638646019134,94.86818993669046,1459.29233717012,2.508572599788982,Healthy,112302.72024333697
741,1.0790846066528597,41.042559810027626,98.82072939789562,1441.7399000017356,3.427263870205569,Healthy,113000.33775154946
742,1.2117029511275308,40.643357082753,95.29603520331919,1426.9848782395388,3.3366393492090958,Healthy,113208.01285437384
743,1.3435515433755,40.33611961193364,95.52261318998202,1509.397088821638,2.8969695946468472,Healthy,112994.83490606907
744,1.4435318040938248,38.00970303629324,96.9960560374061,1528.6235705889867,3.0760090826089512,Healthy,112353.76751614216
745,1.1965179040359737,39.63699367572867,97.23343328370512,1532.548283938972,2.982183442840344,Healthy,113218.70314123474
746,1.3806866862287492,35.64586990711429,97.13614569414982,1494.1009452696312,3.5811073046674133,Healthy,113441.22201437732
747,1.1939234135293357,40.35695332777078,101.55465685133623,1442.150177216782,2.753112943302373,Healthy,113118.99480014567
748,1.2243631060682771,42.85771541562713,98.48143281674399,1465.896260098811,3.0384698495993843,Healthy,113094.79966479524
749,1.067001113963689,37.05173573591579,99.46145627538256,1557.6174319480963,2.868889734035492,Healthy,112270.3871010224
750,1.1653533507778193,38.82814465336449,102.6826983235028,1475.768571769996,2.5700878786146437,Healthy,113037.9670613504
751,1.0813297455434001,40.65821355742026,97.70103242565573,1507.1708815340737,3.660158143183163,Healthy,112522.87931966383
752,1.1581586827378667,42.50568526885497,99.20636230388584,1446.2174758212557,2.6508633596026097,Healthy,112655.777764261
753,1.5657283593215678,39.1035507673997,101.09727995827875,1516.8291522729517,3.074038756246333,Healthy,112532.71592141235
754,1.1667868889002784,38.61549934146821,94.17529659813934,1477.115771916046,2.4884564847525663,Healthy,112239.2564472798
755,1.8848097463008116,36.06215371516783,92.84528347314826,1552.3356356887882,2.893612171560405,Healthy,111819.99876243885
756,1.458663580176178,40.20687625861621,101.03835198639317,1538.6778853103406,3.1425906464300373,Healthy,112158.93166822298
757,1.3986338914056415,44.08415208028749,101.47604284170069,1475.214702671255,2.771246472815958,Healthy,112643.3808087414
758,1.1916617772970906,40.554716923929355,106.19266040455723,1493.6667986326167,3.1973738885540297,Healthy,111879.26209734354
759,1.5050619758817985,39.95544204163257,100.47428462760043,1472.4441879979686,2.9432876724335753,Healthy,112496.67363130407
760,1.2515391014191122,40.644164621533974,102.45921915177428,1429.0283401727495,3.3746914203862506,Healthy,112368.53533530884
761,1.3927352962624058,39.9778159921028,99.41358206924208,1457.127878522639,3.4378616073354,Healthy,111800.53130149009
762,1.882016907653759,38.37397125547974,100.89168166475525,1509.910866386041,2.8559765717809964,Healthy,112594.40005180979
763,1.3524546867217369,41.64655983135541,105.0017705252486,1516.2629749114792,3.057686524484554,Healthy,111672.22666440465
764,1.6031879985904685,40.45152304622351,93.6280215456231,1507.427395179632,3.092369601275003,Healthy,112554.77343130631
765,1.2343647149748225,40.035226503867314,101.24084877271504,1484.9133473020681,3.2258047886304095,Healthy,111967.06349077048
766,1.3696689685672745,38.0492679454435,106.40676019023209,1546.6533302860494,3.0469812655399466,Healthy,111692.06704077324
767,1.7324934604604354,42.60701586386952,100.84610265762802,1503.177095228047,3.1023966211361858,Healthy,111206.09930983117
768,1.2546065884424467,41.32940549066622,104.95171888969854,1535.1626914047974,2.974978057561464,Healthy,111555.86988493249
769,1.7441563782660525,38.894158325265394,98.11236355141168,1411.311243389874,3.0852386267582723,Healthy,111448.1202432528
770,1.5248837204244283,42.00364970736388,99.90385751750885,1303.879987419083,3.442715391393873,Healthy,110870.85180737455
771,1.2725066448211466,39.004858323229584,100.10057410716577,1514.189401391904,3.249824972363556,Healthy,111341.19228864116
772,1.513148214477771,38.435993014977925,93.3472267619237,1428.7617173139256,3.2690433584996774,Healthy,110998.09840995146
773,1.5828442232586795,38.48059376503942,96.4954665164494,1489.3774148643472,3.2782544305740067,Healthy,111642.99588448938
774,1.5143619924434395,36.457862893823815,96.70937476184804,1484.8951479487698,3.0178573666356896,Healthy,111953.1402378641
775,1.0776217226885756,40.94308476083641,102.46619823409758,1579.3700301207768,3.1623147797405258,Healthy,110636.54216185238
776,1.2479058981683595,36.3377102433233,102.61645931705216,1519.9998276471804,2.74378122983261,Healthy,112056.15386418346
777,1.345496272889699,37.54311233746847,100.9721093281196,1508.2929513399336,3.452642296895087,Healthy,111085.72448280743
778,1.3817799808466578,35.84882398184293,102.47230869056712,1541.8495577316837,2.239778536963701,Healthy,110612.48930753075
779,1.5224677528434691,39.82786061441821,99.50755176183468,1518.424879341952,3.0511888156327056,Healthy,111428.8773901041
780,1.4355402001866508,39.69935907945626,103.60579500861863,1477.1161503505784,3.4222687931450824,Healthy,110776.77276087248
781,1.1345977949246466,39.346607573627274,100.02636532789622,1553.573796512728,2.6735062865778643,Healthy,110909.13166198425
782,1.479372903534526,37.91484461065885,100.17359214228027,1444.5124936055863,3.2052673086183887,Healthy,110697.86087789397
783,1.5271171490567648,37.65553249312672,99.20322210021277,1516.162359376678,2.883770066026292,Healthy,110441.63103406756
784,1.5186247562528747,40.928739727093145,102.05335143290928,1422.6215102931844,2.9800256871100057,Healthy,111161.99851620095
785,1.6244894784442578,38.898896136583026,98.73640355016126,1510.1971928757998,3.3771156215251645,Healthy,110606.8492985529
786,1.576784430909781,40.63271664307229,102.9292941315942,1509.6494820886464,3.155417077765545,Healthy,109981.67410391038
787,1.5035026825123539,38.22950262775156,96.60355257785199,1583.8227480957332,2.4883599063013575,Healthy,110925.53006210797
788,1.3993001910416039,40.362125485542165,96.70325123581542,1421.751305327911,2.808405671413854,Healthy,109997.20882448812
789,1.0828078132968018,42.606556074632124,102.06228026537951,1469.9556412073093,3.396600720466628,Healthy,109973.36991366238
790,1.5025903104931837,41.17233160078557,99.73436735625096,1541.1341213287071,3.2413494821245656,Healthy,111096.30310248866
791,1.4598708707659558,39.175172363567036,98.63832575154062,1516.7658628198653,3.6337740050906184,Healthy,109851.8300503949
792,1.4743157674390748,40.51439794071185,102.67017319742638,1509.0152525668752,3.6167942782039892,Healthy,109241.77757153625
793,1.1663169515026048,39.51866965093957,98.17821575774175,1452.193214852073,3.011993127622629,Healthy,110661.43074248075
794,1.2071220252516808,40.015760369389454,99.39939623709888,1470.4590825954285,3.86830467485418,Healthy,110148.06828525943
795,1.635630570666581,39.348777895702995,104.19768385021348,1562.2520504111628,3.1273439009555735,Healthy,110141.17243943094
796,1.4187556358953357,39.67132958822922,104.61742703743195,1497.4245403123036,2.833866106343959,Healthy,110042.7498033249
797,1.5646334728078584,40.42418670614835,104.71719463081098,1518.7679848072237,2.93524137356016,Healthy,110265.83496950936
798,1.4356636752260923,38.0132826008361,99.15362266919827,1494.240583561176,2.4509824684131747,Healthy,109723.64037904846
799,1.4376178945658158,37.96824234602004,103.6921087149534,1440.8457242375118,3.612772369141451,Healthy,110788.05743728289
800,1.620990094528533,37.22291489233758,97.15314151669396,1546.6905213037498,3.6117619300464923,Healthy,109261.8847598453
801,1.3317910543565252,36.79945779099258,97.27929137583382,1525.161619226625,2.8313477683560038,Healthy,110172.43745833857
802,1.4558908220548632,37.56543461555904,92.94863244212692,1615.2818418683594,3.070301380152095,Healthy,110221.0605019383
803,1.3458782755923249,40.31892501360826,105.01860460569559,1449.2209310174728,3.1700155965671066,Healthy,109470.17411958332
804,1.353100754513537,38.214424969016235,97.40806045277176,1541.128646060024,2.855894084357366,Healthy,109288.1327773611
805,1.3798322419729387,41.02722892846219,99.62040226075882,1434.42280169815,2.6201360572853183,Healthy,110258.58710708508
806,1.4877600876600758,40.069427497505124,97.26902697421515,1507.8673283836538,3.0862260522002596,Healthy,109204.56962299164
807,1.3492502756673048,36.062991573123895,102.08549574499042,1548.8253294531582,3.0556761711622262,Healthy,109346.66802962472
808,1.6978178917813709,41.309951168443376,98.87309901784798,1396.3932441951756,3.038143294370034,Healthy,110043.65448122987
809,1.2694118728894326,41.62159729118342,96.08554932870115,1489.7533762879195,3.2241481521136226,Healthy,109567.3706167695
810,1.4126256711677283,38.01227465033029,101.32498769255818,1471.839513297869,3.5888558975577975,Healthy,108601.42816618545
811,1.3637204550118316,40.84038308578998,95.69880992556932,1464.9021350852438,3.0717388507591488,Healthy,110323.52957227676
812,1.74272891020408,38.2870035251816,97.48778282405353,1519.2606326129678,3.216466232949742,Healthy,109134.99462061001
813,1.494310955302315,40.19534075349667,93.67933265612176,1556.0342853211298,3.386061157123481,Healthy,109148.6213550468
814,1.6630355745603935,37.471003186090066,95.72812566340718,1493.3360642385421,3.3369095446204913,Healthy,109427.89212616318
815,1.1612212587259392,36.413787094930846,100.53558750916143,1510.274321378001,2.989006275998981,Healthy,109562.53839850203
816,1.513410053173852,39.234365620774064,94.10639188569122,1505.7154376529625,3.204913136934211,Healthy,110180.55214564574
817,1.6395928257913541,39.752542107450324,95.55656282613485,1500.0901753178207,3.3429286127173827,Healthy,108319.96592529715
818,1.4797901311884183,39.204640612770795,99.99289325160157,1445.5328681143947,2.8428279320801,Healthy,109512.97610446297
819,1.6780960750130705,37.63193888355488,98.36917931172084,1555.4222300861447,3.5630617032389527,Healthy,109421.50484702503
820,1.3632089766465922,39.200201875737726,105.97610990787793,1514.7597684079417,3.6161433382309,Healthy,108931.41754456294
821,1.7502028213704495,40.53858950516147,105.50168963807313,1519.7440745001288,2.9724992566999853,Healthy,109343.63684740811
822,1.9297796247238503,39.910213939754925,97.39623261174654,1459.674518548721,3.2501010055044506,Healthy,109367.13700881827
823,1.399098954578735,40.365002061198425,101.67141285521045,1477.038980100538,3.387350143667976,Healthy,108159.0186075065
824,1.384232829053179,38.65976959909153,102.24784767063835,1491.193290114461,3.0336490864347074,Healthy,109674.88325294042
825,1.7656768954235402,42.343435829432316,98.20756342592679,1423.2937653275574,3.3444841537064285,Healthy,107970.61887343093
826,1.792581095812809,37.64765332689044,95.51337539050539,1415.5982837401161,3.251643354554316,Healthy,108132.34185938061
827,1.37376132790268,40.97512059417344,99.96310465207583,1469.9626034680716,2.764957880041693,Healthy,108519.10616318796
828,1.3959626365808289,42.36378218591992,99.48146297555766,1526.1260383221195,3.3457483947935676,Healthy,109562.47025659353
829,1.4253097448945653,40.96181618549779,98.69270650908814,1467.343130503503,2.880623941785356,Healthy,108395.8716851233
830,1.214443231126478,39.59495154587034,101.32695060449346,1449.0597401204643,3.4950941888319473,Healthy,108484.0330549746
831,1.3012696107031607,38.943405906674045,97.7478111789832,1459.2657173381165,3.0146366774598334,Healthy,109166.03930195229
832,1.285838513316253,42.07217530209251,96.54400735726257,1477.2328788427344,3.170281036568323,Healthy,108249.84092871727
833,1.334773820312508,37.15405014947665,100.3272489110495,1482.3070518589948,3.633017007367306,Healthy,107760.78164353466
834,1.483063022522644,38.05975147924071,101.15791027770663,1608.276072610328,3.3729144939586537,Healthy,108091.38258238084
835,1.5385096131739708,39.204884469016555,96.47006516829984,1552.731031424366,2.902824490794303,Healthy,108935.39591690288
836,1.8034334318961487,42.475307515024,102.78427183297325,1551.2387056140865,2.9248583620936084,Healthy,108235.43249852757
837,1.2953291918522418,40.75953527208179,94.68855658667177,1558.429018213669,3.0522091634128827,Healthy,109115.32912952812
838,1.6935311463619833,38.06390848297951,98.26565962385307,1450.0589565332975,3.3530598916736665,Healthy,108468.96746313108
839,1.4555355644882317,39.37938458923019,99.22597439140718,1438.881769250638,3.344823277813164,Healthy,107727.59553180326
840,1.4901072580695136,38.771353711807414,98.09132886204421,1444.6564854232972,2.9870693086011393,Healthy,108025.53815223253
841,1.6366305650999875,38.58042201553293,98.30481857934642,1566.7253066668918,2.892503820982359,Healthy,107523.39094092906
842,1.2787889290208736,41.95777911711356,105.61322344692434,1472.6404105558754,3.3298083548590838,Healthy,107565.78348467562
843,1.5814819492368104,37.256513741472986,97.4473477328833,1437.4321908880356,3.1934419802629517,Healthy,110089.54212551287
844,1.539957108309278,43.21756171146875,107.32366516741574,1478.4501899890095,3.897831432900988,Healthy,108309.3122550169
845,1.6068235861349633,41.65645938036925,101.31138033919315,1488.0697234142685,3.264314430302257,Healthy,108180.54899450333
846,1.5678337287815636,42.181723341207395,100.27616541193598,1513.4206636847282,3.8002758483100822,Healthy,107388.40984234597
847,2.0027266946488456,39.074120975949484,101.428721060163,1512.547551035602,2.9075515872353646,Healthy,108434.79203314053
848,1.3857853364830701,39.700118561841784,107.58978324775586,1458.5909718063247,2.7893694514648213,Healthy,108149.70780089647
849,1.4088006089996363,37.133696370950574,97.01922098820566,1534.2828196256855,2.927974460242339,Healthy,108490.81064467889
850,1.3920385613817137,38.950675185866395,96.63874624319084,1468.040323312492,3.6234056011027063,Healthy,108416.55707419923
851,1.4072379095012826,40.9873096952863,97.73540141028424,1492.186183164748,3.7961638102413935,Healthy,106710.45535595124
852,1.3925225745386964,42.59212612356279,100.09642944089369,1534.3387035251678,3.0373461638142096,Healthy,106845.08025536504
853,1.759469972888177,37.7856863663951,94.82268662556228,1467.908929802783,3.1364968577387993,Healthy,106848.10609226818
854,1.8074341829313045,39.26898812602947,100.06701771795582,1471.532428820943,2.9266390602695838,Healthy,106828.02967833378
855,1.4108507412501046,39.69740155953495,105.08064140024102,1529.5834024846565,2.7365080458644835,Healthy,107411.7261821302
856,1.360195552045821,37.20842159561503,100.45422217187433,1457.113341169749,3.4981901759996554,Healthy,106916.59827395208
857,1.6226164446106144,41.1826984835168,99.12194362307417,1480.7603988197964,3.3522394242219824,Healthy,108186.29927038126
858,1.4195553911438057,38.55201933651478,98.14551865394911,1527.7871089021446,3.2911463948021624,Healthy,108052.33994104082
859,1.658253030217769,39.60921929764595,102.6955351136547,1602.7046220717987,2.8706497055176525,Healthy,107046.76920296048
860,1.5739179375035934,39.09610125617625,97.52250168028586,1530.2702252381373,3.785320337881932,Healthy,107977.66310807489
861,1.2318511770005536,38.421322988560654,105.53918776179775,1523.6319881495006,3.144992978585158,Healthy,107694.06731362011
862,1.846167706932679,39.98591002903889,105.80007924314307,1526.5400791836364,3.4587545941116096,Healthy,106674.64672041137
863,1.897508867952438,39.56878084286396,100.77025239598537,1446.3404862966474,2.864964911759916,Healthy,105845.39232798723
864,1.4174422619031228,39.25628423544267,99.96545473577007,1505.7798369339955,3.2468424431139886,Healthy,106691.01580751964
865,1.4641263546794698,38.543076756639316,103.09197942472468,1498.51167558318,3.3940790035382418,Healthy,106427.68893446076
866,1.6005064114783145,40.63904934156591,103.28439550668197,1516.0792270186378,3.4074558987493258,Healthy,106803.25281257291
867,1.611891357997405,43.307234536984566,97.58202480682175,1505.8254026237935,3.3583945629709873,Healthy,106694.61414343737
868,1.678375521201233,40.27977446567825,98.4203346005899,1518.9849838708556,3.4630234142812983,Healthy,106631.50882944961
869,1.9503742410866036,41.992236429822256,96.03295769595012,1484.42664025504,2.978177196523445,Healthy,106811.84237068958
870,1.51461055450119,37.21955614969308,101.22719481500218,1502.9304458685897,3.379211781631898,Healthy,105893.73902645816
871,1.392007217758976,40.31552287858754,101.99988365037068,1438.6085716971504,3.35679397171075,Healthy,106655.68013878485
872,1.277469487730428,37.805263362057865,95.95022308641619,1484.0046360998542,3.394835138591852,Healthy,106180.1919234915
873,1.408813992011616,37.0461501449362,98.63440328555153,1569.5416774088321,3.3497035651957545,Healthy,106449.99109993184
874,1.5500412720919072,38.52125718508193,95.95823824725595,1515.9404169814127,2.9487028344926474,Healthy,106778.70492261609
875,1.917244906036891,42.38379866882715,97.30360056926848,1498.9539481308461,2.9379934077006413,Healthy,105637.80011338949
876,1.4564777401927658,41.90003165733929,101.6530511806789,1594.8061638127174,2.6717195442346346,Healthy,106059.35317366522
877,1.6064242569944465,40.4860094441088,97.79955379996517,1431.9582510849461,3.5839270196202557,Healthy,106090.73288298557
878,1.560048754118783,36.934598880220136,99.0975221319031,1444.527222227689,3.589630586253893,Healthy,105842.86551421467
879,1.8026786546896167,39.607438697224126,95.11806481615805,1585.6355705638136,3.597065087366636,Healthy,106499.91474806648
880,2.0720531518413914,40.60340001780347,100.560970629174,1502.2980468024466,3.438703655405102,Healthy,105639.80582059977
881,1.4621595787492694,40.351072459157194,99.86718004046605,1487.8708481855103,2.7093975680179003,Healthy,105672.29980027884
882,1.4721121114963556,36.31241283303851,97.81312224990052,1440.0397837452178,3.0439868524644202,Healthy,105545.04043352397
883,1.7804988420804813,38.219364303960255,99.43295710695257,1522.3848133197505,3.4057912919446003,Healthy,106396.0277057194
884,1.7097116312585958,39.871844471702566,100.54088464151033,1527.2229934763732,3.3979887341708723,Healthy,105553.77794379389
885,1.9443414651472066,41.07258181903438,97.55539555327196,1445.2752819582552,3.2931755360543935,Healthy,105980.02269544177
886,1.6934523037318594,35.60774435780011,95.57121236799466,1492.9862207224785,3.473341827539141,Healthy,106687.85255061503
887,1.5064749151759216,39.675752049040284,105.41672329806045,1483.2242083983467,3.368828845638907,Healthy,105612.59078982471
888,1.698130966138462,40.286097539757904,98.10018188586918,1512.7988573209386,3.4042311396654084,Healthy,106156.03034001657
889,1.8034073827832484,41.699223977032425,99.70971969043933,1444.037487888968,3.178947066817062,Healthy,106385.67704204656
890,1.7474297695728063,41.385715168474874,103.03251920506094,1562.5973727256578,3.6679366291698106,Healthy,106013.5957800202
891,1.6864548062214595,41.16514263761761,110.58716556271145,1545.7911890798803,3.2467685173958847,Healthy,105441.59934201113
892,1.8000016045844978,38.400118986596134,96.2665406503334,1481.8412220633593,2.9794719417604787,Healthy,105721.0538794993
893,1.822192451422468,36.183995725753384,101.34948164117952,1489.1790644180815,3.150033629487715,Healthy,104706.31070343233
894,1.8664317982075056,39.2138944858772,97.87734314411767,1493.1788924861191,3.2794601425914056,Healthy,104909.97842092502
895,1.7214086441845953,42.00326365041712,98.38362908626986,1461.0845723496748,3.684867503177321,Healthy,104947.66240918403
896,1.5599097172699625,42.786909055048866,97.83936393697962,1477.8285290882482,3.3766529338028954,Healthy,106320.30606008714
897,1.6243427372866646,41.42109820459557,96.62303509659824,1486.4864816162697,3.336155534310305,Healthy,104743.70774287237
898,1.8379684599683381,40.85868164560347,99.87612591464601,1580.6434185353564,3.0200676392378787,Healthy,104686.26162436909
899,1.4349461991358865,40.75927929677193,95.5764919388553,1547.3309154165217,3.6329781102822065,Healthy,104528.03950987551
900,1.6737346617745803,38.88776250647844,102.84042269953561,1546.732735366831,3.204414353792984,Healthy,105279.90588096538
901,1.5229989042011947,39.73987941289276,100.16500880810013,1518.4962806502194,3.372658308984266,Healthy,105021.31069633445
902,1.609082297920297,43.33813905165266,101.26730491870433,1444.1336495534383,3.849388256397893,Healthy,105443.37948851328
903,1.8606903725214599,38.114883988416246,98.60143416416133,1497.925444771131,3.5606289993147913,Healthy,105185.62983303868
904,1.6448864802706475,43.229557581419705,98.89838819736475,1548.524422980669,2.9221904523521145,Healthy,104109.80507663796
905,1.6176206429645634,39.35594369101588,100.86269171550198,1437.0867685316357,2.882480262427592,Healthy,104346.36111499481
906,1.3380287718040162,42.65086421819016,96.50784810278252,1531.8276603436632,3.396706864964226,Healthy,105382.66437413791
907,1.760917379872111,37.18636998100492,98.92602869676,1616.1304612631384,3.054844482204225,Healthy,104548.3508777116
908,1.7424301695615483,41.1718084023293,97.42115945836464,1553.0908322994867,3.6158973576232323,Healthy,105193.795909009
909,2.047650944661092,38.526459728104754,97.32829356822695,1570.7014567780993,3.4366789194894936,Healthy,104475.15952604233
910,1.5551110196760665,37.169465616151626,93.67048527812308,1510.9169375221081,3.4762820973738258,Healthy,104016.17178585574
911,1.662163398866121,40.43706808482189,104.01797976844,1548.3965974382495,3.217310378840627,Healthy,104298.36961116665
912,1.6698767367421512,42.01894357719194,97.94038374053869,1464.1073392822982,3.9544150965860116,Healthy,103915.97510222516
913,1.9371573226193617,38.310117122813004,103.49012816549065,1539.7931906170613,4.2874447850698045,Healthy,104067.22361879879
914,1.604274226855943,37.0019680790832,103.20637696418288,1532.7194067030382,3.3537579162063187,Healthy,104400.46285328262
915,1.6808043051540678,39.81631047133009,96.14200088045052,1514.495558701883,3.5459117745245003,Healthy,104505.80254518452
916,1.7482459686099747,39.825129342445635,96.73476629298146,1565.800370985925,3.4718918695859604,Healthy,103404.90433837286
917,1.665655157964605,41.096639255109,107.68150887806705,1473.0607581076306,3.3674272743010127,Healthy,104141.31599624545
918,1.5407132770898944,41.89918914272898,105.25277782578144,1490.6471241763168,3.198378859680161,Healthy,103806.69213222012
919,1.6704846652463283,39.88116963745501,99.90544446001569,1504.7731020679148,3.1251762704225237,Healthy,103725.7925955206
920,1.8480596833052878,43.711006629588525,100.77211931925204,1448.51945144553,3.1126541536756758,Healthy,104066.34230956653
921,1.429696940117788,40.44846948907058,98.10746079115843,1511.3465971900123,3.5775720076647435,Healthy,103674.7740636554
922,1.6632606014960418,39.3071469879862,101.29705814260102,1414.0534793523077,3.3027643232055763,Healthy,104591.06899742334
923,1.4983091703454985,36.77686528179434,97.84845429783259,1552.3477267214105,2.687845478291174,Healthy,104444.03093812554
924,1.8790093257849687,39.47468095936767,93.90293870710485,1502.3318683282982,3.5974574661794967,Healthy,104390.91414697102
925,1.337029285709912,39.32722610917773,96.03533264046685,1473.9553548048118,3.4551882819274202,Healthy,103502.54490225484
926,1.5315489638790156,41.92060959256294,100.06327824355176,1458.281319385244,3.873335233753677,Healthy,103218.75058254034
927,1.720442375012904,40.92496724813371,96.60679829349223,1488.2710485190407,3.5839367191273026,Healthy,103691.01496469406
928,1.9597714725135351,37.641261756734764,99.7981676052594,1534.4129855386207,3.0310645877735776,Healthy,103524.82581685687
929,1.635183281118736,40.344508772822074,96.77601688170141,1527.386948936878,2.808430341114339,Healthy,103245.58841878832
930,1.5389600946613604,41.34306234345811,97.65293823249402,1464.7231026360769,3.2641582846986186,Healthy,102912.13277666652
931,2.027898080554785,43.056062718775664,102.55949591923958,1457.6980163686183,3.295134440458571,Healthy,103429.24101536596
932,1.3637305532500845,41.77500793482812,100.74244164292031,1532.8449353159824,3.7682810936333833,Healthy,103197.96527487376
933,1.2152388086759836,41.52169330862296,99.97100673605996,1463.8826297692485,3.485338720313128,Healthy,103694.173518519
934,1.7446695566773331,40.12017198923033,102.63689191921195,1502.995488703975,3.8307732160962193,Healthy,103632.55302576075
935,1.557922488462811,40.7766240108469,101.44182578004204,1506.1877321262139,3.095883416622543,Healthy,103800.39990271136
936,1.4557534365738576,42.49900980141232,104.3396898737541,1515.603106586337,3.785579315314134,Healthy,102570.35222405999
937,1.8033379561265375,37.3344452050407,98.62042221305458,1542.9135215090937,3.7149634126959428,Healthy,103350.52915384682
938,1.712093476087573,39.30112134556609,98.71109506441748,1436.8518531566338,2.8958630999039743,Healthy,102736.26714688317
939,1.5521842738526543,38.454862502487515,96.09667220082596,1404.4420337369756,3.900785352378232,Healthy,102439.79289459446
940,1.410605786932488,40.758306237452246,98.71305784788274,1471.6276359385824,3.5347042141965725,Healthy,102785.69888152565
941,1.8428247989893625,42.460444351301575,102.89430968290733,1590.0764203916092,3.626946684493885,Healthy,103484.35249006731
942,1.8000402355917324,38.80605142655785,103.8999621167864,1601.1087050043689,3.2525311662714733,Healthy,102713.84082321476
943,1.6518314939107903,35.21939126506113,102.88091550426,1591.5588567782943,3.8972407705432586,Healthy,103632.72732997956
944,2.0426607325428665,39.17555850995106,94.6174244003517,1490.3509316119655,3.1615776345616724,Healthy,103074.43925776017
945,1.4609830467347695,41.82694746403482,103.2494356379822,1410.8942459007585,3.769627605512184,Healthy,102552.95476050972
946,1.371561632481719,41.07525980589976,94.48444413018379,1382.848044917408,3.768848909439268,Healthy,103280.02421445321
947,1.5399517193570844,40.85637249562115,102.69435197236704,1469.2980919225295,3.2330831048816666,Healthy,102872.69838605715
948,1.6708827967289006,39.44001339625104,98.89664642028683,1490.096318492532,4.123012079826772,Healthy,102133.72030577665
949,1.7303345565312052,37.441938527560424,102.10759994180157,1565.031270052798,3.600125210731923,Healthy,103479.40131779025
950,1.6350861217620674,41.03058864324893,96.0026549563163,1543.3902729771223,3.7295011164146405,Healthy,102629.73941154324
951,1.7554110793028594,38.33143637993075,103.51350289811845,1511.370253949581,3.077863761399273,Healthy,102459.39809599274
952,1.4363587818285781,44.368193466760914,95.60507576168533,1455.507761452943,4.173985667569236,Healthy,101972.2336650472
953,1.9770862541479854,41.141014416709034,97.99463526744047,1451.9610220877555,3.1739662512658064,Healthy,102939.76913380387
954,1.6735697643214864,38.8387033948921,97.0057161166929,1512.7063843535718,3.851465929829779,Healthy,102558.63771368065
955,1.9151258329842924,38.77722950522274,94.7371454415325,1534.8525489419862,3.248235151287158,Healthy,102564.61909014762
956,1.761878402608874,39.814111586772825,100.2835827027654,1519.5940631122792,3.3636366924790284,Healthy,101946.23432823711
957,1.7863506438307568,39.5209961559565,105.41826735351088,1448.2701020196673,3.7886262131656343,Healthy,102567.05028595503
958,1.8106201227131076,42.23366755105991,108.00071566696002,1532.5333814396042,3.862932480769214,Healthy,102555.9067967854
959,1.7878750453367962,40.37283233948809,100.29146736125874,1521.2955483550707,3.1759480585991025,Healthy,101715.61088060944
960,1.828544551973509,38.53673652218294,103.35004382520256,1446.466679690491,3.887141650717098,Healthy,101291.5049301595
961,1.9674971726931532,43.78088137031156,100.6962839137856,1460.7839514849873,3.876160815206625,Healthy,102240.68652966946
962,1.7426375672736274,40.098616663040445,101.49664958430463,1534.4247987280783,3.2839473106798653,Healthy,101113.32652519713
963,1.8468007515177025,41.5376793519378,98.97355404661829,1488.2746232427055,4.047594278077333,Healthy,101926.00788891889
964,1.6887195278092217,38.78354698511048,100.5852307762678,1579.457365081823,3.1336093781922556,Healthy,101576.37744760634
965,1.996356776423228,40.72623125548905,101.61243611381929,1525.0564638032288,3.3859015585000485,Healthy,102359.33260539446
966,1.5747215395881462,40.62221998228639,98.26462081337101,1475.6684405905366,3.7197007872275965,Healthy,101503.5780546164
967,2.07185475324883,36.220701415807696,99.76751710032103,1499.4897199804534,3.3225967812558848,Healthy,102203.6364860019
968,1.7053017432044646,44.03055022092128,99.82470964300754,1503.169169631886,3.6604790590371357,Healthy,101342.89527781849
969,1.4288449795763905,42.58128892184509,102.47920995199158,1463.5804843379144,3.6563228236409886,Healthy,102049.99550252981
970,1.7422875496488244,39.20560936770802,96.80190348511695,1454.3705900911186,3.53054438568985,Healthy,102530.17077191842
971,1.5821230018383572,37.79546051908829,99.84537337417704,1535.069494690475,3.8390534949105013,Healthy,100915.97643081688
972,1.888128709797745,40.695123227607105,105.73601640715809,1542.2636648521047,3.5234917622027084,Healthy,101546.01786086545
973,1.5911418708061884,40.173395398828795,103.49218045775781,1530.189073477648,3.664128987310808,Healthy,102724.39120795504
974,1.6340966466903775,40.711337897126455,104.04753714666612,1575.76590471619,3.941274896579704,Healthy,101333.29441345145
975,1.3470918538108938,40.383154792388176,100.0732955205341,1472.91133819942,3.8372058630077523,Healthy,101280.89413511482
976,1.6362054028168513,41.01248197861185,100.96299269105808,1583.7135383035566,3.838471853910929,Healthy,101594.2494736755
977,1.243557468007542,42.89461139878361,103.00670850010877,1454.9539440722924,3.260579452668299,Healthy,101170.54043204738
978,1.4132194353028555,41.136206410257294,104.68076658859279,1449.3657218315755,3.7654377726503965,Healthy,100246.38700271472
979,1.883749597895526,37.900689002180115,94.14519126135134,1412.0020558925376,3.347117029375815,Healthy,101616.14368741946
980,1.8904933650634999,42.7251257054249,96.05367607885046,1477.7102343086592,3.2289088393999252,Healthy,99998.5257930674
981,1.820091512356993,43.28122912697658,103.92833230420794,1474.8138831585272,3.59448809611451,Healthy,100741.60417443083
982,1.543271438040824,46.30411346902417,99.1693319326936,1526.2968640127326,3.3473781106711895,Healthy,101503.71287457833
983,1.7287910621049374,37.7530119335208,97.98483763222576,1512.1945470810226,3.8585186489853265,Healthy,100671.72878567861
984,1.7392794921818866,40.48576402630055,96.23751703901318,1440.351331449043,3.8683606379085975,Healthy,100453.1517537678
985,1.5099937288281582,35.83580259362203,98.33494989536767,1480.3636880787092,3.055878795737234,Healthy,101189.63195258328
986,2.0440129936867635,41.10629831275842,95.79289214972853,1481.4268989456157,3.380842571460266,Healthy,100274.4426065828
987,1.9204724581151345,38.903599403666455,106.27328281819743,1411.2008876519053,3.1940639984246006,Healthy,100038.88714020402
988,1.7024738319007338,43.84689158964991,99.93269184405828,1450.9526636493315,3.495877883688799,Healthy,100737.25699374665
989,1.7537105011322396,38.450770059962835,99.82614837471185,1461.4593184692956,3.7738860342939806,Healthy,100458.53835079371
990,1.7916765615895107,36.62163392406548,101.7642300255035,1571.6812509910474,3.567313570546484,Healthy,99878.16344290558
991,1.3433196929818085,39.05747251859496,102.88703550779971,1509.5725357978677,3.4657388944665257,Healthy,100768.47626999744
992,1.703897856829214,36.04902445756572,102.83766446966392,1533.108437697375,4.035386291377275,Healthy,100632.24380278862
993,1.6186031504004403,41.50219890901462,103.22086583172272,1425.0682251425394,2.9565428482211136,Healthy,100170.12249169718
994,1.5563426646876835,35.86983390748736,98.10746334762743,1559.7107241506997,4.021728234722134,Healthy,100154.33399693752
995,1.7021132747561423,40.056915162366316,99.10639958512941,1565.0551031512045,3.4900468453866877,Healthy,100485.19637100458
996,2.1195373053699047,35.844376360287605,102.30709496632683,1400.0827516427687,3.632567296966163,Healthy,100795.18070987603
997,1.8898352389200688,39.35940439092671,98.41783281508114,1464.7341638042076,3.500457665350634,Healthy,100008.60339494534
998,1.649097535376774,43.28675631160907,99.98468010391832,1524.7882786507755,4.124199764995069,Healthy,100427.34424650407
999,1.879516556271232,40.72129578287159,101.19629129327444,1532.219422676909,3.2947064509584223,Healthy,100332.6001085423
1000,2.046537753983867,38.27301279007013,102.35555524693113,1466.0752634756388,3.6701875775832473,Healthy,100439.65364635449
1001,1.9532600699158873,39.93759302212183,94.66695711288939,1484.7250268473174,3.8275649288913325,Healthy,99969.65459937173
1002,1.781926073984035,40.03603374408889,102.14423694966683,1470.1309469477428,3.1886991696344498,Healthy,99443.83724296682
1003,1.642279311125552,40.94526069168681,99.29882782644482,1505.520902347306,3.3986972155328203,Healthy,99618.75042340002
1004,1.9129779960560513,37.26628327343835,102.12237313259314,1559.8589265730957,3.6328797732838645,Healthy,99971.42673289082
1005,1.85369707708435,41.18513454769466,102.33079507706448,1461.4478921429397,3.4140004895946876,Healthy,100659.23218919079
1006,1.955705310672213,34.59121673679445,104.82374518335747,1550.0410248884207,3.4379891353009215,Healthy,99457.99018840186
1007,1.9053676936697272,38.740230895272376,104.06036094286361,1460.9163963826556,3.580374534410402,Healthy,100052.3937217637
1008,1.9899105430638673,39.02345231509691,104.03971498783089,1457.6186393751557,3.882874399493852,Healthy,99435.97177466162
1009,1.6746196243545532,41.26665365214248,104.33101095749872,1540.9297309171607,3.5878513336032234,Healthy,99605.23437794307
1010,2.0468121464601987,40.04526170535374,100.87413695444783,1546.0968189003809,4.0168611916752175,Healthy,100257.6983746318
1011,1.8245199209384801,37.188873892287425,100.09655526111052,1542.5704968381326,3.396672665202194,Healthy,99832.14629071021
1012,2.20171884119172,38.03001374836597,102.618451249535,1434.210129589093,3.3230899885246306,Healthy,98779.35036362952
1013,1.65049576971542,40.39736001909481,102.19624285429907,1476.7024510963975,4.279236955049673,Healthy,99063.7624880942
1014,2.13719276063305,39.84186531627089,99.07280128978522,1541.149429600166,3.5066125617003467,Healthy,99928.11067222068
1015,1.8312488233591964,38.84175178072851,101.21447022642481,1502.0770920281948,3.3133930645450187,Healthy,99320.93902131425
1016,1.6630497326104439,39.03833242097604,99.89471059964622,1446.3153576901268,3.186717150801784,Healthy,98625.57994019207
1017,1.6982228331891358,41.39233599431858,97.43820127461983,1522.915896956272,4.034531036142682,Healthy,98740.52377751314
1018,1.7325972050278027,38.96461485426157,103.87138222412905,1464.2596370504266,3.6122753122686486,Healthy,99451.7467613556
1019,1.8831665226137166,39.823817511941854,100.16559772759027,1589.7262424196106,3.641220412813414,Healthy,99547.20514060881
1020,1.9045670976071003,44.339873176161085,106.14612477309655,1577.242073120913,3.6722394865240084,Healthy,99008.92765074108
1021,1.686926665878951,37.15263472623215,95.1235231894005,1530.2048713177783,4.026549532067601,Healthy,100187.65690046805
1022,1.7984624148811368,36.29631453685068,98.3296636814699,1568.0503352384887,3.6714743831405574,Healthy,99312.07618172783
1023,2.233454071722373,41.56717932959722,100.09791651007261,1503.2395675061691,4.431216133649788,Healthy,98728.25946518355
1024,2.152175300686809,38.64271387741179,103.41214329288674,1538.2718747187507,3.7707948388829355,Healthy,98392.14697595032
1025,1.89559806726814,39.36352494451476,101.19840811780655,1573.8860147651037,4.0518687634208295,Healthy,98262.55784768048
1026,1.8176006956336404,38.43768724373777,100.93141826254225,1512.2749340897155,3.9775719573713224,Healthy,98867.71066024019
1027,1.8356729320103191,39.48039971846497,96.61820862233756,1487.2406414242857,3.727732470589255,Healthy,98405.6114775433
1028,1.9360369278794167,43.197076224192685,96.52917580831159,1414.7689020911441,3.5652420375271943,Healthy,99436.87187699172
1029,1.610441486960319,41.60425691723624,100.96751398086971,1495.8433237139252,3.8435891785699665,Healthy,99283.15590145893
1030,1.7651913591819977,41.724447023773955,95.90768201854493,1541.1711592281156,3.8996962860288487,Healthy,98816.53327374862
1031,1.4846165185578155,37.16754588841471,98.40436674913201,1547.2816713783816,3.577557518895375,Healthy,97860.50191352156
1032,1.8998446245210556,37.69769252689426,101.50275198725757,1525.2182532859206,3.8019016597851967,Healthy,98063.89056372379
1033,1.9511058546072149,34.321842681029146,97.05302718316968,1472.935045251888,4.125528160144546,Healthy,98977.83876287055
1034,1.7266960408734586,38.38123835783449,104.81606788708542,1401.1589215526205,4.378317655054237,Healthy,98018.46690010244
1035,2.1397973526580065,41.91340637277132,103.67180903271367,1475.2392450997631,4.016310796104826,Healthy,98811.07086695977
1036,1.5815135340661983,41.03389303149674,95.2857400049851,1484.7827564473025,4.321494572580751,Healthy,98437.30196151738
1037,1.5354583572913696,39.556973474095756,97.20288627045404,1484.3535516404993,3.5765210699713967,Healthy,98175.85894240659
1038,1.8748903637119945,39.955399432563894,93.14266826651514,1530.9278178488962,3.978564675617788,Healthy,97748.58359353228
1039,2.0410863271890975,38.62222891484919,97.6522259123556,1599.283820550742,4.172222519241048,Healthy,98002.87807823763
1040,2.1701188716249074,40.40951776480357,102.29916542971719,1506.1764600920546,3.504433333441735,Healthy,98094.82397743745
1041,1.7432231474262119,41.53175655896123,98.75831517317543,1489.163410542177,3.630322966386497,Healthy,98466.26944915057
1042,2.0524028333529256,36.76822642517905,101.3823917308479,1487.0389093497954,4.300038095217242,Healthy,97457.13219968312
1043,1.8306316394331918,40.59929537567469,95.43299704515476,1506.2192383453857,3.4888036765972514,Healthy,97718.59157873694
1044,1.805474540011836,41.86486974190933,102.39392576374571,1458.5853119825802,3.3816609902032866,Healthy,97822.41156596615
1045,2.018398654164001,39.16979942207326,98.33467231621495,1506.0099279373028,4.24506113875852,Healthy,98081.33917884309
1046,1.9737979090160174,41.40140122424117,100.03650904684872,1522.54061681659,4.148362300827465,Healthy,97245.76783123861
1047,1.52972156860315,45.629308888945104,99.72137649582085,1510.4843031787243,3.9216360731951307,Healthy,96991.71510355639
1048,2.141974736611846,39.79131441402622,96.18535443732316,1522.877096700239,3.7809534402729184,Healthy,97936.98257585503
1049,2.124351604162824,40.786614100010645,96.54074700478066,1521.6873804674267,3.665775981651839,Healthy,96791.02544252665
1050,1.724887459698094,38.523885832677216,102.90338340701028,1411.4051658876779,3.884584662142715,Healthy,98142.48985738108
1051,1.9308273733541486,40.3625023252041,101.19697647250509,1531.8435079197702,4.276608753887132,Healthy,97372.03695125855
1052,1.9521393705898813,40.92054324996461,103.15014712466028,1466.4492577168774,3.876903171175956,Healthy,96626.23445886277
1053,1.9071347531647813,40.38968468054028,100.97397470650756,1445.2080418498022,4.45808778017409,Healthy,97109.78989029826
1054,1.7466056358975828,37.96060936058229,100.42897190442766,1444.7774086072502,3.5412840709745974,Healthy,97489.56181653462
1055,1.7240086597457231,40.4127235426509,94.8219681439997,1521.6770805236265,3.8074291070348525,Healthy,96983.64945622251
1056,1.854889185801711,42.924391877435276,99.1888999097165,1488.8712536387573,3.704082399700825,Healthy,97210.01487441217
1057,2.0962124705185397,40.897271529029055,99.91784703878876,1415.9015608007294,3.493124203717967,Healthy,97520.03918285265
1058,1.97205336425222,41.92397437814368,105.85932159481771,1523.9018907596142,3.775408213430437,Healthy,96998.90483230619
1059,1.790877133582779,39.525976059974745,102.06086989629603,1428.0195934600586,3.949198790498132,Healthy,96581.47116176694
1060,2.0210064087963358,41.49980047884742,104.60818354512858,1506.9910679259106,3.983935720652276,Healthy,96850.50800131408
1061,1.2986248092073185,40.55853567643305,101.79261311768418,1511.9249462836526,4.4804689870167005,Healthy,97657.42006822964
1062,2.0997531400744207,38.09817854062553,97.86609031915157,1544.2788540847523,3.9713402409170677,Healthy,97742.53217266659
1063,1.523723910911047,40.63704200959775,100.35137264844955,1589.0842393233427,4.179707707770551,Healthy,95840.03691302886
1064,1.800845145052707,38.01660667311938,100.7086709387927,1431.766183704973,3.857161607223026,Healthy,97345.51395459574
1065,1.6510660210747712,38.73423945023042,97.18253329068796,1497.3763071968476,4.343416680135778,Healthy,96875.07385801768
1066,1.6177303715224856,40.37865661458475,98.84683787022124,1486.183235247789,4.562201452343087,Healthy,97161.99133956007
1067,2.1104986908090373,40.594488546760246,99.38269901896848,1521.687484298048,4.004658872626118,Healthy,96374.75586986619
1068,1.7864597597376215,37.62153506984574,104.81685949769536,1510.7834385466808,3.5502022953645254,Healthy,95715.86824524925
1069,1.9509674430128099,42.10797154236575,93.75777842382706,1482.372687863169,3.686025159833516,Healthy,96842.24439432373
1070,1.8739492175574968,41.14401255660095,103.61745526214813,1477.9548905694571,3.937913624294882,Healthy,96029.51136935865
1071,1.9804081654446244,38.59054312877823,97.18961429512186,1444.1774572407976,3.9929494105751937,Healthy,95755.85378425758
1072,1.9020310448787179,36.92483040710165,95.88376243819116,1549.3930791203254,4.068194206981978,Healthy,95740.79930876326
1073,1.6317348884956198,39.71019084183714,103.5398263901154,1522.9602090799765,3.999392637702346,Healthy,96650.45689120766
1074,2.089253363889428,39.108112572277676,102.19569420770314,1545.8884098897568,3.8660954748767815,Healthy,96369.7262330146
1075,1.7929153500344044,40.22628091410605,103.76355610714357,1484.4801931762242,3.675807134306028,Healthy,96641.23301093734
1076,1.5820169536013833,39.27376667768887,102.40210584263673,1467.1582265652785,3.9896748117126024,Healthy,96534.53762724818
1077,1.8093769678068174,35.98508627850998,106.1795350052122,1446.0842466685385,4.428496207244197,Healthy,95939.53321770811
1078,2.196818624793529,39.223306123397684,101.67617151083346,1517.945879187033,4.180645248294993,Healthy,96064.76321306128
1079,2.068377681756032,39.38876177786337,99.53056787163052,1448.0103387735883,4.037744518224193,Healthy,95794.28123560872
1080,1.830269573118428,41.26732204954812,101.02877913196403,1592.4331534483276,4.1888700771468255,Healthy,95894.83611356726
1081,1.8318151258029811,38.6036006507779,103.73040738503789,1434.617870945328,3.771347457996411,Healthy,95466.37263100946
1082,1.839006323089857,43.35734934674513,97.66187402421964,1513.683005960625,3.7328537895083373,Healthy,96095.24214693716
1083,2.3203495967121683,36.176718898696485,98.04433425240586,1578.3427353606894,3.6636644686902056,Healthy,96387.56037449087
1084,1.9830537571129774,42.62233499560525,99.07311995620628,1529.9544879631906,3.8530806798358355,Healthy,95391.6934850895
1085,1.9943416627715476,39.55136205824379,93.68625160370401,1508.783685624589,3.7667315643206094,Healthy,96390.63482270067
1086,2.1160566908063685,41.719169744687115,100.41423522525264,1451.5758176519053,4.258482422195642,Healthy,95756.76074823897
1087,1.9594244984719695,40.15960296811747,94.34161388814692,1430.9115405716148,3.7560696413620103,Healthy,95770.5394882029
1088,1.861524904169193,42.27911107205094,100.15917793879785,1538.5025054458793,3.6605168184658585,Healthy,94750.28524019624
1089,1.8757300301830044,39.22527607089438,102.59586926840575,1575.3073620387472,4.48677315364919,Healthy,94646.36884521713
1090,1.902346414783854,37.80275914964437,98.56937061806849,1478.0575004760915,3.7712540973422635,Healthy,95572.05818138985
1091,1.910888886031365,42.84100857454213,105.03134761056062,1443.0469246191824,3.9553918705084388,Healthy,95844.86606231601
1092,2.065525908727396,39.77303870823572,95.61849730174454,1377.091528472549,4.047396847423023,Healthy,95064.30977817753
1093,1.9320558438281268,40.44311694724842,103.5737820448955,1450.9617578168732,3.573658730990422,Healthy,96185.04695029155
1094,2.069861348776449,42.46950382808959,102.02541116922076,1494.317157875048,4.2879784641842535,Healthy,95667.46798712715
1095,1.9088566839782837,37.93608951581113,94.85190025506793,1579.9561620418367,4.111135712123368,Healthy,94795.82937414601
1096,1.942393704729885,41.19098179527852,108.1323828971216,1533.6566846116484,4.390181870230901,Healthy,95215.42433352675
1097,1.5286931964269117,38.82021048707422,99.8087641434881,1515.2542702353376,3.7215667521679032,Healthy,96388.4645668617
1098,2.1132655349404965,39.735661288711256,97.3675479335331,1479.9940169349434,3.957737737742848,Healthy,94478.71799860014
1099,2.0009643618462656,40.14455793076858,95.77873841564795,1470.8417141372022,3.942473393164925,Healthy,95314.13496945755
1100,2.1329353553052637,36.99955627710613,99.33994591702098,1570.2823798753982,4.012499881638339,Healthy,94838.62772363833
1101,1.3557489243612622,38.44232591435913,99.61777938283012,1510.0369270379194,3.4996155754268514,Healthy,95303.44814545926
1102,2.3543416076228123,42.70214578482628,100.30793658561899,1394.869965403949,3.9719175802743334,Healthy,95533.63682315919
1103,1.9104154077022986,41.77238237716959,99.10661153132811,1466.323017605138,3.5133941599062095,Healthy,94656.88145564431
1104,2.1616365633475034,39.87472084534553,101.89967593034528,1457.0891984114187,4.051500221359077,Healthy,95359.45613585359
1105,1.7336854812415607,40.48624691702579,98.83711050201026,1472.6867995411267,3.3080719293111107,Healthy,95860.60169713598
1106,2.065888114345847,39.411514988727085,94.1951076482786,1528.1455330142542,3.3938572830461573,Healthy,94733.13736867212
1107,1.7343168873652688,42.71316677165596,99.55191551305107,1494.6277559102875,4.197564614931999,Healthy,95042.44434374709
1108,1.8219128745275057,39.59929484441167,92.89756703988016,1496.156729649817,3.790615130108232,Healthy,94304.77961489836
1109,2.3311396041066903,40.463684184269695,101.06131189267417,1565.6736580662619,3.660975911243661,Healthy,94559.62965451561
1110,1.9118635198473308,42.292060288284134,97.06209930915209,1465.1769455106655,4.3412536863226645,Healthy,94411.66245364588
1111,1.9951532413026114,38.445257030308184,100.4900810647474,1593.2099762943674,4.060954531865192,Healthy,94848.4679628293
1112,2.127346879471084,43.11757836899379,103.94222494457381,1466.4346204314456,4.226960391993468,Healthy,95002.33796787847
1113,2.054136377594521,36.939077180513245,97.153753914196,1504.4599098306285,3.9181273783037507,Healthy,94295.17257544128
1114,1.9867504476953821,43.2592842622256,103.18376877553635,1485.9398202298617,4.7745552748366675,Healthy,95066.81142286646
1115,2.0313255338265783,39.25464883209605,98.69983129994154,1506.170956675048,3.7919791751653946,Healthy,95015.02372078081
1116,2.440683117047655,39.51460250434943,105.25958440619675,1522.2295997536564,4.499348664807966,Healthy,94623.42687158995
1117,1.9501429072599499,36.21997965763411,98.90454216040536,1521.6917620044437,3.9602568546366927,Healthy,93891.98673413914
1118,2.003553142676327,39.09041056524462,97.47852104347993,1462.344133468971,3.4849802148595095,Healthy,93794.08559163005
1119,2.1751308792015225,37.92038693794623,102.06171535118587,1443.8542661276215,4.128854623724433,Healthy,93643.80932265498
1120,2.1877718532582637,38.78470730925306,98.69263081112909,1625.1585895452856,4.081095435103216,Healthy,94474.58303511908
1121,2.205739394445409,39.72537806842224,97.47565145761297,1475.8007830199724,3.6739367890615644,Healthy,93344.11589625532
1122,2.097746044405837,41.91558322894581,98.56648044788862,1534.9606219335992,3.7153342168595858,Healthy,94238.4188270555
1123,1.74306568412057,40.41520670280125,99.866180403451,1419.6179344738403,3.987257373741169,Healthy,93309.44532608794
1124,2.3000196397935526,40.61535330680223,104.02654039373456,1486.0193640047662,4.102257677907728,Healthy,94211.77305992099
1125,1.7457309213962624,37.808961222308874,94.19773676362126,1493.6400308008779,3.25880101513618,Healthy,93758.60979136528
1126,2.0371937597144734,38.238491820794536,100.06924197685126,1523.6407534963917,4.318603102423808,Healthy,94366.8192809299
1127,1.8274781633294617,43.597450036702625,101.87471078396213,1363.877292950403,3.8569839411888394,Healthy,94220.72728916064
1128,1.9671723306814015,38.52959793047351,100.58034572497539,1508.3070306539166,3.6084757546805473,Healthy,94317.53270600106
1129,2.047419148727363,43.312416504114594,103.92959550830061,1442.5129272316053,4.292986632102246,Healthy,94280.40935914456
1130,2.047604776423388,39.51387760223827,99.77696401072443,1516.2172855597462,4.006247939507797,Healthy,93571.8154169941
1131,2.069384150847057,40.004575872287006,99.44634567344217,1448.1835401580918,4.380849733034676,Healthy,92870.6034667877
1132,2.309408920478396,42.14073032045986,101.77698864104003,1457.225865203721,4.150052345560593,Healthy,92873.73847250131
1133,2.0790401936361294,42.54378484387731,100.29794144485405,1486.3186194803366,4.020878982448919,Healthy,92306.57573534203
1134,1.9411686729418705,39.77837487944183,98.82877378515859,1447.3835265198402,3.9781810165059532,Healthy,92758.16708328595
1135,2.1844841003243385,39.22351389295692,101.54843211875914,1476.2232776632322,4.171480494833508,Healthy,93284.41182885233
1136,2.2312274311182616,39.888159102955576,98.04241512035007,1440.3312115728343,3.9052739556905345,Healthy,92920.17290958742
1137,1.7494784369726015,40.675915056464234,98.16646854394202,1408.3414774150635,3.7762282233760502,Healthy,93059.93219779507
1138,2.1161466806366382,41.78260737373951,98.41601793470316,1550.897852621468,4.2176394034630595,Healthy,93346.3577097307
1139,2.138567881795513,40.0084597179883,104.05920748049923,1435.1975653588036,3.993986980900004,Healthy,92897.96737096712
1140,1.9404872993280016,41.237772596046305,90.33695093204287,1491.0659556196008,4.050070294420702,Healthy,92439.0855997937
1141,2.2768080293289907,43.276719464541884,101.18679650428882,1537.6445540746893,4.36948061751305,Healthy,92923.38316621828
1142,1.973322215926828,40.76261922452957,100.10281544260067,1469.252794874198,4.011170351012612,Healthy,92450.75475661358
1143,2.0301152906943085,40.623305712009554,94.95738862228563,1458.741705012723,4.052510177662537,Healthy,92714.60675151047
1144,1.972052301809893,36.962178349819865,100.92918033740801,1511.3119044333712,3.8707718132313866,Healthy,93471.3884822115
1145,2.0114491428496266,34.73853972634187,101.4272559754946,1555.8966911363575,4.182555313527888,Healthy,92614.74734795191
1146,1.7907449826209598,40.77675145846034,101.7689176940722,1441.5342367456765,4.160948373804026,Healthy,93585.47877667387
1147,1.7236564901478078,39.81035153743826,92.04451581086515,1492.4926083991281,4.328899206203834,Healthy,93365.81799346898
1148,2.3322343459783275,38.97043465017052,104.09916823556331,1413.3752702516335,3.887594682231271,Healthy,92310.34734571048
1149,1.8456077303363345,40.48706040837269,97.78678988594548,1480.3399498158906,3.926654909122944,Healthy,91994.43811679211
1150,1.8183881967754052,39.87919254160618,102.05970324025952,1501.7102342269038,4.3043078864103075,Healthy,92473.72291903991
1151,1.5876553106125901,42.255560501267794,102.22322134204686,1457.2687679122466,4.144997234342192,Healthy,93026.66388169845
1152,1.8922076504620995,40.172221736517955,97.36990874314212,1477.1504083087384,3.800134562142192,Healthy,92154.90454688565
1153,1.7570487079851673,38.506153429859665,101.98137985705465,1429.5886615846275,4.466632886987018,Healthy,92804.04514913107
1154,2.3517363653606074,41.98033247791858,98.84352027726293,1503.8539305690747,3.5677981628132587,Healthy,92904.21999456805
1155,2.226963417868527,39.565737850107595,93.78586846198553,1552.7847124441575,4.315285425979126,Healthy,91862.9871748187
1156,1.889036597631122,41.053073367344616,103.50322577658334,1445.142806511477,3.7031030558672073,Healthy,91861.9744558557
1157,2.478820494402195,39.0451785876144,97.67486511095129,1468.8664116723808,4.651069888278991,Healthy,92506.3310160635
1158,2.226353097398319,38.70034622900513,97.43651961178584,1525.127312322709,3.624620081928313,Healthy,92175.92377482078
1159,1.9667003899649422,40.16833646037139,98.79080239588983,1560.6045359661368,4.436341862228491,Healthy,91706.96923672817
1160,1.5334521903586187,40.02565728708737,100.81671017598217,1425.3405093895535,4.068843025329961,Healthy,91823.9097759402
1161,2.4931885145181485,40.95965407073366,99.82818876753369,1491.5607631292025,3.986019229048377,Healthy,91914.74022363628
1162,1.7587521733139475,39.46270849338052,101.64420077412151,1514.1565411159763,4.154285663606995,Healthy,91117.57278752227
1163,1.7092535839419547,36.327280432459204,95.98153190041403,1494.8971804685575,4.2909034350806765,Healthy,92232.82155324135
1164,2.244514086401928,39.13445223282322,97.77284088870779,1376.1603966561456,3.8326798493007392,Healthy,91560.6539055304
1165,2.529617147934521,41.58763693428763,99.6520087830354,1525.0545004654387,3.861930349116095,Healthy,90358.14188810094
1166,2.3201878970354373,39.405247841513784,105.69366187797611,1575.966817554532,4.304214792867199,Healthy,91688.06451584527
1167,2.157781824010472,39.5072331949709,99.65856238475872,1505.8330875584752,3.59979711390512,Healthy,91279.21437055325
1168,2.1656175349997238,41.972753011811875,103.25566679098489,1448.444697335287,3.9393979387090408,Healthy,92444.41109615134
1169,2.219016445089395,38.576053545482154,100.11566550635295,1474.3436376817858,5.029539419581165,Healthy,91257.27748954002
1170,2.2017857179573532,36.9143935635142,98.5490240876873,1588.4956533827797,3.829596110623216,Healthy,90951.17831821069
1171,2.107904951460542,39.67873776094901,99.25982672765667,1545.498127043028,4.4670075041945925,Healthy,91703.96633498101
1172,2.0741735541237083,39.03165209750252,99.49474086391335,1532.0013309192166,3.94954810271919,Healthy,91069.7763159962
1173,2.042481374420096,38.067507360493494,101.81093721688221,1517.8206291767187,4.280713543439143,Healthy,90960.27189937388
1174,1.9058737488933315,39.64924308820262,104.12383380272966,1466.9431443904514,4.326973373845532,Healthy,91554.7506914122
1175,2.0021983179599783,40.983011294493565,101.07904254305896,1489.9714409672115,4.472020353888217,Healthy,90729.76634605521
1176,1.721408637160923,39.98142287686437,103.56123303622526,1496.1038632160742,4.075923851956167,Healthy,90471.36317090028
1177,2.0419987413077165,40.613962145372476,97.10563078711094,1527.4787158032223,4.735332058293123,Healthy,92012.99900104717
1178,1.8656151119031499,43.626815397030846,98.7561084735579,1575.4459447133452,3.9645323639577796,Healthy,91389.74936880032
1179,1.8442821365568458,39.31424227688487,97.827092397377,1555.9169068396563,4.2142661240798684,Healthy,90917.89535750281
1180,2.1026454968973622,40.55669726928934,100.94333377262456,1429.030782210198,4.220249746331949,Healthy,90998.26139514903
1181,2.3467337906022534,38.98157327480173,98.92312484446175,1511.1997484450524,3.8127428973485085,Healthy,91202.93217905807
1182,2.253663321200463,38.307280560226054,102.18931881110258,1536.8381672583948,4.066238323506264,Healthy,91386.66872480672
1183,1.7575665459420313,38.83018469316446,97.20699486510267,1530.9430165072317,4.203120716438189,Healthy,90472.0123543425
1184,1.8754077060192658,39.042482856956624,100.12909291996384,1468.538311830629,4.027697020394508,Healthy,90983.07326298284
1185,2.2631542375976434,40.71895159509425,102.06057373303676,1645.7054607884181,4.89227718963696,Healthy,90496.64791189488
1186,1.8801691879590048,44.69815157340152,93.80409167487817,1436.145771883444,3.9110795645868075,Healthy,90605.50937774369
1187,2.0334067033339283,38.56791312744832,106.36489392199061,1445.8405776666975,4.5191606737754615,Healthy,90730.34643373245
1188,2.1900104198049104,39.16674938876908,99.15054434536037,1511.679754063079,4.424937943944636,Healthy,90596.66071347367
1189,1.8879977756939395,39.873753973777504,93.92488025897148,1605.8401527481926,4.166508026315385,Healthy,90917.78344915129
1190,2.1044084345625254,40.7915976974195,100.47428169573035,1458.1902574647916,3.9137706171776596,Healthy,90743.5432795578
1191,1.818194901016359,40.52710162390957,100.10033040391946,1486.7085817176503,3.9455234038824694,Healthy,89695.91539531392
1192,1.9663931378764237,42.56819158789624,99.75431686128252,1553.8646836507846,4.023276476901714,Healthy,89721.08839646728
1193,2.152289720161841,35.147215858929584,102.97357333878,1499.1068922556133,3.645610948749454,Healthy,90165.14165762035
1194,1.7714012532936665,35.226140259608655,102.24233491428117,1483.2698072734852,3.882960372260213,Healthy,91214.3126312209
1195,2.1797616142587466,39.008243655979705,100.89362857307154,1528.281645094336,3.7419237120575737,Healthy,89824.2040837492
1196,2.089405773547997,42.19460037508742,101.35046690183994,1513.6258995114797,4.593095834286649,Healthy,90095.88864519363
1197,2.20549799088343,36.868703936788805,99.68692465168574,1551.5219392818396,4.377538717716465,Healthy,89881.82698652174
1198,2.141449493479599,33.98473532061249,105.32647254772014,1564.5734444532682,4.4304588963263045,Healthy,89822.97780795596
1199,2.371161419328102,41.14235881243842,95.5624119449267,1515.3501530002682,4.373982918795917,Healthy,90139.11987195253
1200,2.1250449005295815,40.48731444740543,100.4189550226477,1514.5866362689155,4.2500902870002495,Healthy,90700.38863809782
1201,2.0157855584416158,37.81958318640114,100.19507389356635,1510.7055491143067,4.640870766305408,Healthy,90177.9841999403
1202,2.1277928339397905,38.02892079855814,102.43984121819378,1524.4565278324644,4.022104536613813,Healthy,89498.23451928646
1203,2.2136596058072775,38.06051256073065,97.4684383677253,1502.7585318935733,4.2400008966101135,Healthy,91226.6147554016
1204,2.116438680731808,40.22107063494788,94.7689821928104,1499.9695758838855,4.4347843150139035,Healthy,89839.28661048056
1205,2.1164516715741097,38.747369447633986,100.47046904829458,1559.8313560413621,3.8169705637764944,Healthy,89461.38952180895
1206,1.9696016624386492,40.98812783795104,100.8436914766558,1575.8058090177522,5.144976668842765,Healthy,90406.04818733879
1207,1.9790864831564772,34.29074667419122,104.46879822834295,1424.622352768329,4.227236395499943,Healthy,89415.46469102809
1208,1.8328122789733945,38.286296269744405,96.18891386102474,1500.5010575870285,4.263930168506012,Healthy,90431.45682749372
1209,2.4649153486373883,37.7478920781779,103.46408130015016,1465.5652783277383,4.601063409502476,Healthy,89114.67860451667
1210,1.8678940195884097,39.487318643255016,107.10224309208137,1484.4514266756964,4.501153266569734,Healthy,90215.01519446069
1211,1.979752293774152,38.923904483019726,98.86670533743256,1520.125810486766,4.24075673915227,Healthy,89550.52383214085
1212,1.9763185468861606,41.595687559791536,96.12717334152033,1533.4719185771235,4.271038831429413,Healthy,90045.52611635122
1213,2.300651542055555,36.281326456679885,98.77907690087989,1494.3936778194327,3.7834221073822727,Healthy,90300.88285435077
1214,2.064343397674928,40.090982952661506,100.04201490211415,1404.33298326386,4.070393599978341,Healthy,88733.69635473937
1215,2.3745484145347473,41.11667284642341,101.69136362502074,1451.747720971191,4.395163064847688,Healthy,89887.88591037916
1216,1.9919685418178927,43.71329487312391,98.22581581048586,1544.8249835100082,4.375834518379532,Healthy,88495.54804778729
1217,2.184132165778094,39.03646805781305,104.66559560244202,1362.9786788982535,4.611683058334559,Healthy,88626.40782237588
1218,1.9629305893480489,40.648917208705036,96.65640305497581,1559.3713575841,4.2118496825330025,Healthy,88698.29527010379
1219,2.5606964922213447,36.39227441487527,94.7823845434816,1526.0614995322271,3.8344807126374065,Healthy,89301.81831808893
1220,1.8958136495274307,35.21608759137395,103.32013127286196,1565.808804076501,4.570352462566037,Healthy,89016.50793846743
1221,2.196964142045405,41.6895487515634,93.1761369063814,1490.071540655952,4.686826803854605,Healthy,88866.43195791858
1222,2.2634220428530862,39.98887941270386,99.38761069338184,1396.9297287988547,4.528140038523535,Healthy,88973.11763951118
1223,2.2210931528236335,42.35702537959685,109.35304338762414,1521.518132075325,4.212243232076085,Healthy,89145.64479464674
1224,2.1029424682244584,37.2531942220605,99.9638693411202,1563.732656201917,4.577315815562973,Healthy,89134.12406197068
1225,2.115702526719981,41.039804279057506,96.63769704791125,1546.2360902756711,5.29533981006913,Healthy,89297.08341780756
1226,2.1520956277291554,43.73763568108771,99.82780760863962,1466.8654258255983,4.303879027665476,Healthy,89610.01740638372
1227,2.1155995996743022,40.83941121671453,99.8475976341414,1504.3380537731323,3.878478992326463,Healthy,88639.31881377926
1228,2.339442490025649,40.5531630111821,100.48194982105935,1473.3581865610038,4.098781151801021,Healthy,88339.45551893454
1229,2.5904379336516037,40.0171121616487,101.98678894647885,1459.0366767905314,4.464976133424548,Healthy,88856.7680645926
1230,2.0385016429984333,36.85823708574817,96.88266649489678,1547.7694285589926,3.7985587067305806,Healthy,87927.8725918677
1231,1.8777060707508513,42.7111458714207,105.06264416571038,1440.1233844367418,4.3334875891402875,Healthy,88110.6479339442
1232,2.135676923663082,38.77828472038987,100.73534285311786,1455.3091784709193,4.399434328428098,Healthy,88899.69047319639
1233,2.6709418675308636,41.00896651276604,102.1803821392054,1444.7987183263808,4.748536521943796,Healthy,88287.93581259115
1234,1.9959317530727205,36.87393138685749,98.11555180073307,1425.4876238350478,4.683725123482957,Healthy,87695.90377082098
1235,2.486156694422147,37.64108067098444,103.8591464109866,1507.3207145921301,4.552708770858865,Healthy,87505.09846731741
1236,2.4955401628152885,42.870174798444474,99.2288427735608,1558.0751524240989,3.6471962968456406,Healthy,88224.3583396969
1237,2.050949018325068,39.30539542208432,100.8326575404806,1490.7561621877367,4.574982605081044,Healthy,88720.948268484
1238,2.2771299491703885,42.90655095208509,97.20068176843867,1424.7126099717916,4.512987349151408,Healthy,88664.2728887656
1239,2.4906793246257077,39.84353868188296,97.00920512079362,1541.9972269871014,4.380783313123504,Healthy,88105.44025144642
1240,2.090841118469169,36.316204454084286,102.06461591935864,1584.2850877017486,3.787600028823021,Healthy,89004.45470954807
1241,2.127617261312861,41.78413519946344,98.66917950937784,1467.6878837926702,4.076301160577215,Healthy,87897.58981702977
1242,2.0536638172102712,38.82021536448878,97.43853073748687,1476.072286664114,3.9619531691397794,Healthy,87830.71618830129
1243,1.9687153205280934,41.39737762703409,98.07044997391891,1525.7830315041697,3.7101641348145393,Healthy,86566.2820451305
1244,2.043477824320132,40.050421735080164,102.09685921515226,1581.0936873892526,4.316458787908895,Healthy,87576.3185254194
1245,1.9302119466475485,36.91376354411426,98.11288641638917,1474.0082927137387,4.0806533635671665,Healthy,88176.00751745424
1246,2.1834833603185118,40.32858953074114,99.6470352051935,1433.3775109500898,5.11025834074734,Healthy,88481.98066842985
1247,2.024338687121605,44.3924462843056,100.0450832508613,1531.5709303136202,4.2747017515019605,Healthy,87234.88268316636
1248,2.2267571823581496,40.98597291702892,94.24795334196911,1539.953403657115,4.716125946759788,Healthy,87831.12616464653
1249,1.870487537425941,39.884964493989074,95.58662078387944,1500.3065725217614,3.8599369592586994,Healthy,88073.43951616164
1250,2.249509379776225,42.15068680391379,101.00883366774269,1472.0933370171274,4.174306457531873,Healthy,87505.60407659796
1251,2.351705792321785,40.42133693040622,97.7889119165419,1549.7189365496024,4.365069362810295,Healthy,86308.35977123638
1252,1.7879195381523758,40.41906846052559,103.17017473384125,1526.4018002273983,4.066220482084366,Healthy,87523.64499978712
1253,2.263144647302848,37.8167496556818,102.90042131275163,1461.5782241548254,4.21467312789191,Healthy,87730.71531203044
1254,2.4355337984946583,40.467696051579196,102.15750599906632,1502.4547365652836,4.2786147281269375,Healthy,86826.28855249078
1255,1.9497384629284258,42.07088683283389,105.4593153619378,1432.4146233987676,4.276494271033198,Healthy,87122.9227345628
1256,2.527847810700874,38.32787569579995,99.75073201677046,1534.294522821896,4.9058689052439375,Healthy,86622.25197893562
1257,2.278803801873209,42.84899164249389,101.94664577771152,1486.8883215308572,4.465467885629454,Healthy,85864.92622570983
1258,2.055664295514985,39.81658795170975,98.24679707021191,1478.214458380763,4.498519835549057,Healthy,87613.50220589383
1259,2.1871795178017925,38.22446097692292,107.35710973860617,1498.3562757423783,4.5192297656368545,Healthy,87048.12573309908
1260,2.3116653825043447,41.99526415384049,105.95090095730806,1502.0153849665123,4.543787913201133,Healthy,87798.83749835248
1261,2.216867744949149,39.42641152852346,100.03564130355338,1544.746503078278,4.337800571504207,Healthy,87378.6610959531
1262,2.3110845318226074,41.51902977497222,101.15975868971557,1529.554526566261,4.26910942188968,Healthy,86722.89511916728
1263,2.020865281384127,39.41648273548292,104.07789279809441,1492.1795360603599,4.418044817855484,Healthy,86808.4096699478
1264,2.240538831473882,39.88034771294019,99.55858148555768,1538.1834074859498,4.717707851340709,Healthy,87083.08869538509
1265,1.9255904339523373,40.98712040866858,98.03012778760089,1520.0368626845807,4.711204789864248,Healthy,87233.44170837787
1266,2.18775478773026,40.58179411518001,102.62196925302065,1478.6700181856982,4.303880457293476,Healthy,86861.335315371
1267,2.030885138373709,36.00893643909652,100.23531773825101,1493.7640920881756,4.6090197750671,Healthy,87202.79657264474
1268,2.0662273448153803,37.757512519811215,100.54898334893578,1492.588855557844,4.322957934421433,Healthy,86451.66563166276
1269,2.4622186350420874,41.85881996958163,97.49718597079611,1525.26306715871,4.394161164830574,Healthy,86051.42822660715
1270,2.4349286907855205,39.7357268221969,94.84698355490981,1481.648869263918,4.244609652200407,Healthy,86467.59537321943
1271,2.3401609575147693,38.95253739445716,100.70842722963731,1480.4795406789183,4.334839791661463,Healthy,86552.5924453681
1272,2.0015374470654845,37.28285196948505,102.7148861244826,1598.437865471698,4.794399020864904,Healthy,85799.23230263035
1273,2.158384976727706,37.8405273574483,99.32257975277187,1546.9867740873551,4.422393010868437,Healthy,85681.63895792668
1274,2.4659528733291705,35.956402720076106,104.3092885586766,1461.9699667787431,4.437918085899029,Healthy,86523.6931482367
1275,2.253343382727981,39.79743856259694,97.88825102375337,1528.54704969711,3.9658346662226127,Healthy,86046.82157431479
1276,2.6905325746630058,38.8031248388379,96.83588663510224,1505.9175032827588,4.309893494376848,Healthy,86117.07954716899
1277,2.306996901212208,38.06682421802937,99.7983090784116,1519.5775587630046,4.3329388622099145,Healthy,85970.15366714959
1278,2.2684098232980063,39.86375314966409,99.75222227394613,1506.8670662282552,4.1592569543669775,Healthy,86860.30045088161
1279,2.1698433738261667,40.727941261705475,102.30990619400566,1559.4821322742619,4.417166290177736,Healthy,86680.8805801975
1280,2.26004151428979,44.18639586441989,97.67511152780804,1517.2810172325724,4.284578646265038,Healthy,85381.32315498042
1281,2.204506032723891,36.976233160873576,104.10428271044469,1496.8955650892856,4.439998756573075,Healthy,85683.60339345978
1282,2.378288402004385,42.31876208660104,105.90075088752477,1552.1095288491508,4.455117569612347,Healthy,86325.0021339848
1283,2.42967379669225,41.94620312203014,99.88256791909498,1511.6642520543935,4.13460702598654,Healthy,86150.96811855162
1284,2.0828021078984102,38.4418145212466,103.74913126055296,1506.073928966453,4.304389465255043,Healthy,85779.2710188351
1285,1.975420075955111,40.40647190917206,96.83050878812422,1515.7011301243058,4.449878951494917,Healthy,85181.19989751789
1286,1.8760922587126738,39.08473350132477,103.22566462354575,1495.3195488316817,4.784623162680351,Healthy,85358.72997692323
1287,2.346598265382509,40.371377160837476,103.14182922567839,1500.4613496497734,4.509015751838723,Healthy,85391.61621622686
1288,2.0259933454318917,43.018262026809104,102.59031184056964,1470.6652705619063,4.236086112691439,Healthy,85738.49716555954
1289,1.8177552147428369,41.211212465262626,99.95331073338912,1462.441639018806,4.557034761106489,Healthy,86401.86357734862
1290,2.327715720906193,41.017216746466886,91.1372531762739,1450.071480675878,4.952264666796528,Healthy,85156.55988260594
1291,2.750266570153225,39.13938136009072,98.07481856904361,1430.4008356601462,4.717678608443372,Healthy,84936.98237622238
1292,2.252119151025355,37.03188667015133,98.1222519469462,1456.0141319307722,4.609591292464019,Healthy,85345.70676158603
1293,2.422698154890328,39.58306357891919,97.06523518581857,1491.2866482766538,4.665677052644697,Healthy,85865.86949025703
1294,2.27303253837618,42.41321630972783,100.3667290136412,1505.155879122282,4.882652879095256,Healthy,84576.55851661965
1295,2.2385554026951047,36.9456642868207,98.7431096634363,1486.435171842618,4.776021371538631,Healthy,85976.81707543747
1296,2.443815296597554,37.88982126364661,97.52616397070493,1382.2148254936321,4.626028114335297,Healthy,85113.98431894217
1297,2.2036117578289365,40.25253547246814,96.82359955525654,1578.729317888117,4.779259332543692,Healthy,84782.83999884331
1298,2.316811796147714,38.03069043030548,97.85346104354431,1554.324006144519,4.136838004454115,Healthy,84299.90535661892
1299,2.3293395612392027,38.41495310576958,103.36449763554978,1522.2879925608565,4.013320424297916,Healthy,85403.26038671032
1300,2.1330485759380573,39.15280283654364,98.01692483611751,1595.3745336276634,4.513796261859816,Healthy,84914.41440237923
1301,2.466741803240638,37.2687651916197,98.45518388070018,1451.1317941258144,4.489937546228495,Healthy,85035.35274137725
1302,2.2350080486609185,38.05175630756726,98.62990715493027,1594.3812560313002,4.308826983946022,Healthy,84449.59412949432
1303,2.120517634768098,41.40685583357462,101.01698054142825,1451.7392961624726,4.7224224676149795,Healthy,84690.45198287448
1304,2.380635302047414,37.38526043553807,101.3687484655856,1511.9368962645678,3.9184742573979623,Healthy,84556.70937682263
1305,2.0953064036417923,36.80425573101032,90.86603038227051,1436.3081337432898,4.31956832318266,Healthy,84699.7034473109
1306,2.2823028981404927,38.739950040932214,103.06490564148282,1500.7347047772184,4.3371800032033825,Healthy,84365.22383681209
1307,2.2765095340044925,41.46391100501969,104.30910410273125,1519.3083248999194,3.9944427978034955,Healthy,83882.90951965639
1308,2.497179113166316,39.60615638400622,96.849440387915,1492.2654834432722,4.9364193021807905,Healthy,85964.2498726483
1309,2.3766063132426574,39.070837843768764,97.0831052657955,1535.693872204507,4.08290628606767,Healthy,83868.29787633124
1310,2.2783279415843043,40.08871759503121,98.64923983666519,1504.950722474363,4.316831316141028,Healthy,84590.72950347127
1311,2.4485532598400574,36.50858513428069,97.73198794163018,1473.8792635811246,4.768393927341541,Healthy,83563.98608578798
1312,2.564708176470129,40.989411307550064,100.67178062183982,1471.659334109883,4.692480269695286,Healthy,83401.47628169101
1313,2.399895394603706,40.766870062807286,94.16042414092341,1540.5456886307848,4.168880924387909,Healthy,84398.91324592613
1314,2.2920705239686763,39.18138305180856,96.64621717588977,1467.3128985096516,4.7087467627781905,Healthy,84387.18379388415
1315,2.0292994201966352,42.01184902359283,104.61759160052472,1545.770148524247,4.593602010264133,Healthy,84880.74949540119
1316,2.080310600718259,37.74500780209392,97.21534009795594,1561.1355896415967,5.209244001966773,Healthy,84399.77342050786
1317,2.2339550591290664,42.25581798650714,103.73028483430878,1416.5643068826935,4.633182124820491,Healthy,84075.09464062711
1318,2.17476422623481,40.3089873311905,101.06601458677041,1556.6463193650518,4.472294120346107,Healthy,83625.1998779675
1319,2.260939072736244,39.32689482024365,94.57219685623522,1603.021134922235,4.260382746197506,Healthy,84799.50603411677
1320,2.3113299849794218,39.960252729263374,101.90598758564862,1512.6001880600963,4.296726989913328,Healthy,84464.4256230251
1321,2.4076052175380127,39.785470468378115,99.64699809342144,1529.9542092647412,4.2749359380262195,Healthy,83326.83526112579
1322,2.289233577721515,42.440565792835436,98.63359883125078,1551.8502662184578,4.93666297750691,Healthy,83918.98186410531
1323,2.4023003287652407,37.84664174505797,100.73487127951601,1486.2258842410488,4.533390974504941,Healthy,83922.02611576325
1324,2.319561549628691,38.4749615217068,101.42390045670038,1509.1140111768934,4.700240803859086,Healthy,83627.17317169717
1325,1.9132400200625588,42.07260578414496,102.12277546592387,1434.2900235188445,4.987607613327599,Healthy,84135.9252429034
1326,2.122132921236249,38.80893012963228,103.53475854264401,1506.9317514265226,3.8284607573377603,Healthy,84115.86656917409
1327,2.282849155522344,41.80106615466318,101.22440773833507,1524.905599782227,4.922328796076779,Healthy,83554.75715109745
1328,2.071394384765112,43.39887196601742,95.87309773364092,1525.8081511463236,4.557952406868333,Healthy,83459.56537710117
1329,2.434985745999241,39.19640994611673,98.57906362704642,1553.271236179879,4.674514511492133,Healthy,84299.47923133377
1330,2.6228168331354063,41.36272465315061,108.82914500580587,1461.2598910932236,4.298145700142191,Healthy,83966.41944618111
1331,2.5620857036727966,37.692615437320285,102.17347318114518,1473.3696621663253,4.3227960137987775,Healthy,83486.1801949542
1332,2.277311425813959,41.50946659613562,107.1078619024345,1594.7753672995677,4.698653766943896,Healthy,82585.39548045998
1333,2.619811894036657,40.39884797197353,104.18630224659756,1492.4835813118145,5.2700460067661075,Healthy,83522.00005315251
1334,2.3530668247737556,40.94607656432043,100.72540621466725,1510.0016893656164,4.858327327177804,Healthy,83649.04173245883
1335,2.2575828057763925,38.70885585592921,100.90422120934335,1496.649497913739,4.939656876425563,Healthy,81872.73918580082
1336,2.2039861339584785,36.677833168865654,99.89025988036946,1458.9159586847488,4.505066285588241,Healthy,83325.93472415901
1337,2.2678393960357077,41.00650412949901,94.7865861524605,1581.1764605445903,4.385272065957645,Healthy,82941.65400660213
1338,2.2523646362917544,35.87319369504109,100.05414175740468,1473.6149294039697,4.333758514526302,Healthy,82989.57285993523
1339,2.3657499111417644,39.36529901551493,103.63202365762659,1443.6357238146536,4.42418454925766,Healthy,82596.30952361834
1340,2.3654481295433065,41.88236373283994,98.20108001553639,1477.4629861348624,3.9574986033821755,Healthy,82925.90535479817
1341,2.335609204030683,40.38379547174607,101.23585899718543,1399.9146999137233,4.35852419713252,Healthy,83645.99578809066
1342,2.424054300615937,43.89668528957963,102.55477313767959,1467.4356267508408,4.410560719848714,Healthy,82676.80075059224
1343,2.576462588290602,42.05021830516355,97.27095868206257,1451.5935701073836,4.528725881014881,Healthy,83332.78677939659
1344,2.529910827088265,38.69220322334885,98.646091406969,1530.8714315463662,4.623525032924187,Healthy,82396.8343905602
1345,2.044687072976686,40.05462675970288,96.94626552856852,1466.3292880220065,4.695401927254349,Healthy,83129.37809632802
1346,1.8325491063529422,39.905258594911125,97.53350317993178,1544.3901967789425,4.584855721600445,Healthy,82700.82792781097
1347,2.531863982247855,36.83564647330775,96.13718414904082,1569.924199653466,4.417567074097174,Healthy,82826.01241439465
1348,2.0732909269835824,38.1192021670313,97.29865461586591,1539.0587668143799,4.005659073687011,Healthy,82603.57662804874
1349,2.3033802529547964,38.87847818604028,104.25836704239352,1489.2305855569962,4.424740750812795,Healthy,82870.8126162206
1350,2.1159773947881284,35.92755899428813,97.25356891272912,1507.0557248352798,4.308264808693898,Healthy,81216.20744103313
1351,1.9912705791506626,40.09498693650328,100.37937765718208,1423.750752992797,4.742486691150247,Healthy,81740.08734327121
1352,2.4616258789742913,39.50185631069392,98.49139373898713,1493.311031373938,4.878119552341442,Healthy,82608.54024900432
1353,2.5068310320605294,36.65421219737685,103.53659781111082,1456.9780765966584,4.889571320117982,Healthy,81328.23082305188
1354,2.2413645865213225,40.80842573055467,103.93348688981085,1534.716319057465,4.837752487505013,Healthy,82034.70982217639
1355,1.8401248749043515,41.43174548938192,102.59220994641684,1628.6376194622237,4.573275612697587,Healthy,82222.82957948168
1356,2.250751110349504,40.45406895772978,100.91840365930827,1524.9910817986904,4.459413330357231,Healthy,81785.92993119355
1357,2.4400274677471763,39.35186364958206,99.3068213894773,1400.4429925522668,4.3945358405665464,Healthy,81804.21929865312
1358,2.0675510195785076,41.18288430350371,96.42437588742625,1481.9384903542814,4.169083658352808,Healthy,82235.79110007679
1359,2.4016719839558314,41.360440720953385,105.83058664336659,1506.1245462687227,4.921556110152358,Healthy,82554.6474778899
1360,2.3636046968320676,40.61480713943938,97.72098094674234,1504.3678712630133,4.5742533552876745,Healthy,81520.77530937259
1361,2.4841916332535514,38.35077549913048,101.99093904109853,1463.4593437195624,4.255431245247071,Healthy,81662.47090190632
1362,2.393916073682831,40.55320153102236,103.1786967178702,1512.2645871318468,4.384052587286929,Healthy,81534.36951333648
1363,2.1770528784903553,42.39096130165096,98.33415850928401,1437.8749581540305,4.374574629736901,Healthy,80639.31012406136
1364,2.612647633666232,38.80674188277654,103.11403758194788,1452.7545638657466,4.650240678837871,Healthy,81870.85589515875
1365,2.343294085394606,44.19587867826486,102.29263961001656,1532.2898820801856,4.960240355321206,Healthy,82217.35887291425
1366,2.37120575876468,38.948738132029234,105.1838915061453,1449.2168384560086,4.538269801787992,Healthy,82208.32160365794
1367,2.191679741518694,40.064814026680274,98.59196060071987,1526.9105802746128,3.9695732788982387,Healthy,81214.61681177963
1368,2.2913435497616983,38.65502880798733,96.14240794816085,1431.526811267197,4.591245899452324,Healthy,80974.15097573993
1369,2.2047061238612864,40.44654167184052,98.48353073366647,1588.2412941895868,4.603808496637507,Healthy,81560.80277379585
1370,2.348744121348649,36.51555661472945,100.626560627603,1461.2865038797972,4.5858572640526765,Healthy,81914.63684328324
1371,2.727341696028469,38.90791640236656,100.17463818125518,1488.816671409828,4.46776165005729,Healthy,81527.42522415519
1372,2.1122864380803956,37.81575759930286,98.81968631117635,1516.5306630545203,4.72389839088442,Healthy,81544.65231793688
1373,2.065621053757985,40.27067669578458,94.27240762306828,1471.7325023749454,4.681175667878033,Healthy,81920.91546386812
1374,2.684234065498722,41.98889475101782,101.41144898838732,1507.1702980535651,4.656550905762005,Healthy,80930.43172038464
1375,2.349801931236293,41.2920123742291,105.9170334372466,1528.7678362260062,4.790459075099556,Healthy,81140.01495666348
1376,2.25951878560135,35.256681278282215,101.39275371436901,1548.0306616251742,4.540383486388977,Healthy,82017.3027558806
1377,2.602980937479215,44.08413930585576,101.82740655716054,1539.5748717986478,4.526024299089805,Healthy,81051.59443845118
1378,2.275543558719294,40.59055988124174,101.71733591846531,1491.4094768098662,5.088703653542287,Healthy,80466.33151701672
1379,2.7635352760427208,38.447001719014,101.1911400096472,1492.6684112978198,4.845139956247964,Healthy,80715.32195187485
1380,2.535585174267854,40.31425583798188,102.79499790060429,1617.4554279012516,4.92808381828284,Healthy,80530.91007438938
1381,2.3040843850375263,40.352379645005385,101.186121043557,1547.4944534124645,5.050498042266886,Healthy,81128.58129285063
1382,2.834794975986434,38.666302566096874,99.06196849104018,1453.9088171839894,4.843116587520774,Healthy,80452.02649820561
1383,2.2838570153993327,40.39583333468415,97.61203326997374,1504.9994081882776,4.9665166037408515,Healthy,80985.51712643063
1384,2.555085741068528,38.785055424759385,99.25307903415798,1483.2428430610903,4.216863118045589,Healthy,80431.96739072968
1385,2.468191849414632,39.19127601461995,100.942388489352,1493.2332883038446,4.754579494932141,Healthy,79688.31073080089
1386,2.67034825787976,38.62744172848983,99.05175111663108,1438.5252421145956,4.641184461455701,Healthy,80853.30989349096
1387,2.723968906012037,37.134657420520696,100.94301604939429,1479.4038382807023,5.201971893936609,Healthy,80724.23184077344
1388,2.419734163146487,40.291672940430765,101.31745040110125,1590.5777886596957,4.979626992874324,Healthy,80858.87890785442
1389,2.2643164259307635,41.170598873032674,102.49953829381055,1528.9538150437752,4.514866442762047,Healthy,80213.50639041737
1390,2.5086610952544897,41.02976719215275,103.84838490651694,1375.441929592427,4.818504914225429,Healthy,80110.22776232031
1391,2.2827902593829124,41.639850505270466,100.23402225543657,1560.8361746248972,4.7596377333681055,Healthy,80650.73342924078
1392,2.822677449505325,40.648680420029734,96.07667030455701,1554.4814761454581,4.848299429945668,Healthy,81159.5097862655
1393,2.448973732883214,38.93454900356619,98.96468770954243,1482.035734784679,4.40901392585427,Healthy,80355.58400475317
1394,2.350269023070912,41.679327728862376,100.1321877022198,1535.8631771891608,4.825338272904801,Healthy,80512.29254802357
1395,2.461936061172982,37.28496492031613,94.49269373146873,1457.03003945914,4.65155459521353,Healthy,80089.20615778715
1396,2.1572414087607275,38.19865723497504,104.16599356030744,1476.4872141866822,4.807401595883347,Healthy,79428.18473906316
1397,2.234010525631203,38.07159985715351,100.42713373753139,1574.9273180334926,4.508017783796682,Healthy,80633.71470957703
1398,2.670082781588885,42.16011211827862,101.14405850374085,1486.4134980065146,4.55248104858102,Healthy,80554.20711954308
1399,2.3002878108723874,41.88557702828015,104.0965793875788,1406.5134169022504,5.0828192727766766,Healthy,80405.3870125876
1400,2.223951136796946,40.97461047408999,98.10957150957296,1496.8348388609331,4.417869065831285,Healthy,79909.02728082878
1401,2.5423305505054574,42.14385973042359,101.7221257926521,1496.0705803542821,4.4426736796873865,Healthy,80248.52804986927
1402,2.673807497599266,38.241434435176025,99.6704076306942,1559.918428468673,4.723192289501994,Healthy,80346.88089869391
1403,2.582123995466347,40.69719023972196,99.44773939895224,1500.716821108788,4.509766220777547,Healthy,80660.07934247835
1404,2.6392095371611637,39.74965114323367,97.68342283658686,1478.9208844279854,4.47849141032116,Healthy,80294.26305232372
1405,2.2903076489527745,41.69376420776983,104.99680964105958,1552.2528072615603,4.778189458029154,Healthy,79781.91061251682
1406,2.158971199984965,39.769551534895605,98.87349987977329,1506.0395116250554,4.297813576262222,Healthy,79045.87337228781
1407,2.7452667303910974,39.23011422317984,102.0983927406871,1462.4988659217142,4.449611329525909,Healthy,79727.82914883587
1408,2.38213069889824,41.08181703712198,94.3749778375842,1557.749878027081,5.37089534154376,Healthy,79728.28869792465
1409,2.398166730042324,41.752338334382465,103.53996558906935,1509.68308822584,4.895175851024036,Healthy,79904.51488765916
1410,2.715638828369811,38.6633096103064,103.15663346787117,1500.1462983339718,4.5360309943190265,Healthy,80176.94592966171
1411,2.5629126685467987,39.877848657295246,100.29230233089191,1508.8954195705828,4.888131190146526,Healthy,79402.42474397161
1412,2.544510887749655,37.883118732716696,99.31917260158623,1446.4665814291702,4.935532476429322,Healthy,80450.49359490655
1413,2.888000468980217,35.00387796501412,101.2000000168407,1473.6173111910832,5.066324326027071,Healthy,78470.3564899797
1414,2.327963020590638,40.40091926282746,106.86637198264087,1500.179130091639,4.732519857829648,Healthy,79509.67093623082
1415,2.643901358949581,41.21781071250926,94.71028990328955,1490.266815248766,5.0662826441652005,Healthy,78850.73980390799
1416,2.471402624979417,40.52413361817345,102.34608216272238,1563.6214191408299,4.164466042535348,Healthy,78246.3890001556
1417,2.5153851224393184,36.100876564491266,97.26514809353829,1510.87029263635,4.46177422752394,Healthy,79049.11281185043
1418,2.76902701861584,39.29830113984705,99.94024481110081,1542.7451961318202,4.83049475385427,Healthy,78371.41365078952
1419,2.5665671512579245,35.56330447989784,99.25635964276401,1500.4697677287925,4.882890059842337,Healthy,78969.28605098359
1420,2.5743258824765936,42.73940221530837,98.71504522660673,1552.8144241873063,4.513131980366074,Healthy,79017.38462404723
1421,2.682834800795294,37.827890835763824,99.96860461284182,1519.8763878286577,4.867159330712282,Healthy,79509.27070466797
1422,2.3970094540914233,42.510807218919794,96.59748656416663,1500.671024269423,4.6048479253938215,Healthy,78146.20743261803
1423,2.3038247331988653,41.89173928736829,103.0875413083839,1499.335845552049,4.7115789383985165,Healthy,79304.22258282288
1424,2.2643714945291267,38.19881929492788,94.6175694664042,1452.278068685452,5.1047654735328365,Healthy,78849.04022513989
1425,2.0817286821248,37.73443009746451,101.61929353848502,1525.3457860068156,5.07268124906658,Healthy,79264.4245768048
1426,2.887908092654731,40.700740432772676,99.02039244239629,1497.989763273181,4.503548568457688,Healthy,78484.12441248444
1427,2.2576916601889967,38.31135192563386,96.48722531857764,1474.9004019909398,4.488157894727302,Healthy,77983.87770661828
1428,2.435749275282846,40.20496928431641,100.60715011179609,1555.3230885406035,4.684647981334005,Healthy,77991.25033689207
1429,2.426304006688883,39.03434481838617,95.32914673988057,1437.48919870526,4.802642776314789,Healthy,77904.09627316645
1430,2.5448146728951535,36.437683171068734,100.1191414651589,1478.8752052283783,4.615963786760911,Healthy,78738.90707646032
1431,2.648147442507859,35.53906396175108,95.73136927656533,1551.3859374389767,5.1281927328399,Healthy,79188.46101110736
1432,2.658761364338616,40.45336849698919,101.3838162529535,1515.7761470460127,4.922883619179234,Healthy,78117.52423667238
1433,2.3717178456195462,38.87688450733875,97.22692799910887,1497.6070536173622,4.943158866295662,Healthy,78664.56764912889
1434,2.4565756572427175,38.89382036617174,98.64701794891207,1512.5501771575073,4.444038351316508,Healthy,77538.2789709322
1435,2.5481826567643266,41.39172767818757,100.88184816382949,1508.9707085524421,5.1768538818818,Healthy,78340.16062458865
1436,2.4435951080966243,42.34688455326489,97.68237366447329,1424.166872685704,3.983282686661126,Healthy,78534.28130816856
1437,2.816469115203999,39.454910557276385,99.82610800099509,1482.536905732602,5.08221663555481,Healthy,77425.93761236157
1438,2.594861656994317,39.318802586180276,95.45850849626544,1580.8260827256875,5.114960187967898,Healthy,77998.05826551007
1439,2.645308890543297,41.000286066227766,101.89262681078847,1467.0337932611417,4.707612977149945,Healthy,78407.95857024279
1440,2.6325762537334825,37.28612886060085,105.29474141665231,1484.0849492947832,5.221873065174227,Healthy,76533.11467638526
1441,2.736361438163732,40.446306109495396,108.37662660372989,1472.9189618345406,4.823737400780362,Healthy,78617.72653085086
1442,2.5395376450740748,41.10377194364431,100.27350443999931,1495.6492388340932,4.864062844331566,Healthy,78076.83968794552
1443,2.245633610408831,41.36046041683526,102.36461242239156,1470.843858433785,4.949858636221265,Healthy,78208.36382385867
1444,2.586604257017195,36.12649459499507,94.65812298127753,1524.337075107903,5.806639140209984,Healthy,77593.64036040261
1445,2.3780619545749673,38.47728946038212,104.50820297891677,1509.8656706145134,5.256663505758235,Healthy,76888.63875921733
1446,2.404276663650049,38.24347349435307,102.32868551417232,1538.677380755351,5.066339360213875,Healthy,77967.03147815847
1447,2.628939470417685,40.19977390881843,98.5481996651463,1447.452941690552,4.584825320686308,Healthy,77608.70483729175
1448,2.760989947620061,40.961489159535965,103.71154240086703,1482.9829758558549,4.9044102809771815,Healthy,77616.05772771616
1449,2.5192543153472124,42.99342081489196,99.23657177006397,1488.7138684193933,4.620062771846084,Healthy,78093.80349259947
1450,2.5784332691864593,39.010069039263854,98.62592445095633,1522.7823455044297,5.113299920851511,Healthy,77881.0319369313
1451,2.8587763222603813,39.00485500338157,101.42600477628247,1460.3389401396482,4.9114734260537904,Healthy,78410.6187085448
1452,2.5681506358977138,42.29934403775749,96.80993650050904,1545.7826902129173,4.534643496115831,Healthy,77476.92711443675
1453,3.042003289502746,40.59315387706061,103.06487429319985,1559.3207795258804,4.899004041692217,Healthy,77004.39378110445
1454,2.636435262459642,42.53530302237595,96.83203056421947,1450.5563826182208,4.622508092418442,Healthy,77205.79157654564
1455,2.1728474481688362,40.57745600601967,96.84983563053044,1475.4563552553218,4.925364866401264,Healthy,77457.8316862693
1456,2.6773349908875734,37.68576676257346,97.270930634775,1473.4034245853954,4.62494347175709,Healthy,77707.92825949649
1457,2.6045650103098894,37.33374329044439,102.27850011254837,1631.619310233875,4.893579623341577,Healthy,76416.48302428063
1458,2.7879505508165487,36.89697550188214,98.14967391544087,1478.5049947396058,5.113140958580528,Healthy,77104.26880758959
1459,2.6663029369206583,41.324103669516944,95.9560126468985,1583.8812721078068,4.874751069089134,Healthy,77854.77082851919
1460,2.505642136536579,42.377193646174014,98.18296000019261,1436.6684002446696,4.776066853181617,Healthy,76879.89556449874
1461,2.290140352742127,43.69872428277276,99.90387288795854,1450.5174516917818,4.956982866317238,Healthy,77415.50592743455
1462,2.4948620152094616,41.68621066464648,96.45708254900684,1465.66977340759,5.107821452904523,Healthy,77146.558763608
1463,2.3682292424914735,42.32567715506997,96.54495667289697,1457.715534427674,4.569178352368805,Healthy,77327.93030326249
1464,2.4238953100390557,38.83996733469263,106.33388900229875,1486.605063292075,4.9821968464115605,Healthy,76395.11972920003
1465,2.659382347550789,37.68716836651229,97.41830378855833,1464.5610898639252,5.301928912371887,Healthy,76347.2991649672
1466,2.877314234203615,41.70015866483511,99.03087289368098,1459.0329203632714,5.081430422316348,Healthy,76710.13594606114
1467,2.623934305964596,40.835361504478804,98.89828899760214,1557.9235998236663,4.929326244000168,Healthy,75883.88910637985
1468,2.30749005425963,40.21488874868179,98.73592957668868,1561.1896811256584,5.106587918676335,Healthy,76465.12969669417
1469,2.6372538669773613,40.77474296126598,101.86404021990731,1547.4648249187658,5.053082270164138,Healthy,76676.43832875784
1470,2.7893262973291306,40.646370964916414,102.84442885141615,1526.1999477792165,5.146080332747944,Healthy,77392.31780347489
1471,2.4297100858027902,42.567633719707125,99.08213670540522,1504.6371532889775,4.315487183371783,Healthy,76651.35909463491
1472,2.5265298999987498,42.58997116963391,96.29056514022295,1475.1484654667045,4.459296493234353,Healthy,76712.61423543656
1473,2.5579376389458397,41.08844070468069,103.82332068354671,1452.3421247622455,5.229448744844971,Healthy,76932.237923525
1474,2.3996870040502185,41.691605745125855,99.71397672640995,1518.1497851716344,4.479082913818235,Healthy,75817.67120555247
1475,2.687989420102105,41.02812510484955,105.1909654445715,1441.3184803726601,5.053794924049095,Healthy,76167.4586688145
1476,2.5358103702784436,39.07766053593076,93.26324230730451,1450.3039535412304,4.830385103190313,Healthy,77412.70629590195
1477,2.6455731554480724,41.51312934982628,100.58620966384996,1557.6456628102405,4.639809892987867,Healthy,76110.43888880775
1478,2.3858348977729134,37.21100986228148,105.75581900162862,1595.0324520861043,5.046228260477575,Healthy,76658.2153743911
1479,2.477508339935318,42.10778310459177,98.94020759368553,1519.664756908324,5.004310051114971,Healthy,76531.86893858656
1480,2.711142938232221,37.61095412046793,99.3235197299961,1555.3228576147321,5.57976946229558,Healthy,75260.94314280615
1481,2.49376670291498,40.57160657358946,100.88653507477102,1487.7075841278008,4.7618899719725665,Healthy,76105.23963850297
1482,2.915392770246681,38.30969208314768,98.32361254334513,1433.1162906956158,5.384033036020752,Healthy,75973.37373610261
1483,2.4917394295437463,41.106777966148854,99.0637842038418,1530.6085809309293,5.060393540981961,Healthy,76014.97939392022
1484,2.6182702784837106,39.93214954814418,98.98655471742579,1528.4644661635032,4.759026768870519,Healthy,75422.94376010446
1485,2.761518166374618,36.810488083673334,98.11773779672087,1503.5834276940122,5.1997739372551735,Healthy,75191.54024404392
1486,2.2929935200800604,40.84139926203696,103.68656965060168,1487.8812270947444,5.132388218002853,Healthy,75461.99499998958
1487,2.226171570937178,38.84415844633458,101.38323409688931,1548.110528929055,4.976086321790748,Healthy,75601.10250145789
1488,2.2748687370859813,41.76229344162674,100.7518846963099,1450.7133483286264,5.047888606932187,Healthy,76192.49222380016
1489,2.8341834873521035,40.002651377468815,102.42571302067034,1461.310971055467,4.7915705573530065,Healthy,76458.6554098628
1490,2.472961704154844,40.79084197077608,99.2069325003896,1449.5946746619786,4.725597195756981,Healthy,76198.2989231116
1491,3.0966398571336504,38.084862089969576,97.6773885449413,1504.2486481317915,5.203832652146775,Healthy,75880.09260539092
1492,2.4738171469351893,38.82133553714527,98.19212708615633,1445.6053493945371,4.911484839372685,Healthy,74897.82986885021
1493,2.625243593972741,39.08272272779783,100.00534912331382,1465.7878909742378,4.957308433858606,Healthy,75145.55191250525
1494,2.8984219905135755,41.713404960485114,96.82236487488129,1464.7122218886402,5.067946478783283,Healthy,75404.9630262065
1495,2.9928852442984915,43.35475417561098,98.49921695023997,1486.969583383302,5.066253170101809,Healthy,74933.78048096191
1496,3.005634048660613,38.38965649651425,98.4516500743857,1425.631277679801,4.560535392041113,Healthy,75488.60282626397
1497,2.836673246118629,42.15369628931536,106.37366868948705,1504.3602496018634,5.377875625936458,Healthy,75510.24305412715
1498,2.801479171828959,35.6606451645486,91.67855518019825,1562.3651825332338,5.031021312236871,Healthy,75368.14503128274
1499,2.71683872317357,37.611621197815424,99.4611408357831,1506.774568615838,4.936537354486688,Healthy,75562.5673022788
1500,2.7556722152333277,38.08244308762645,105.17708137844431,1577.0660572400661,5.129253801550924,Healthy,74547.70439314346
1501,2.49142952340096,37.29498262111856,100.36553339239737,1566.6999092938463,5.073629324751125,Healthy,75416.4143520461
1502,2.439693556648872,36.83282322042484,102.26025242026328,1538.8867523623928,5.235452140180244,Healthy,74552.1772749399
1503,2.6043251085178096,40.825997824275596,100.2994789452993,1503.7342921318443,5.169395101645282,Healthy,74379.53202367856
1504,2.5726297421616806,39.571864604544274,97.99799985635056,1501.125019412272,5.226020535365547,Healthy,75066.0580670932
1505,2.517687723467879,40.758810795210216,93.27425219647326,1538.189988618163,5.4186315050515885,Healthy,75357.93678109949
1506,2.7492774894913428,41.380945372243026,100.6163670611089,1480.4164695247985,5.281087364691292,Healthy,74944.006743188
1507,2.802727708380769,40.531233986345065,97.67318018619282,1405.8739624266268,4.970520800568098,Healthy,74660.40201188627
1508,2.631014710591703,41.31552635230075,97.59899378150409,1524.600202705148,4.684462986510284,Healthy,74755.07691305075
1509,2.9105060162110528,39.860935427515464,98.50303823206266,1443.4465685032515,5.524339379901354,Healthy,74618.21345903364
1510,2.3883288438399655,37.62601322338851,105.23458421987048,1451.8929385904808,4.955349654662532,Healthy,73937.0245519323
1511,2.57960144147739,42.11562836164159,107.21451262676192,1500.0111973997894,4.887401109325177,Healthy,73828.68992752754
1512,2.476635535879439,38.82177573443774,100.6516238125852,1495.2437561223264,4.510981954670668,Healthy,74360.58706026328
1513,2.2483593432520546,38.12880740247515,98.60569832826482,1429.3962196842185,5.1362085982603,Healthy,74389.92841788466
1514,2.6067971961647936,39.644164248391206,96.46832074764637,1508.274578206657,5.081999314519464,Healthy,74305.66618918387
1515,2.6006504983233434,38.17437816140698,101.4056204846382,1548.3069830430525,4.585465519125156,Healthy,74588.05080682496
1516,2.9293566153150925,39.16513923602113,105.34871680019543,1443.5829214867108,5.178648879306619,Healthy,74092.26164191782
1517,2.754495670244289,40.688107843126936,99.25797883892453,1563.624166542438,4.895875757122902,Healthy,74431.48959095243
1518,2.4251626351341593,40.696683478492254,92.86301187774032,1421.9914587435028,5.855094502186608,Healthy,74027.70661633677
1519,3.002485179933504,38.20433986714874,102.01014901544657,1605.8662072185477,4.879858309039406,Healthy,74961.67948101823
1520,2.8775400724384044,39.02458925410251,102.95619913435014,1479.4369784758258,4.922775333673996,Healthy,74040.35686336322
1521,2.7514195406937234,42.148666009540484,95.24246307884246,1507.2808498413447,4.793567132723689,Healthy,75120.36130576284
1522,2.5913698468967,40.99280023546788,100.52945255098886,1405.3983213757165,5.442029622979258,Healthy,74076.00579554542
1523,2.4464454859886375,44.15013007869708,101.3536780484083,1496.8931966765347,4.949500594993908,Healthy,73743.16141470589
1524,2.5655586447857894,42.36025634748306,99.78067809397318,1511.4241088859096,4.846525753870351,Healthy,73350.27601187017
1525,2.8594163906075036,42.28858613711988,97.62768724274395,1495.6918947950253,5.27875316964283,Healthy,73028.55571297115
1526,3.020250594520255,37.224262899088394,103.04781167069066,1471.8459461473813,4.655227452709378,Healthy,73204.27885780192
1527,2.953648705654438,41.527720703266844,98.78986076209395,1452.6717740736092,5.259533163874684,Healthy,73210.196845418
1528,2.5488967823094115,39.89378639660618,95.5444415119002,1556.5263309768654,5.609086581646924,Healthy,73797.41001020609
1529,2.4244098466755317,38.8980363929235,93.85157654299095,1501.5403567498975,5.24731568318386,Healthy,73286.9173144699
1530,2.678177249382241,40.336030681065054,103.78254855999793,1577.0376188258385,5.271369494877978,Healthy,73593.46352627725
1531,2.2979787935540967,41.89042306922297,101.84999192941335,1473.675882260254,5.343684731738912,Healthy,74090.98918118834
1532,2.71796687617029,41.00166318200842,100.2639206413875,1478.260265331389,5.5982457419359895,Healthy,73356.09582418257
1533,2.6254794827402663,38.24305239731588,98.6791760894476,1540.7797122298082,5.4509681880057315,Healthy,74389.5783492334
1534,2.563459366293018,41.48491782718524,98.41300475739062,1418.8512518998218,5.222567583348574,Healthy,72712.09450983041
1535,2.3393927198799744,38.724824915848075,96.77279005467517,1439.3268319923538,5.364500753524134,Healthy,73174.70822581253
1536,2.7627200213139433,40.433366237928574,98.70563306632035,1554.8742485676582,4.830219522360467,Healthy,72930.34353819452
1537,2.5551264987342845,39.393299865045734,93.63973835463948,1441.4033035388402,5.331554743890863,Healthy,73618.2533030285
1538,2.429349966191276,39.56226749652875,97.79180903959445,1409.0474492348726,4.799666541978209,Healthy,71980.10418481694
1539,2.0905475573436703,41.53248595008102,99.06718745094672,1593.4263594036545,4.993893274410512,Healthy,72328.4423554111
1540,2.6611636856565393,37.91961256036821,101.82964014157126,1430.3091176062896,4.181898014123695,Healthy,72946.32658877452
1541,3.0227836526672824,43.89039014855386,99.88022060987991,1509.2059699164085,5.229762231143573,Healthy,73725.68886050473
1542,3.0022518429095744,36.35782786141101,102.38476934162668,1503.4542596362135,4.9188383966674945,Healthy,73012.92091701865
1543,2.580247415349412,38.80466463349028,104.04740531534028,1359.4685841690957,5.448010231228006,Healthy,72174.22627286788
1544,2.552890921260978,40.74042377988348,103.17451028147231,1486.6341488416097,5.234391116514955,Healthy,72201.41670365488
1545,2.768754851215005,41.16862833287062,101.41152954213567,1522.4206624739554,5.457228768410488,Healthy,73586.49485142248
1546,2.4769895788290084,39.79904855885659,100.03558803754235,1517.715469075943,4.797587703264905,Healthy,72389.43260060188
1547,2.738691713297227,39.88521859399692,97.05763597475932,1545.1760341901752,5.436849144481224,Healthy,72178.5183137751
1548,2.8332160556769383,40.821100170655235,102.21983215413795,1480.6254342547284,5.759756903308999,Healthy,73338.68628031544
1549,2.927053311443528,39.53786104508464,105.03924214666459,1535.625222104608,5.3599141566462345,Healthy,73055.54850279349
1550,2.663302518037343,42.78636251586981,101.02631811895125,1465.5335465959963,5.37043803594102,Healthy,73137.02982163339
1551,2.644265249964607,41.678698228463205,105.75177744527836,1429.4766291793612,5.186879302918481,Healthy,71974.9790598671
1552,2.5110701493153544,41.745648702011266,95.42328487581675,1435.1135812159384,4.981266032497057,Healthy,71637.44717949282
1553,2.522957262525362,38.067686553259165,96.53750984566138,1426.8944772402292,5.369691045143786,Healthy,72416.58324468134
1554,2.6447042216196945,39.84122315118859,102.56560452324479,1550.4792983945597,4.69217512687938,Healthy,72467.56306653684
1555,2.7651397680299024,39.399068102558594,100.79287063045976,1424.2713245470723,5.021340129190421,Healthy,72432.30090185242
1556,2.876050258579984,37.98879724862107,103.94134652971542,1513.7019420324652,4.618016292632179,Healthy,72939.09196781949
1557,2.534364209863931,40.72032836789153,99.95358507781978,1486.7037902963784,4.940903086805475,Healthy,71283.11645499588
1558,2.995204380458571,38.924708484440366,97.396073732415,1494.8675713274683,5.3472801942347346,Healthy,72529.84752564889
1559,2.64410861312482,41.31080765970047,99.35922027338488,1568.180364759985,5.308951346199473,Healthy,71501.68747792633
1560,2.695726541130313,37.85961687421133,95.4019480872288,1478.0786316392364,5.175274108660642,Healthy,72427.86766043042
1561,2.552224330837102,43.43808122568364,96.61422798070889,1530.5800780774841,5.21378696488527,Healthy,71712.52164773931
1562,2.2184852812787454,38.207334682815876,102.91733199375403,1501.8781675690557,4.599573947974071,Healthy,71493.01410205473
1563,2.88180907927221,40.43860467440087,102.61836224340882,1492.399054718365,5.056231315828725,Healthy,71545.04864652539
1564,2.8540354460851534,41.58371862077613,101.08901285441823,1614.9984562193238,4.966261184736103,Healthy,71077.19489961171
1565,2.6520678219096903,38.85871913959978,94.8367674371186,1427.9329127142314,4.975615426178971,Healthy,71770.21446991675
1566,2.723398143444975,41.7049372868659,98.92478927346133,1564.4565917718724,5.355873588344126,Healthy,71313.66330466977
1567,2.8148545102074864,37.54163280439917,96.32500033401985,1532.8203282744987,4.920514468715074,Healthy,72043.14911545014
1568,2.4008241619560247,42.904235398365124,103.5295997613633,1476.0237502684108,4.99992907829511,Healthy,71920.02804051647
1569,2.609189464530741,40.02829852993152,98.24883359931219,1581.4659258720806,4.557879226287145,Healthy,72394.0785264514
1570,2.8755196025910323,38.80717718406224,96.74275686765534,1407.5944943805732,5.098429712553815,Healthy,71683.16374177054
1571,2.467475448699483,39.40163645514513,100.08938849536428,1473.9116671350464,4.862982069019247,Healthy,71710.33888354005
1572,2.7787115864333263,41.61783853878544,98.07953662949616,1439.5758897865462,5.215760878606893,Healthy,72100.04990591391
1573,2.4503503057419858,38.83108941629912,104.45123173061113,1520.604173243573,4.909334252643927,Healthy,71036.16865198665
1574,2.8166193298200386,38.50128462115445,97.79556730739743,1444.346794940641,5.2286960069980974,Healthy,70555.8708935885
1575,2.7178717035405033,39.55692680483252,95.8023152223261,1521.6531973370659,5.156594271777297,Healthy,71350.0470295642
1576,2.403640303485565,37.646075774460066,93.54125945272746,1490.6781792089223,5.704279198579362,Healthy,70488.6832653928
1577,2.9612812042247674,43.64108781588363,99.90764049275975,1476.0323028671958,5.3544987274692915,Healthy,72376.96933646272
1578,2.58308168464039,38.86721081757055,98.31420965842622,1519.4323623016655,4.656108638231309,Healthy,71827.74914603947
1579,2.569616179263791,41.66323357236081,95.71328618046482,1486.5689188030967,4.831200013435854,Healthy,72131.98816665079
1580,2.7734471727795214,40.418940167295546,103.56767938376736,1445.568257847048,5.2298957360310325,Healthy,71031.22348833158
1581,2.9647274698857435,38.03093189903606,102.00173544228772,1640.068649481749,4.937045615482205,Healthy,71225.28679685079
1582,2.5335023028709873,39.98809058157454,99.9153463631883,1475.6416408485427,4.328156137595911,Healthy,70670.26228402367
1583,2.7506693033029275,41.56800555862149,104.0929787325126,1389.1195459923993,5.6261972274834555,Healthy,71291.46240279339
1584,2.825763300066115,39.62347732982739,101.98760810019584,1457.8950655139306,5.440067205071623,Healthy,70192.22839397447
1585,2.8802877881192956,42.386225891702054,97.5314322954447,1436.6361655813635,5.382959728714198,Healthy,69478.45340526261
1586,2.778621644388778,42.04303078556373,96.8823395080277,1541.3072808020258,5.047136419692058,Healthy,70304.64469025574
1587,2.6715944321833356,41.83782970931666,102.45394463336159,1516.0826329795793,5.360303031302979,Healthy,69922.26326219134
1588,2.5811486225369227,39.08068645545401,101.18910086940205,1519.9356400895172,5.023358569400402,Healthy,71338.96336807977
1589,2.765562109942608,37.840315104437025,100.50924330391199,1481.4988767081377,5.29879052339864,Healthy,71457.83872754016
1590,2.535572197602879,38.77282478927441,97.46050659139328,1486.0324876471539,4.963825032249057,Healthy,69798.53546379345
1591,2.167396569967745,40.39248188133344,101.82384270101726,1481.4534448196166,5.697553201833471,Healthy,71095.85780376062
1592,2.840645294164867,41.09157342706471,97.73350335059816,1495.9403407932266,4.774262337108779,Healthy,70875.69249175038
1593,2.9357869682172395,35.6568571904791,99.69404003621896,1541.7666717682418,5.6176851488532495,Healthy,69565.11165764056
1594,2.2840801795582992,39.9837735967765,104.34083243916093,1516.8037706252674,5.262341415071866,Healthy,70104.86623453419
1595,2.556387192391346,40.31617845064637,98.01749729256956,1525.0056414810433,5.106493234730736,Healthy,69959.91813893773
1596,2.8838308522010396,39.4449114873689,95.28103222878141,1524.97794541246,5.306100876508721,Healthy,70573.9976993136
1597,3.1731657606090065,42.58254767803176,96.84235842438967,1544.222121869087,5.478671068820121,Healthy,69535.6103245475
1598,2.767492074868415,40.843560148501744,102.98289648006286,1514.4075020770126,5.6713573543416524,Healthy,70050.56368717026
1599,2.6193994117541735,42.62038381616179,100.76419341214063,1517.942403633946,5.3579429069400595,Healthy,69707.03274802519
1600,2.7300873784456985,39.568078959299534,99.61336786393375,1559.4403120596578,4.999457841087984,Healthy,70236.67059169257
1601,3.04330861716297,41.87495498501385,98.47271858406529,1466.7477040998444,5.286022370463069,Healthy,69841.60398415604
1602,2.6408071641750928,43.27013278905504,101.45607972265957,1457.2128710024247,5.817037970998712,Healthy,69632.3771480298
1603,2.6118282653366163,42.62338689854532,97.45268544702932,1440.7039200406573,5.678970092320454,Healthy,69743.35171218395
1604,2.6767846288969266,37.81571681314254,100.91699670592779,1509.1457281810128,5.54996237677064,Healthy,70818.02141642006
1605,2.584334278348258,39.49264784491524,97.80623629356113,1407.3133879390439,5.518706106036716,Healthy,69541.5501819403
1606,2.801200729865626,39.309670589100406,97.30702184417484,1523.1077048029838,5.492501693848629,Healthy,69179.4973908581
1607,3.103269025027245,40.978509070152654,98.08753769552496,1494.5403452749724,5.632959783686294,Healthy,69941.71678457798
1608,2.844615854623206,41.37270711002907,98.87377766054811,1556.7319849910527,5.151011364283429,Healthy,69528.23766528853
1609,2.731195966241409,38.32221465194853,99.8535104921989,1466.4041344767504,4.884140846934165,Healthy,68842.38303456677
1610,2.724971079550224,40.13567702783388,100.70636738533334,1489.8340857291246,5.314034383554452,Healthy,70615.74816760124
1611,2.4723618382606687,35.96014533568773,88.93490412571467,1556.1101666646684,5.050725523966693,Healthy,69273.76052720667
1612,2.9632886220960986,42.88389001160378,97.57704832675971,1569.1567823389075,4.982160440053511,Healthy,69211.06527301933
1613,2.7727658939307727,38.975251518646616,98.82529006793189,1465.992381712409,5.0852497603569535,Healthy,69429.91767595404
1614,2.7539040172818754,40.11172787968899,104.51518611582499,1509.089061629358,6.049594177360106,Healthy,70165.05838460442
1615,3.430288180235639,39.380700572023876,96.75999217485361,1514.7209488842025,5.34750405688942,Healthy,68410.12733674051
1616,2.853083915006471,42.29205515002683,100.48838985429974,1518.6826702810574,5.41790568424163,Healthy,69337.99292471027
1617,2.6446417899809633,34.32498711720524,104.48509092920752,1486.871217034219,4.945291157898724,Healthy,70193.63608089682
1618,2.711395147425558,39.966779315348184,96.06109441015818,1564.0691699061817,4.761540779028878,Healthy,69164.36434036982
1619,3.0280224751726843,39.788362485004605,101.18192567759321,1405.5148258189226,5.071617540397691,Healthy,68432.33301034826
1620,2.822654082107553,39.092727224816635,97.59318449819644,1478.9434882599458,5.751458675562625,Healthy,68690.80157351967
1621,2.5140110710031935,43.452453091271266,98.4860987731323,1522.3965366386474,5.422949306489623,Healthy,69053.44126487839
1622,2.987179120248374,38.22534108228846,97.59066749814005,1522.8612405974673,5.504911860766651,Healthy,69565.40195781994
1623,2.6713711828922015,41.54359235447132,97.80442807475234,1567.637951530738,5.549569811760619,Healthy,68680.33207779197
1624,3.181326221910176,40.712505577412166,108.16573644371948,1559.9112696600644,5.153261852727184,Healthy,69213.32589871621
1625,3.024342946476263,42.52303850507103,102.533367616215,1485.7229187346388,5.7497230085253435,Healthy,68032.31558647656
1626,2.7205356208682496,38.66562183044499,103.30521358535863,1564.9935621765303,5.1461577202333455,Healthy,67978.14081520247
1627,3.0678699390136894,38.534062201752484,101.47598046050949,1464.2979128111272,5.760536374445433,Healthy,68408.59965565753
1628,2.8269044354388138,42.1921398149548,95.18122963479412,1546.544369139592,5.474023980173936,Healthy,69319.01436093664
1629,2.9855547350244445,40.850642616660224,101.18487391096993,1590.5261239210497,4.807286453726103,Healthy,68584.43731975688
1630,2.913613230125562,36.910125306646485,103.21878884352203,1560.7472053427484,5.1222638206865065,Healthy,68644.9055977833
1631,2.6490620023351585,38.92138997107346,97.43980157788266,1505.2885191762061,4.8138517734717015,Healthy,68589.03979778677
1632,2.6912900335365078,40.77276530769612,102.89598000148338,1483.4110614113938,5.700984639838263,Healthy,68954.60399129336
1633,3.027658830182899,41.67552844309318,102.11300862956223,1423.5704351870356,5.347246040425946,Healthy,68044.88965373108
1634,2.756378266912025,38.64153869361409,105.55612013444102,1515.5269818957102,4.688830601348399,Healthy,68644.14255424411
1635,2.744270307351601,34.17148802036612,98.74665096245914,1444.239138601454,5.472724064515898,Healthy,67834.55866807244
1636,2.635642150796796,41.04644637147407,96.70716705317282,1460.3432668193032,5.201517387950171,Healthy,69191.63632796038
1637,2.9130531464520253,37.55935862011205,98.91511567188236,1440.4627099631664,4.920191576823336,Healthy,67749.80444785165
1638,3.2425049838486295,35.96532240375518,104.30671297949087,1476.9803833671672,5.871389751090609,Healthy,67658.8053484607
1639,2.618160083815812,34.33534815003172,94.5147823574741,1498.6015292756508,5.40285242649564,Healthy,68324.83490674403
1640,2.838177224667885,41.62796172039548,93.7948728537069,1513.6807290582854,5.285303912639339,Healthy,68039.89421571617
1641,3.117444111083086,40.257234900809934,100.26818583679484,1469.9746682293019,5.256172565704195,Healthy,68113.42620313047
1642,2.820738388417524,39.548687238575496,98.67223212167754,1553.464185319759,4.924682825919335,Healthy,68013.65689774616
1643,2.92880769258328,42.77804872592552,100.02318367952705,1489.5897371005017,4.9899686634581,Healthy,67304.80390059628
1644,2.6275212943706245,41.27464936604615,102.8359353137076,1460.6138783367242,5.769475035462525,Healthy,68606.67946453975
1645,2.9273280861081963,43.232600085443835,98.34229196164344,1511.3146133621717,5.244501805730951,Healthy,68196.77110294455
1646,2.8059044803324236,37.214529055666006,94.38098250720813,1598.1776416771909,5.3959536436143924,Healthy,68379.47497563355
1647,3.0421459991359727,39.93089875209207,106.13344467159983,1516.758028326756,4.778700857139678,Healthy,67385.83455544479
1648,3.084143876979617,36.766573250103974,97.00831513768367,1481.8572186313197,4.999239055928015,Healthy,67808.26177235758
1649,3.3662460617370558,39.54123533628906,96.82288863396371,1423.6269321940647,5.580277089295759,Healthy,67648.68423111734
1650,2.9659266346427153,39.50276829246665,103.3111600411678,1489.0293839513965,5.513313528034151,Healthy,68064.00131310076
1651,2.9168259299831005,41.25322727452614,98.84653263687545,1511.7464062544059,5.928679226283961,Healthy,68030.1240659148
1652,2.8922101936488,40.0911277622838,99.80983044389556,1480.6209554372215,5.808220232822701,Healthy,67496.52540147906
1653,2.7843667414378626,41.24681427655983,101.44837037218096,1416.73076808795,5.3387867082545535,Healthy,66591.02443407837
1654,2.9243634353590053,41.40688026627779,103.25074930932999,1457.4717305248282,5.552552736080648,Healthy,68189.83094354384
1655,2.7992530513055276,44.30985735476629,98.99961792045468,1572.7269230443878,5.318352300462411,Healthy,67527.99371684507
1656,2.893692195253923,39.36940668942775,104.5598560177429,1571.700050186523,6.032442945591595,Healthy,66895.78147930442
1657,3.1251861737882587,38.11795459866724,93.59260045379558,1455.66804153977,5.763371075482387,Healthy,67353.27106913335
1658,2.662024820277405,40.492167230632816,102.27936171085923,1533.6378393599712,5.472238860590658,Healthy,66344.45322577374
1659,3.0929757122258095,38.395439945720916,97.48141732594704,1441.0713607614914,5.484118435462906,Healthy,67577.67653373552
1660,3.1300896801346396,42.96392153687307,104.11681394982398,1570.2158140997476,5.860121752844609,Healthy,66264.39412786042
1661,2.8447196279351172,39.433563922109535,100.42613343649164,1512.2617923947118,5.6032066874674875,Healthy,66839.58275398146
1662,2.4456290201982815,38.86884726425202,97.9812840039718,1547.4820749308267,5.899588405121026,Healthy,67022.22722480277
1663,2.75010226924778,39.057368557697764,101.98852327906489,1414.2453326408731,4.776572288789005,Healthy,67369.41985599104
1664,3.1327322426455555,41.436834846943285,102.67956504162176,1533.8818550962444,5.575701811782973,Healthy,66853.27233821718
1665,2.870426387540224,39.684506033537026,101.92568236857592,1499.6162968157748,5.2853695405955845,Healthy,67067.48143680627
1666,2.676806220207685,38.716666359739236,96.91091128110082,1542.5964535395422,5.969580062955065,Healthy,66685.91654577522
1667,2.77737834908769,43.330703835247064,98.54794862913374,1545.7433899048924,5.9092529394902815,Healthy,66633.90702452786
1668,3.048124005300911,38.2876603186765,99.98778148863569,1503.2892344737375,5.457850742730392,Healthy,66642.73862517414
1669,2.9910133803069425,40.071132148065985,99.87622104204982,1469.9585180452043,5.911355960309976,Healthy,66455.47103957381
1670,2.8355469134993943,41.30461230322046,102.24923642631504,1538.9848091089748,5.988267689331085,Healthy,65656.71487845929
1671,2.8116351176370626,36.737329779165854,93.95529630248018,1496.9922750297437,5.478322001577845,Healthy,66065.83825315167
1672,2.8083150368579024,40.96052100281185,101.00298116366051,1456.3607523236178,6.200246798396224,Healthy,66522.38742055585
1673,2.7038512964336325,37.8897846490391,99.13005593669008,1453.9923884271157,5.451930987532417,Healthy,66225.43949825564
1674,3.2130751378938887,41.64556556166801,97.48449815084814,1426.141779184381,5.399643714899228,Healthy,66222.09545890903
1675,2.8272025728243992,38.07469797616205,97.7725396666912,1474.485442021847,5.72642844324197,Healthy,66088.32316528064
1676,3.1367650374984324,41.38553806369772,99.35638700644611,1555.134602303719,5.3631961139906394,Healthy,65768.20080363408
1677,3.199263210384491,42.21166613258943,89.19674468662144,1508.8914899852716,5.497601932738468,Healthy,65903.45026951184
1678,3.096328846296259,41.72287305126561,97.89613128762535,1473.511614703848,5.89749699388194,Healthy,65946.5841278057
1679,2.8120092707897237,40.502633296476205,97.37255552606112,1540.242796909004,5.483098988998514,Healthy,66052.57157027093
1680,2.980746018067322,39.5373981141406,101.59834962796788,1458.3761689138305,4.971494662107408,Healthy,66196.68917223484
1681,2.8968275453884837,38.847160847330315,97.58341995246843,1504.7675137166389,5.592862483021426,Healthy,65859.72485455713
1682,2.7225929611873076,42.942069381634205,99.35465859948853,1491.0184813637243,5.276445259617614,Healthy,65385.17237215379
1683,2.9698718563443207,38.60100955966471,104.62682988298391,1538.9565312794175,5.7475813471883646,Healthy,65150.958980040596
1684,2.6708587084347064,37.92586785286001,102.98305455944627,1421.138581454025,5.699523581414541,Healthy,67098.71860368761
1685,3.145869211025646,41.33073787006566,102.70681419983036,1457.4901127092671,5.934753437783289,Healthy,65185.09248486772
1686,2.817076540540322,38.40772639362701,98.50038270876745,1418.0877170452734,5.76825969023781,Healthy,65440.68749936779
1687,2.9518985978412347,38.09987300506774,101.62909683786896,1487.0201639095364,5.825739951764087,Healthy,65908.50015125697
1688,2.969990907642562,37.11279147566047,99.29830659863921,1560.5713751816215,5.300604305292019,Healthy,65780.43030478284
1689,2.863219005259184,39.03418032107896,99.41172036796918,1474.7276395173237,5.74519594876715,Healthy,65810.4328462808
1690,3.034005426961722,39.83456995220701,101.22905603123965,1474.4658030902174,6.097202053474754,Healthy,65278.641465233915
1691,2.8233526020088284,40.486183455321395,98.2090192347372,1543.5862212092068,5.302738360742303,Healthy,65569.27903531978
1692,3.0942594594914485,41.90261248859897,104.47900931332961,1553.427477922765,6.051921487518129,Healthy,65430.671832120446
1693,2.652470730617317,41.053795847331585,99.51960958120618,1495.5714466365605,5.349861639306267,Healthy,65193.93431622936
1694,2.9486092492426157,39.618255560893644,101.85508169877899,1534.2357427024947,5.261741959818341,Healthy,65422.70487088567
1695,3.3127857998116568,39.60360864724056,104.3668014377719,1446.1522729561027,5.608860133006451,Healthy,65777.68277337537
1696,2.726600401745552,41.02031493783036,103.09496132372553,1568.8987166962706,5.7374397915053095,Healthy,65188.899888282336
1697,2.792784339228363,42.54514032585714,95.77324269192843,1607.4353146968526,5.7988583705250125,Healthy,65142.22642317821
1698,3.0327815699317826,40.2526283989664,101.33468768502965,1526.0607895594362,5.239471273768039,Healthy,65634.08051743801
1699,2.9675830230545865,39.06173829157918,102.55215818338193,1395.78341893286,5.661028695842954,Healthy,65530.68017990941
1700,3.003459353188045,38.01426799782891,102.67558906648225,1472.0884868801108,5.327666961888282,Healthy,65791.96822048174
1701,3.0328374260295328,37.109589471175546,96.66011549765611,1530.641266083466,5.089323323178826,Healthy,64071.88488276023
1702,3.063610960379021,41.332539344087046,98.02889428894802,1478.9258501416818,5.260045772006832,Healthy,65352.55959158469
1703,3.160273301724578,41.15595704727912,102.98367470722486,1563.609927712505,5.316063223546588,Healthy,65150.79002270109
1704,3.0219637313857026,41.154727050213324,97.71471888795206,1529.4078632217934,5.700478548105751,Healthy,64357.17380112338
1705,2.8934151357429583,39.74268110729589,99.10091183000706,1464.6762249617102,5.892330765587268,Healthy,64875.79395899942
1706,3.07784807357388,42.8138694917835,104.72762742850591,1501.6132405385626,5.107371344370753,Healthy,65225.560873878996
1707,3.324976386979043,39.03176301083037,99.85660224884563,1455.3083389680455,5.657588322262416,Healthy,64235.42053875732
1708,2.920139917390152,41.91053847441441,97.81967758649847,1490.870756079378,5.201657210935395,Healthy,64821.2812145114
1709,2.753427472399205,39.922514210020914,97.36714792941129,1472.2703379783725,5.746058956037533,Healthy,64985.67683786551
1710,3.1714161338573943,38.78329847064133,100.99815798875557,1558.7380900116518,5.373180825698875,Healthy,63964.490218734274
1711,2.927590433875947,41.185060614635525,96.00055597456837,1605.8006028415498,5.247267961259683,Healthy,64378.857153777426
1712,2.5187994241305263,40.81927223736799,99.25799210831075,1428.4405833382125,5.805232687937606,Healthy,64550.48418832121
1713,3.124484335430084,40.713945518533855,100.99969160497007,1403.8391856895123,5.391923218366471,Healthy,63951.93424722852
1714,2.8496010294758825,40.162556844112395,103.897449461643,1487.7413789074308,5.4758774812608575,Healthy,63860.423400453226
1715,2.940226676872501,39.92421383656634,102.00264424110999,1424.079215058566,4.90733660706642,Healthy,64182.477699068615
1716,3.026396066113803,44.77674398574088,97.85780464605347,1502.3105801835459,5.859965408427041,Healthy,64600.81985845185
1717,2.99976660262248,42.36851329039234,103.53525795269115,1537.4468056902963,5.824939223017399,Healthy,64471.86700059605
1718,3.1052236967611413,41.445653789971026,99.10145488735756,1574.7070948633414,5.5829706866177276,Healthy,63669.29363540683
1719,2.877902725886031,40.22359831640678,96.29289093385178,1510.0697279357641,5.125725717593272,Healthy,64376.083942557845
1720,3.0692878263018835,42.01431440119334,99.48387592220358,1490.342238757521,5.949477420167096,Healthy,63582.03011191675
1721,2.91642399781655,41.0359895527829,104.31450760343711,1401.0807541713457,5.389454317425096,Healthy,63144.91510100328
1722,3.1177620961775006,40.05240950554807,100.49572015019477,1501.30925745929,5.4559939649698235,Healthy,63716.428214476386
1723,3.094740163469278,39.39287134946817,100.03756559298935,1503.564363027473,6.288279883574527,Healthy,64411.484685792864
1724,2.786245592924414,39.83816532467463,104.91163493410856,1531.9478407106374,5.386242400100564,Healthy,64127.98027607069
1725,3.1921964232350066,33.65914852824389,95.70593545883672,1464.5755949235454,5.8226629887279495,Healthy,63749.2140963134
1726,2.8694739776438576,40.42120167859528,96.14320265784168,1478.247369988207,5.7712943452914525,Healthy,63491.64725820447
1727,3.1399448929895626,39.02304783977928,95.1524605870995,1426.0998872347907,5.722384991197359,Healthy,63455.11893194178
1728,3.053457462680268,43.185339996565766,101.11794455944016,1385.4353596557967,5.692600162766353,Healthy,63654.3924529304
1729,3.3493034020256913,40.03868814162351,100.49947938134537,1444.575145460161,5.723583235233427,Healthy,63015.781257077084
1730,2.9386401368589627,37.62207316093008,104.62820910183933,1421.4837092873493,5.694915510615496,Healthy,63325.94632739935
1731,2.9151366407763604,39.900239691743764,100.73042523141031,1516.8356147710306,5.600424492367181,Healthy,63342.21526932011
1732,2.9827827454891205,37.90775782987499,98.7875285215621,1474.093297166657,6.072051603899889,Healthy,62724.462770774255
1733,2.9276973767664782,40.94681483142493,100.00538461863432,1473.0881434962605,5.22753516509355,Healthy,62930.77587455121
1734,3.1499883803884097,40.58189472867897,100.35312225538287,1450.7793476912393,5.930437431204613,Healthy,63505.25339574319
1735,2.668404544979349,41.915679262216536,94.9847161800155,1338.3717283743783,5.873369356272932,Healthy,63254.7559199705
1736,2.782596849504063,38.41823641661087,108.13099493300467,1575.4155374373775,5.838853069732154,Healthy,63045.61910440331
1737,2.781439415684161,40.06801619245629,101.55961305430573,1449.9864738611607,5.967093828292038,Healthy,62694.28628123102
1738,3.1867281850613822,37.26995640914673,100.63002492406777,1479.3789965075046,5.606886848086149,Healthy,63888.42491279461
1739,3.3404560078497187,41.40298956384943,101.84549195283574,1427.2553917355344,5.07664111058527,Healthy,62631.01039266034
1740,2.9791101562925055,41.037742360880245,102.12823294175982,1548.5965171720318,5.6183122020856535,Healthy,63125.79640363087
1741,2.9679023220286647,40.99161004205514,99.5783395434927,1507.1714468518662,5.345308401379301,Healthy,62706.0654559631
1742,3.0173437659559696,40.00323806271388,98.1062765912779,1458.6817357367065,5.425775570375914,Healthy,62918.13964631917
1743,3.237375660521638,40.82954578157758,101.79835205896511,1480.3885194327988,5.275274097850276,Healthy,63078.80487097018
1744,2.821196039828552,43.208678216617194,101.15713252159436,1583.9089961062434,5.507463209133516,Healthy,62114.87170539606
1745,3.05600712988029,39.42981148591597,97.57032970273177,1496.351528405936,5.474346225138299,Healthy,62746.69187792326
1746,3.2050395259564857,40.27729036742017,104.25710683410179,1490.9133231192047,4.942729051021869,Healthy,63295.36432448992
1747,3.111885500654636,37.82774740163718,100.88005610896894,1452.9309256930367,5.868733240051354,Healthy,63530.750946746004
1748,3.051249656653082,38.26347807680334,102.18945808680289,1405.2709424763848,6.327429890734798,Healthy,62534.993013372434
1749,3.2152092185134284,40.19562658618661,104.17576266303976,1491.9980663210329,5.845871158048887,Healthy,62570.840603608456
1750,2.4760202080668194,42.20786709340381,100.06566646349451,1516.274255616231,5.605789479706399,Healthy,63605.66651430076
1751,3.153908397239515,39.487438351496856,100.95085602095234,1554.9792232163834,5.652909414630469,Healthy,63017.4621407996
1752,2.889184863374515,39.52816694137575,102.43008171551836,1387.5751732750173,5.545704239596047,Healthy,62091.35771537239
1753,2.6555400872953756,39.186229510991254,97.82541674859985,1443.7451836488485,5.701679141826754,Healthy,62040.50827455694
1754,3.1255738532383295,38.93048665831135,100.162154988538,1470.9629454721776,5.666230905111363,Healthy,62778.27473089364
1755,3.2997317090325913,40.589942911417644,100.37664575995345,1499.8259575713398,5.427685470880512,Healthy,61744.48143497713
1756,2.9991769637411285,37.00548470964271,97.13182434494982,1492.7483154235788,6.187533183351016,Healthy,62743.863375669425
1757,3.2189082427739213,42.56187915333346,106.95291036602164,1493.9155657156366,5.2391870626204025,Healthy,62317.149981875504
1758,3.352455651597729,38.66915540374108,95.7781196695228,1520.4048029284972,5.9034994629582735,Healthy,62358.86038201354
1759,3.294649557383476,41.44380697087628,96.10568828893852,1454.8353444610445,5.6603073784714075,Healthy,61921.633098259976
1760,3.3613262392076124,37.46000280521225,103.94267972711074,1546.7070721116847,6.2635828778530565,Healthy,61685.087597876794
1761,3.183425498214378,41.33768026109244,102.13979875238962,1521.6726220849741,5.798259379774466,Healthy,62680.99641543416
1762,3.0517533944469855,41.343889215629,96.92210554755766,1484.008386793596,5.590695005511693,Healthy,61776.631359723266
1763,2.7179401709539,40.7684041440118,101.82186704530508,1580.0453995944458,5.6270211738029845,Healthy,61644.53246171307
1764,2.9907875023740105,38.01114295640041,104.40355133499193,1577.8208017785882,5.715972008355928,Healthy,61759.931466060094
1765,2.8730173476034286,40.49909637919615,99.90921082720904,1546.6447677596905,5.363829458167746,Healthy,61846.51106635897
1766,3.4775218768328964,37.63388763053122,107.79646870022374,1349.0721614716103,5.47927247579796,Healthy,61184.58743664028
1767,3.0098228375135325,39.49447348980763,94.82781456739589,1578.9472546358988,5.176516809242442,Healthy,61367.56425289655
1768,3.071307628023564,42.058826201910655,102.0814703615773,1539.7379261235967,5.437773597154439,Healthy,61290.98396304697
1769,3.158630408541427,41.593403854141485,103.499585008663,1600.320431885647,5.745505277831469,Healthy,61972.64015230342
1770,3.0587204892744904,40.03036588508087,102.67403170481575,1561.8732295866769,5.810052514785356,Healthy,61057.01871600006
1771,3.3906768747528178,38.05038684815432,99.38693282006305,1578.9171338748642,5.128867758167747,Healthy,60572.116071120974
1772,2.928803460986443,41.29117542434839,99.12867555396654,1543.932742509019,5.684169822420073,Healthy,60416.45271854692
1773,3.093921491047449,40.03876247539605,101.33243551326177,1567.4346599322755,5.89702298524664,Healthy,60614.809932662145
1774,2.9081725495270576,35.359368803539155,102.4472634599562,1599.706187036722,5.681793008653797,Healthy,61980.769101424055
1775,2.7943288310891923,41.56525965263304,101.80742030884709,1510.8277369189102,5.543196739599994,Healthy,61258.103299742026
1776,2.937646181818943,39.951534332260614,103.12017367238016,1421.3884727960935,5.612351656485536,Healthy,61450.6245434036
1777,3.0542593072569844,42.40490249596614,96.94339012879979,1484.6269549992428,5.5764376601735,Healthy,61418.24386356067
1778,2.9774728884298813,37.80945896231439,99.3166870626291,1519.4972799691718,5.550314165600916,Healthy,61128.09195919616
1779,2.926515804025229,33.646592373608,97.17995220362874,1503.744379218578,5.796147057573454,Healthy,61012.60935167435
1780,2.7854031739323,40.55816771669037,98.84166167174158,1437.6719016920288,6.438973134987302,Healthy,61522.26321490907
1781,3.0517122188075945,40.58312735336395,103.04566267544291,1418.446618740251,5.526223358261778,Healthy,61022.99795715632
1782,2.7690559251937996,36.618656744787096,100.32395176217568,1462.9418665682585,5.656557210201572,Healthy,61599.548739631704
1783,3.2236778594045874,38.04300090826679,107.8205774894493,1540.3869777992074,5.739157284854097,Healthy,61160.41497264493
1784,3.089821283920234,45.51043548743981,100.58021910156916,1579.0169885411485,5.5511270030258455,Healthy,60491.101863259486
1785,2.7834897001070136,39.388778771692394,100.1790756417392,1545.828380688885,6.089470741057028,Healthy,60501.43298806503
1786,3.0148248512566944,41.46191795275243,100.31854875832065,1552.8713643557069,5.051401054674736,Healthy,60336.26759677286
1787,2.927902052215217,38.698680345263234,98.0865739214202,1495.959221341822,5.60601558221973,Healthy,61258.77401097536
1788,3.143834902083836,35.81939420229369,99.82649016286722,1412.8958771147018,6.013494120895988,Healthy,60397.47452352722
1789,3.349756755871296,39.659483506408186,103.38336408133493,1477.2389709558647,5.682438374150077,Healthy,60150.76360160017
1790,2.7082988394041845,39.46879087942779,100.34191200438332,1487.061779406381,5.527081645678246,Healthy,60659.88902056341
1791,3.1080052158294835,39.20024352266326,97.61962081034959,1475.1473756582159,5.908227026331629,Healthy,60401.416446813746
1792,3.0546401075533387,39.770718328987215,97.2247461385641,1502.7347432687313,6.050569637285813,Healthy,60547.28425628757
1793,3.2226013486234266,40.528536543291274,98.64939432500248,1522.0709879946476,5.844523966897851,Healthy,61294.90695194692
1794,3.1326393256475376,39.699766097492386,100.22159030323265,1542.650759412175,5.5436338920561345,Healthy,60756.53540296443
1795,2.9412728003189033,37.47198766410527,103.58075960642878,1486.0940067816832,5.92352766241219,Healthy,60263.505277150936
1796,3.0295225462000097,40.97236958312388,95.97853407590068,1404.8120297177704,5.668718543250897,Healthy,59495.788307897
1797,2.9357948286393025,36.10125648935515,99.04052116633373,1475.8561140354432,6.015556064568148,Healthy,59900.018751395684
1798,3.3118680943863867,35.8992850854316,100.43293005830523,1502.1855198495991,6.239644332123644,Healthy,60455.523051272634
1799,3.102595663067722,41.478360989403136,94.4988826971117,1561.1403961066703,5.015660306626773,Healthy,59464.479480169095
1800,3.4802381371506015,41.01404054427071,97.49920515110078,1471.6096078907947,5.83332024195869,Healthy,61070.48514816518
1801,3.0895345039037427,39.88520926985193,97.96033438079144,1525.6271814199702,5.281946485582379,Healthy,59957.20828131776
1802,2.961651979951241,37.20910299048985,97.6120888784485,1514.5043949817716,6.537869908932264,Healthy,59924.42419660474
1803,2.8022571214774343,38.58417811865185,100.57566863506494,1502.1950266561694,5.667562639861143,Healthy,59516.67740352101
1804,2.746038731415478,39.474506504626994,99.5183211714946,1546.5266659662295,6.034578639214279,Healthy,60048.368878387846
1805,2.7915061447322356,36.80821206285177,98.3341416921969,1466.957940162371,5.802738275454865,Healthy,59170.99909673889
1806,3.1634253302022968,38.52194268395353,101.28388787965791,1471.2406775178242,5.575074625784282,Healthy,60782.446294550726
1807,3.2134116713126537,41.30466067635336,105.16922415293875,1499.4049588452885,5.542050752513439,Healthy,60308.67565232599
1808,2.797095192926907,42.854610728578436,104.91776955022526,1467.992674745315,6.297037085263561,Healthy,60092.148222598524
1809,3.294007662815223,39.1611304946829,94.23168468381299,1525.40061455273,6.110781418053493,Healthy,58854.7854971051
1810,3.020054456329979,41.512976708632195,101.73121655150541,1464.3403847816933,6.409741892879936,Healthy,59602.70663522886
1811,3.1476919357304434,36.171879858825065,99.46593012980848,1511.3152103872567,5.845969333880643,Healthy,60054.543199007
1812,3.442444125651085,41.31890248222722,100.46546602859607,1494.9913615606622,5.9183758863738,Healthy,59696.55269967887
1813,3.301034529839773,38.392103170545035,98.80515089937235,1510.7462982388354,5.75450919697008,Healthy,58848.94544768313
1814,3.0696272037521672,40.61469123341594,100.35276588966161,1477.012930246848,5.751208672398831,Healthy,58974.95312234567
1815,2.9467615549169426,39.50449516352058,100.45422218821605,1483.0455852736586,5.527433920256789,Healthy,59024.03193099701
1816,2.6963035864008056,42.64082801956767,98.26314472795323,1504.8004633998526,5.867869723943971,Healthy,58898.28108275571
1817,2.9845026694848493,38.25112870332016,97.31089735652446,1510.1037253080656,5.608559354867475,Healthy,59914.389417855156
1818,3.087773952234461,41.25521259512366,98.65391295214155,1499.7899042304423,5.980572676649261,Healthy,58139.49343058837
1819,2.93423076123643,39.440985073406935,100.7027777933703,1585.2681178256541,5.9016697323607294,Healthy,59377.959569829436
1820,3.107081939914872,39.683389043980675,101.7969890250528,1450.4631540629357,5.93963794643605,Healthy,58353.848312535774
1821,3.150370376591754,39.63229221368158,102.56004693202044,1496.7898102523643,6.358538981907068,Healthy,58469.37425627447
1822,3.0916954703050505,38.30865379101177,98.51742993079927,1421.3185488941508,5.847351281736989,Healthy,57895.133316565654
1823,3.008332817168642,39.971802068186655,100.85153370190821,1518.6040739333694,6.088351434189362,Healthy,58575.47278442057
1824,3.1737309343933457,39.874703555756355,102.8875077758599,1444.2376731811594,6.479452839225674,Healthy,59555.36582576961
1825,3.2300547965805486,40.48248049681346,103.49678468543239,1486.0844872061712,6.258651787455181,Healthy,58882.4121212324
1826,2.9252535178447645,40.169010291385725,99.82350143760543,1481.3967837334337,6.215284242869787,Healthy,58100.819226500455
1827,3.427186475949254,41.595989099224475,99.33720482518116,1514.0445563300586,5.77999353534385,Healthy,59158.57383718966
1828,3.1269490402098143,41.847017232094736,100.57337270150917,1472.360454122741,5.943559583337005,Healthy,59215.65213178436
1829,3.152103257922303,37.8987533563444,96.55087758130779,1470.2347151153008,5.481850445724351,Healthy,58602.02324051954
1830,3.2916428846513113,41.737545001181545,99.41917146689347,1571.792823204295,6.029674320289324,Healthy,59517.3745790763
1831,3.1983098929193665,37.62732714578029,102.2337591954194,1514.2283395237264,5.9650047199508185,Healthy,58860.78206231232
1832,3.343960660115983,41.17571177627547,101.92584138833111,1471.9474573988866,5.892348870880188,Healthy,58741.32625364629
1833,3.2124248330403646,41.239477569405736,99.18919718690833,1487.4583164094386,6.196158436472858,Healthy,57948.31064641685
1834,3.034179191738579,36.17736621667499,100.6531546032615,1582.2677476135373,5.528334219939348,Healthy,58613.69924281068
1835,3.230634038374554,40.18595849305882,97.52604897912794,1488.241756087445,6.383792188681437,Healthy,58358.39563880225
1836,2.931254758535868,39.06300777327937,102.11047644467507,1465.5361688423807,6.166529406382085,Healthy,58459.914501335516
1837,3.1833786078219712,38.48246948412925,99.76653569159058,1465.7501924936803,5.877476472771074,Healthy,57807.70719042933
1838,3.1566873352044413,42.70170466139801,99.17214564491158,1472.5436759505212,5.856714456988115,Healthy,58164.049442179494
1839,3.123376628545492,38.69264171872516,98.91482849171985,1470.275113878664,6.048183364574578,Healthy,57641.56924989252
1840,3.1409591643788803,38.3872461417639,99.81131839930042,1436.017607582538,6.3629220362858,Healthy,56926.43395001698
1841,2.7919635242338057,40.151389880010186,98.65636706520412,1443.789995152651,5.939815648940336,Healthy,58449.15228428919
1842,3.060255018451808,41.37117949259683,101.97442910800768,1458.5339812819316,5.955209270593768,Healthy,57148.80550915524
1843,3.190235646894889,39.716702827979745,98.81414935595146,1529.5785509226548,5.920102209954428,Healthy,57903.593232391206
1844,3.2053046117328132,42.332741091338505,104.77889228808215,1480.9381356363563,6.451940567143775,Healthy,57966.50106472452
1845,2.9694649718148085,41.061951323928184,104.39563151044415,1489.641915545298,5.809335069118893,Healthy,57913.281507931526
1846,3.4298082348396064,35.64357736053714,97.32536953043649,1563.5044012627448,5.9138143870809445,Healthy,57558.46046320088
1847,3.0050983636904336,38.94106607298598,100.20911280828784,1564.750357496921,6.3643640296116315,Healthy,57785.605737639984
1848,3.3738914401053477,38.8763158012966,98.04803013599141,1485.8937528431134,5.972103250083859,Healthy,57835.483534892584
1849,3.2671055390410038,40.95872190685884,99.02005731043417,1468.4568244658296,6.271784324680323,Healthy,57917.48240787599
1850,3.054087871364573,34.750365887251775,106.0072824029344,1456.778484316323,5.659949316262446,Healthy,58366.720669692135
1851,3.5400621785219024,45.098019417435445,99.0772857486526,1534.6387884854119,5.874412243511446,Healthy,57567.0970757491
1852,2.9479393003153707,41.06205218978842,101.08067811123229,1489.7646383238857,6.383996878198735,Healthy,57432.02442250885
1853,3.372164168055334,40.29775360783538,101.62396388202484,1480.6752554838604,5.73843141860427,Healthy,56896.635517324954
1854,3.3901164636085954,42.36313543283829,96.99811188255028,1459.3167712431223,5.898610288069087,Healthy,57517.97316194967
1855,3.0575426248513375,44.68730810562525,97.43471357677238,1461.5166795494306,6.02367223593411,Healthy,57583.691551570286
1856,3.4718263933461997,41.74149328917681,96.38193288577564,1516.0029095746622,5.652586977935438,Healthy,57103.84840785919
1857,3.1449906970802095,41.89762619294324,97.34208779830666,1434.228086705637,5.827856964413431,Healthy,57422.30625209202
1858,3.254405392522638,40.261380048928764,91.44990967204845,1549.743434689397,5.988457671214358,Healthy,56953.74190322533
1859,3.2503977010875778,39.7169484932661,101.63374720238089,1473.307767809254,5.971337853581922,Healthy,57385.496326044464
1860,3.1731382517058906,39.048409111990196,106.16258152376821,1492.5182027874105,6.344105606251141,Healthy,57456.301157014874
1861,3.363828321298623,38.34777601657092,100.44346221710958,1433.1511020929722,6.425103825116342,Healthy,57399.31393336524
1862,3.3620310774437763,38.62597180060101,95.75119342197817,1499.3817030878818,5.70850787173306,Healthy,56958.92216307065
1863,2.855293605352364,37.29888807131403,98.07167085130015,1483.583952865472,6.001380555750247,Healthy,56330.01592419147
1864,3.467534715242297,39.84825709862995,98.623369464925,1497.4959700571767,6.172941159194096,Healthy,56494.04347367909
1865,2.8758349357261985,36.63066484554723,96.94724566835987,1573.5854449180945,6.428237573073093,Healthy,57047.57866194237
1866,3.4165092408683315,40.38183304828742,102.58054791518546,1508.884902289512,6.191547089195139,Healthy,57924.40615287011
1867,3.437007694032183,39.92733878391532,102.430780133126,1460.2670407927098,6.065940687144366,Healthy,56479.63961423396
1868,2.9951400472902936,40.293870596773374,96.53364461854702,1464.4340044726716,6.181296092928123,Healthy,56827.91883919407
1869,3.1328371424090835,38.95573685996001,102.17524313334252,1529.7565592956885,6.1861306503008775,Healthy,56271.9737212603
1870,2.995525732969479,46.15372074036101,104.5804379907318,1564.9346645496712,5.708352378981356,Healthy,56013.01647787545
1871,3.1753491272755867,42.72023180036062,105.70767461568867,1514.0959010375525,6.047172971085215,Healthy,56111.84206821132
1872,3.158393143162852,37.510914999830554,108.59563606925789,1534.4356372277384,6.429748298256607,Healthy,55358.764011648665
1873,3.3775987731205346,40.465736174853795,97.29402205167041,1530.4868861668353,5.932459636058465,Healthy,57026.717531453876
1874,3.4853950825572553,38.78398771412535,108.47266127918562,1570.953220667876,6.036167326097567,Healthy,55184.93487354269
1875,3.5041367621579913,37.97104054658517,98.93738083447363,1402.5204913636983,5.927245065142193,Healthy,56118.085884799686
1876,3.114233061351006,37.31985585775213,98.22260363385845,1533.3609469652265,5.308508817984604,Healthy,55610.93605232497
1877,3.186488958584428,40.86443338151851,100.98121712463353,1549.1868021951782,6.011510386503738,Healthy,55707.809892318895
1878,2.89331236155581,38.63723952986085,98.25381599772096,1433.0638146932213,6.098537579195861,Healthy,56788.26132986933
1879,3.070492653367429,41.93565204805041,101.19713242193959,1455.7165907996791,5.856918649402396,Healthy,56150.5334950157
1880,3.4263036599528256,41.987564429060875,96.0397684367881,1457.4608625685923,5.666942248667915,Healthy,55517.30192040915
1881,3.558116564709646,42.7478287704229,99.2837421938097,1463.5604901811307,5.751818062065505,Healthy,55655.24143375175
1882,2.9897968922906824,38.29522646785179,103.85674670308504,1475.9141474532237,6.247922951507336,Healthy,55517.259389778956
1883,3.119840481502755,40.95073122138402,99.82881612570654,1512.130140652747,6.613090765247405,Healthy,55828.22716396056
1884,3.234718848608215,41.2649084332846,100.42478736021965,1543.2837325583685,6.43873000227163,Healthy,55886.44584239385
1885,3.297698898430588,39.05164364979207,101.42577581415193,1554.0658478884268,5.6233628652175005,Healthy,56697.787386614276
1886,3.0814126293490043,38.45645608521425,103.51198488795298,1458.1088469416109,6.285721526498545,Healthy,54741.84961700115
1887,3.329812208892818,43.21904133155195,95.0343258634317,1457.7648500648509,5.833051287257213,Healthy,55632.59384262103
1888,3.1518987972524832,40.45499175146411,101.7535721555123,1565.7910920008112,5.859986547914033,Healthy,55442.21615373274
1889,3.2454428791576775,41.27193550142348,99.19558258227471,1532.3371967709322,5.898740653941949,Healthy,56023.27426385839
1890,3.35925684960074,38.355847976344144,100.49991368593551,1504.1432420934498,6.251820084956629,Healthy,55677.409059089194
1891,3.252951120628854,37.56143106695561,103.17985050928714,1523.6668337777483,6.3304426796013775,Healthy,55745.181104057476
1892,3.1660561552280195,38.86110045101578,96.41744004576447,1498.509810907428,6.015924011949397,Healthy,55572.54309300754
1893,3.2330780392148344,39.75195722522,96.96206667567073,1526.2292341523807,6.023678777697593,Healthy,54884.00443735823
1894,3.2389940748255994,37.871559986365305,94.19371012085858,1483.196665174713,6.189945789637404,Healthy,55905.632748246506
1895,3.1843311273569084,39.98031038269924,98.35252317470867,1513.4402467219616,6.223731695190606,Healthy,55649.25245230783
1896,3.20824078746658,36.622989623863,103.99129703313645,1424.4726974815253,6.408867712027559,Healthy,55657.76489586237
1897,3.58139610076761,37.75990515506025,99.63823843457959,1465.6107852587284,5.673355074013907,Healthy,55782.02508525358
1898,3.3755172229215815,41.34182249655375,95.97962531303564,1466.1494411604829,6.067341535274543,Healthy,55308.83755032598
1899,3.205903936394168,41.20758104055579,98.54296376627485,1481.2804983396543,5.743592687232646,Healthy,55790.49620205875
1900,3.406057547568814,39.21624646922627,95.53641488952813,1453.6743372610126,6.0513839829476455,Healthy,55188.81978589332
1901,3.2015694353821313,37.964471381846096,96.62444169480652,1473.322818708846,6.001480747029105,Healthy,54840.4707059877
1902,3.5046249275173285,37.94519289694798,101.16645673079114,1424.279296880094,6.057975163829189,Healthy,54896.69804475832
1903,3.3455951051062853,39.25346350811737,96.47838002108192,1527.435023819745,5.834743800233507,Healthy,54838.078115931945
1904,3.251872904532488,41.289036983290586,103.3379029156099,1495.8743240544302,5.631146395371105,Healthy,54540.30433895473
1905,3.3645433851620554,41.85649138268865,99.78663912750899,1414.7396196111993,5.451668741985529,Healthy,55565.94442418511
1906,2.962491436252967,39.00693652903606,100.25678411183358,1458.2585044726663,6.043312620387215,Healthy,54848.147682751835
1907,3.0529798395513725,37.69301514803043,99.16488109717632,1516.8300713781084,5.956033001583452,Healthy,54697.36923791646
1908,3.0412149987201893,40.53568727573267,102.31854351563118,1472.8489026807106,5.885218700558852,Healthy,54794.13712746322
1909,3.3102552856194083,38.3529300587483,102.34947966333104,1465.1529269930952,6.487431205516165,Healthy,56039.927258368574
1910,3.629836333230352,38.963494722277595,101.00516305573652,1496.2703661495962,5.835501877294741,Healthy,53934.13790570017
1911,3.7312600292385265,42.65055218087407,101.69436731772295,1517.1798767589107,6.521050224641641,Healthy,54027.48074414186
1912,3.414276886954818,41.65423085713154,99.36373099023872,1428.182377148042,6.585819789947443,Healthy,53709.7144912765
1913,3.388502228322225,40.3159486245029,101.62660902072714,1527.506424060894,5.516063193296519,Healthy,54233.700380782255
1914,2.9297884531694525,37.45616199777456,98.98636667357857,1459.985335919631,6.131714437699691,Healthy,54422.75922166368
1915,3.1831319067198622,40.422793134941315,100.00669486648721,1499.10360158751,5.986757719415869,Healthy,54017.33874082946
1916,3.1357765829516855,42.125314581575054,99.17606875190111,1498.2289929654246,5.235792149918154,Healthy,53930.1366009241
1917,3.1708304803497773,39.24873266846893,98.62834438204241,1473.6466940880114,5.678607624079476,Healthy,54221.202433314065
1918,3.2630379029497085,42.70222817997343,97.93266460683463,1448.8170126934642,6.347147498799209,Healthy,53848.94608758515
1919,3.2039152177939085,42.58549057903642,101.40307031157666,1485.7156725953869,6.723093109146713,Healthy,54205.08791359141
1920,2.9041400379248428,43.32746566428695,103.93181773844039,1581.2665154537597,6.390803442809775,Healthy,54557.117173371305
1921,3.4512487178901736,40.6104862530627,103.51330591500867,1431.9162484768185,6.21975640842056,Healthy,54288.515234900406
1922,3.0887847281853724,41.174783399612025,96.2303039921637,1584.6156509552438,6.118933618844007,Healthy,54340.50667358259
1923,3.35284937282223,42.82837457666218,103.86760915422062,1487.0139414461735,6.632798874394434,Healthy,54392.95920575336
1924,3.721483200616661,40.894787874137954,99.04552449514621,1501.768570854432,6.7751384272539585,Healthy,53941.41408005935
1925,3.124456415016049,38.99753178441957,101.80219904543678,1445.6644594307636,5.957280529476078,Healthy,53670.679486978435
1926,2.803942495450734,39.10291432694428,97.28135400385837,1461.4365291661259,5.536004031906913,Healthy,53313.873464558405
1927,3.254465822290644,40.47710990754748,100.42593974162202,1474.854517498099,5.509210427685306,Healthy,53454.41091818214
1928,3.533525260333048,37.41887715610756,100.94116954869072,1447.7152514561044,6.537897630981274,Healthy,53338.157233661535
1929,3.706669490844119,39.713482169271614,95.54618562424105,1489.5541021314564,6.129882437767685,Healthy,53915.83616331046
1930,3.0707567477761835,42.19309423646051,101.82480149903257,1479.6492054096614,6.201639239804282,Healthy,53673.3912772971
1931,3.417673177980638,35.617492297669436,104.03780502351495,1592.5390571217868,5.6121380354463195,Healthy,53798.37893135714
1932,3.2269379086439898,43.06896420358903,99.47605616295512,1441.701290715977,5.926043326163461,Healthy,52819.83157194992
1933,3.3004769958058398,42.24474843740632,104.08050439248404,1505.1345258374295,6.066022422496432,Healthy,54065.87474212054
1934,3.8522020027367407,39.08047076833905,99.43091951964277,1512.3923140950913,6.219684848342555,Healthy,53086.5098142466
1935,3.0244059343209697,41.08678165574362,102.54875359313985,1446.483972567408,6.040422388325872,Healthy,52699.991678962666
1936,3.3774145989655815,40.006295453812655,93.3442901021467,1534.341374772642,5.851468807176264,Healthy,52980.3911175891
1937,3.42187196768642,42.45998073687737,107.25633333794039,1480.0836493559186,5.929963235552577,Healthy,54391.88299629374
1938,3.5471572649878693,41.96536628553988,104.48637473572887,1375.3805174208467,6.53049698578417,Healthy,52906.14156675422
1939,3.3512632973608456,37.19985855363398,99.14612348723897,1532.9924806052281,6.244102052547716,Healthy,52887.45176426454
1940,3.3949434412341537,41.174524826928355,94.08373292006854,1444.1529557948818,6.356980375419998,Healthy,52903.947659685175
1941,3.256670286515642,39.58874429271351,100.86408510491647,1447.6112526930451,5.906337856736801,Healthy,52875.689808284274
1942,3.390492054915688,40.1656651410362,95.66822335877873,1534.3951041446198,5.2925196210464795,Healthy,52509.26196709937
1943,3.2696948782338513,38.54365619806037,101.33456061267246,1482.6419258790775,6.024402041267984,Healthy,52921.60654160308
1944,3.4643143779712107,43.496274138241674,101.23469715749285,1545.888607527575,5.9240288336723514,Healthy,53337.79745409916
1945,3.26774459945794,42.08012363980515,97.17579049299393,1560.508304768266,6.29137034725509,Healthy,52907.14465773935
1946,3.4187534121137704,38.520457672054064,103.36290107084314,1467.753576983885,7.175050447437886,Healthy,52144.41735055002
1947,3.3391474372630046,37.330778786179536,102.41672410841852,1539.6631247977516,6.400549805285477,Healthy,52477.827047533145
1948,3.5718767168211003,39.228654738044305,102.9274700118657,1462.2269599303559,7.015454714481713,Healthy,52324.23629994918
1949,3.338054588615636,40.869005292182614,100.02657311100668,1611.6557958566088,6.367964241935168,Healthy,52576.46973411742
1950,2.995393506358624,40.48041168789245,95.75342779925887,1465.3521497734394,6.011034128728186,Healthy,53165.22583578116
1951,3.604050966809465,42.50626564953649,102.93361681663342,1551.3043720480002,6.3070414901029315,Healthy,52375.558601989556
1952,3.1721868731608094,41.5798394443617,99.18888580259262,1542.1895012940788,6.739524913176646,Healthy,52355.92256556482
1953,3.224246732270236,41.939138051505815,95.830659570422,1515.8043911054467,6.756868778896372,Healthy,53238.82240940972
1954,3.2375344078579684,40.653710801220875,104.05611809792298,1466.472841929166,6.038065456253743,Healthy,52738.10299583583
1955,3.6332209519674965,37.22140253957802,106.29822256150753,1492.4301254029294,6.289288442043123,Healthy,52537.04064105328
1956,2.932865157204261,39.608602937706195,99.8762556130624,1392.3205943527723,5.787219936098657,Healthy,53179.065807650884
1957,3.9892163733986656,42.12017947981733,106.47736346380988,1511.2210019191125,6.466067254074096,Healthy,52394.905627397005
1958,3.574544695146544,39.896954142950705,100.27394418583405,1517.4807665514193,6.687339743050101,Healthy,51106.73642901125
1959,3.4096477828258323,41.00618073724749,98.85863228750095,1506.6749709530686,6.235939836234805,Healthy,52466.33287894018
1960,3.3556878665434096,39.362503369507735,98.10862463744357,1351.3346914353722,6.026451450358628,Healthy,51203.99577144068
1961,3.4254441483048645,37.94037630291631,104.91124722397822,1436.7181777455094,6.337372618716602,Healthy,52176.00268429124
1962,3.474224485675868,39.753311871907776,97.65956835583668,1462.595450857567,6.35723770940895,Healthy,51043.12821293538
1963,3.500709783856678,40.61809488606531,102.20580792992496,1514.5829466594523,6.259009816221552,Healthy,51616.57229480004
1964,3.4844542265340226,38.68862456107711,98.32250849482237,1514.4669452821493,6.290947870634119,Healthy,51618.107735195066
1965,3.39291613625105,39.52857751028667,98.61907971227691,1491.488810401441,6.187855544859189,Healthy,51364.94044638412
1966,3.337198982605201,38.121073516028034,103.0907490819087,1531.7622768301978,6.5414531451345885,Healthy,51525.5740014044
1967,3.348078676602631,42.23848983512819,98.85988946113194,1448.687881234855,6.466201566882871,Healthy,52166.280860180275
1968,3.341018343929464,39.411088484823935,98.78561386173912,1530.5117502846997,5.953069055856756,Healthy,51243.02354392022
1969,3.6084206860400796,42.90551109025237,103.39841409152442,1523.7371052419946,5.947489485719088,Healthy,51822.57043975527
1970,3.5020446777895056,43.05749570108182,104.79219187966487,1518.8777366418956,6.177021008225364,Healthy,51017.17518019635
1971,2.7969222730671444,39.837908070556516,101.9340694098527,1490.8979784457172,6.477051137231554,Healthy,51355.250211803934
1972,3.517846821972619,37.9831025349053,98.03569067312816,1591.537191241563,6.303083890833911,Healthy,51561.91963316373
1973,3.427280572277088,35.828204244533325,98.46817450210726,1524.6597844244939,6.068388210296536,Healthy,50851.73579169072
1974,3.3862582487108206,37.05592585394642,100.23974579122012,1451.583206837322,6.3424555790177495,Healthy,50644.139783544655
1975,3.3139629760488893,37.25233035020268,100.96279018577697,1512.4152737867992,6.167423510809985,Healthy,51495.93907528945
1976,3.618155877330536,42.75693925492301,97.03640226958069,1537.624168853711,6.533479271400572,Healthy,51761.54019967032
1977,3.5845052924245717,40.23164917445389,102.16911381873959,1470.5945700537845,6.371917530520115,Healthy,51110.46749025631
1978,3.2420911331019453,40.77920904818397,100.2565399889188,1554.463612346555,6.1800832104310235,Healthy,50871.34354672165
1979,3.47974379075824,35.55915798212975,94.85287504408561,1519.1016852858006,6.3467889649472715,Healthy,51127.837693844194
1980,3.205668653091743,37.60406714156548,97.21322055261781,1382.8760831167326,6.674514417857261,Healthy,51027.73995938269
1981,3.125743033708881,41.77415955289258,98.48761397904501,1514.9835988668963,6.111777643702753,Healthy,51071.451270355625
1982,3.2779898884153402,40.573548224765176,99.78142693347684,1479.6985422793641,6.406130427827481,Healthy,49635.877449843145
1983,3.577478694476552,39.705589442628806,105.667836386512,1526.8589907270868,6.266861897860202,Healthy,50315.44785441702
1984,3.597291675741884,41.12968471720025,100.71451391841889,1547.2107420125908,6.418761771825297,Healthy,50377.38494728157
1985,3.5109504173527917,43.27159561227163,97.47768433030413,1509.7581023570908,6.096963850854614,Healthy,50825.43381425578
1986,3.5550191573695997,39.5579150729259,100.66189241292149,1583.2626116972347,6.329100629947813,Healthy,50792.93894181113
1987,3.5149023240896584,40.13873960531614,98.94373675763836,1491.0646557718253,6.631013651391707,Healthy,50968.09024434202
1988,3.2850370142887426,40.38519383746261,100.97427471860063,1531.2408911526938,6.020231238959501,Healthy,50728.79087460522
1989,3.501384508934789,44.784219270547986,101.74170306110685,1540.2471286818673,5.905178469002475,Healthy,49899.63246480633
1990,3.576748571712203,35.80128747116195,103.62769194167181,1495.1327015553634,5.919229997320578,Healthy,51223.50230879253
1991,3.5691915992960483,41.36644602957762,99.92714051298992,1538.9387153988891,5.958134574273276,Healthy,51085.959151711184
1992,3.657782674294929,39.770395502481875,104.9168815827995,1470.2663506418917,6.4905969863678,Healthy,49770.901354986534
1993,3.5633274361068796,41.13354345236836,102.72406798760858,1478.871579048939,5.892908760907027,Healthy,50516.352647187094
1994,3.49362297484165,38.68525489201055,97.87768136556343,1434.3755654831843,6.227964729910274,Healthy,50002.28780737849
1995,3.6390300476632857,39.9020699382831,106.62956699724539,1512.0704558185023,6.505486790993213,Healthy,50319.43199460027
1996,3.421362414816855,41.422821158930994,100.9809835398103,1516.2625837927171,6.447664384831245,Healthy,50726.655139820934
1997,3.2519584030877895,46.225820402087685,97.4946264880833,1558.9631579289614,6.209665639344587,Healthy,51215.052133160476
1998,3.3973866072112475,41.61607237880414,104.95873915369127,1539.5570002177942,6.385277119526532,Healthy,50475.638852571305
1999,3.282686137705377,38.30386880393898,106.23333275559533,1485.7602221676284,6.362810265587937,Healthy,50197.467367555066
2000,3.2982976783384568,39.152480635954596,99.90092420884132,1441.0910156332861,6.266061046668877,Healthy,49830.089415845854
2001,3.4060962658568963,39.09317178323229,98.4890492188732,1521.6425201259988,6.272749584403626,Healthy,50041.06743550559
2002,3.278182682466675,36.40871365473997,99.48287512763902,1555.5376586207321,7.0092948970937545,Healthy,50579.88594666416
2003,3.376741027405525,39.339819616597126,102.1441951825531,1537.7592486901972,6.584126604512723,Healthy,49827.645621620206
2004,3.061277066609243,41.46565816364349,103.83356996509154,1554.2238762428644,7.088195275253643,Healthy,49356.943674326176
2005,3.4843254081412547,37.45153576184641,101.71146199259073,1489.4055234400878,6.1975777267905166,Healthy,48940.155067241685
2006,3.4435744284057783,42.09696530210118,100.3051696254153,1476.6690515912178,6.323843354266889,Healthy,49956.523933705124
2007,3.2815822737863622,40.97554964216867,104.49403531091329,1463.15493238841,5.952362270417006,Healthy,49773.644062813866
2008,3.5785158003531476,38.53153335605793,99.06149058084543,1497.2051766693203,6.111796626039795,Healthy,49277.04591336885
2009,3.635847360858645,39.71694072532431,103.09275801510073,1496.070460201559,6.927907277932083,Healthy,50063.00706285365
2010,3.128488027126205,43.19664361528206,99.13581160494617,1510.3338814269557,6.203389713047473,Healthy,49289.11156780618
2011,3.2991217109534237,41.46709562701173,101.29306887403268,1493.5351271482245,6.938451056710004,Healthy,49382.6779540876
2012,3.2995048633758737,40.0175673097963,99.65931230562865,1493.3186135136614,5.992324655129366,Healthy,49391.667933351026
2013,3.2670193797782274,39.52463336607803,99.83244345204157,1461.1652973513928,6.051959289778018,Healthy,49174.523628930954
2014,3.622561635053016,40.15321814090332,98.86784044761337,1547.0809506775745,6.268297300359641,Healthy,49417.93253287479
2015,3.4195681055787728,38.976472884115395,104.03456209354208,1503.8259031121856,6.35420835682958,Healthy,49825.757572966504
2016,3.4070970317378784,35.79050098856197,97.8012218856744,1491.277803285736,6.652926187735039,Healthy,48628.75905094079
2017,3.060894193785316,44.084355821069465,97.77930324235388,1462.6285373375397,6.513897791822546,Healthy,49394.260069237
2018,3.590416939375179,40.3106499983988,106.36298069753533,1433.4043444804456,6.256438756130125,Healthy,49186.079334803224
2019,3.2171483210293057,40.79629453024508,102.93354269396299,1565.3982096274672,6.344005258044568,Healthy,49126.881914772355
2020,3.4786531927199325,39.884184500246185,92.84465890392089,1527.7319354065903,6.2909477907312565,Healthy,49435.92228493705
2021,3.5238087209249715,38.52976639855083,98.3042237823688,1418.8041078715016,6.114937212735614,Healthy,48974.64871260858
2022,3.7421317191677304,39.62815103810246,94.56403198731384,1538.1571150354828,6.1256111190195135,Healthy,49140.11463095285
2023,3.209902586842844,36.80121047561138,97.14792791975424,1546.1240585116554,6.70303183409669,Healthy,49207.932314785576
2024,2.869430902169168,44.55417299610661,90.58445600129788,1506.2188061150464,5.848883854955191,Healthy,48547.8173998097
2025,3.5117699089507393,37.53097600315521,99.58903126691817,1579.905544787588,6.885207609233516,Healthy,48899.5917304069
2026,3.8367689029688377,37.93606743230564,96.57417454251606,1510.8359821061442,6.299768398985997,Healthy,48574.606196394685
2027,3.7261226039212207,39.1194815912272,100.17971577038932,1429.1588236025405,6.173580751415685,Healthy,48583.659110140055
2028,3.5219318830549255,42.57615144970475,95.12463622335243,1518.258450052416,6.629927787209181,Healthy,48438.96930176084
2029,3.3833394295402575,40.029017998525305,100.24873555951612,1512.2448650856365,6.856231641910802,Healthy,48785.54020204844
2030,3.6447578526607955,37.52772840793907,98.75525116563902,1469.8351575610923,6.74862306581452,Healthy,48540.822354509124
2031,3.2902907600591065,42.50867672151468,104.50585889556578,1528.6779418438712,6.566555614807967,Healthy,48647.272017158335
2032,3.5819382205379107,41.46200125357096,104.23407058523688,1416.616736690457,6.744725713583217,Healthy,48391.24131855213
2033,3.589427365166659,41.076869914432905,102.35603680903085,1549.5283413721395,5.906384060190174,Healthy,47547.93949376484
2034,3.702041981499776,41.43146848234168,99.02015865801636,1456.0939148197274,6.267450837553556,Healthy,48315.68420804985
2035,4.043598674448882,44.7887238011649,105.95614118578088,1450.7526937441485,6.1533156486592135,Healthy,48281.76897757841
2036,3.5718165267690867,44.370189790072224,95.34089416648054,1494.3087613846262,6.796724952697886,Healthy,48321.29796857673
2037,3.3932072748585007,38.62656931399341,95.78932411130901,1521.6486464021818,6.316956594322835,Healthy,47853.13540315713
2038,3.491551804228268,43.247769985622305,99.7486507003328,1508.1962031796716,6.6882886337012835,Healthy,47502.265141667245
2039,3.1445181523555097,40.7663363795178,106.76211432676335,1462.867041711381,6.598090416079924,Healthy,48362.30332244714
2040,3.361057373782189,40.9981916322755,99.39298327938974,1474.6955354404056,6.181307919150896,Healthy,47863.1967217329
2041,3.4198101790440463,36.615458336713345,99.45026427037216,1443.3478826311268,6.266579203673781,Healthy,48035.6220238425
2042,3.398515653746415,39.659228469223606,95.67426893166457,1488.7660049185065,6.833478640577751,Healthy,47759.269960055855
2043,3.5354709744067447,38.37435281932687,102.83778875581113,1553.7510607255456,6.215355205394676,Healthy,47846.96908711319
2044,3.3421826801902266,41.65611762978662,102.85952876298806,1499.7868531178062,6.48812694972531,Healthy,47575.3573260321
2045,3.7325394667982277,42.14216100080561,102.36722560419973,1542.9707127379727,6.2185709474354,Healthy,47265.958205423085
2046,3.5100414129836395,35.85102729796738,98.11233798145791,1572.7700668863097,6.361814343925242,Healthy,47936.86583038431
2047,3.509806602438944,39.95593027199146,97.87987969488098,1470.5990740481516,6.444818083475675,Healthy,47348.43995588694
2048,3.4477543900307497,42.24372300958851,96.12063324878508,1490.6713373472317,6.2264733802440855,Healthy,47681.97574044741
2049,3.546038136771796,39.62664207537311,100.2516175052828,1608.5596430531248,6.175865913804836,Healthy,47755.23011095102
2050,3.681686319600194,41.458127290004725,96.7587780121645,1572.2171705989972,6.5525486676999,Healthy,47206.59364219846
2051,3.344907290191153,40.70233093525417,96.46775048425214,1416.3797737093823,6.215912110695981,Healthy,46848.05718281351
2052,3.3883767021849494,40.683320463905254,98.72892784926798,1519.3574158030453,6.228802733290399,Healthy,48613.04280692651
2053,3.460921460911334,39.457370043863406,98.53253147444735,1500.0279996169847,6.192950723556075,Healthy,47086.114062027285
2054,3.2541591486386903,37.56683839172858,98.38606441353413,1541.322655542938,6.453960919433937,Healthy,47611.70857930058
2055,3.3611484280557007,37.75693970514995,101.39933379052079,1462.7510616257473,6.763110490319953,Healthy,48219.73177478505
2056,3.431422491957735,41.41870502891064,100.23714340645084,1458.0195813979665,6.934625257560347,Healthy,47594.953873426944
2057,3.7032111694758787,40.03891651103777,99.13553190846665,1466.1964642353196,6.2675579075352,Healthy,46999.77859558623
2058,3.582512265800385,39.72297551078555,100.54903878493445,1471.4035726900784,7.133093237999364,Healthy,47066.44180623243
2059,3.5703846489401756,39.152219915355296,97.0254188766861,1540.7662083404507,6.189255208454628,Healthy,46633.69639013058
2060,3.7035129257669275,39.389622309038494,100.31583587172904,1440.939941342556,6.818397890331694,Healthy,47440.84821347887
2061,3.5075256423201213,42.09382358897628,100.45180747853391,1468.869305002034,6.279491063795367,Healthy,47233.13535402933
2062,3.6147596366524444,39.32951183626395,95.49085942192755,1410.549380474928,6.237389685705664,Healthy,46642.787090869126
2063,3.5176889827468343,37.31787057339686,102.98708126311108,1550.3558911706186,6.277906486298017,Healthy,46328.91259645078
2064,3.5930724698799255,41.487303551080345,97.35569888431901,1563.551504971557,6.488265690105264,Healthy,46139.38313116817
2065,3.4251149351443506,39.59024667227057,100.2709293976193,1483.6463284568106,6.68065831797675,Healthy,47243.2570019021
2066,3.0555699016780475,40.06279173106555,103.49323522160581,1485.102531759339,6.71029374470478,Healthy,46760.18656447778
2067,3.518144167562739,43.21515661279902,102.7770302731416,1522.661095114145,6.228804495395633,Healthy,46757.49226816639
2068,3.831216293886655,39.95887888529899,100.1030001657065,1573.7241003689128,6.217768880413287,Healthy,46188.525687068824
2069,3.733576413781652,40.57836734623745,98.91250299135379,1520.4305373781958,6.242341725324269,Healthy,45818.2484483478
2070,3.743079496918234,37.64215301740335,102.8425357257267,1465.1229028762443,6.486593679284346,Healthy,46981.30678735583
2071,3.79889281102791,39.56066109529808,102.02408493342585,1419.058871400678,6.459619985409405,Healthy,46471.019518498615
2072,3.571064851525621,41.2190520904172,98.14490493986762,1444.2436868668256,6.2402806947123945,Healthy,46853.617330028814
2073,3.594463141481119,36.889252532317514,97.61531905899493,1503.6609725156231,6.608881108218973,Healthy,46157.03343674223
2074,3.433136287579797,40.40169018623142,93.78293445491201,1467.2336238399603,7.209437309167262,Healthy,46181.59107848157
2075,3.495118762127923,40.20158214528961,100.46209552505076,1509.7483852995379,6.3819186947827875,Healthy,46606.64908831032
2076,3.683154229954228,40.08257491117488,99.7519067649448,1472.3537991881883,6.40594645363894,Healthy,46566.17403982527
2077,3.8024435541004302,42.07431779731649,103.40857412392762,1447.0926784352794,6.7065651377639774,Healthy,46548.78281134298
2078,3.5354440781971337,40.66887702969704,101.0771652804411,1441.1484184273465,6.373688445812295,Healthy,45952.39937344865
2079,3.474962147029718,42.95614379671289,104.00268758251806,1578.1177254686615,6.7446893445154545,Healthy,46357.27361882545
2080,3.5667722584379864,38.01282096881193,97.90790731625148,1544.4493874591822,6.331103854632955,Healthy,46554.54973273836
2081,3.6885746831191564,40.27184913443669,103.41445099290286,1586.525897591398,7.098969215606523,Healthy,45897.613994159234
2082,3.2812290367732917,40.16893357277989,98.41325086268604,1526.9975450377551,6.655432491777688,Healthy,45643.255818112986
2083,3.112430476039219,37.86149101248984,102.33278818537681,1478.5004295692581,6.368659781943653,Healthy,46521.37380165838
2084,3.4632259634350167,41.91259000418269,95.62372482240792,1566.167046124497,6.3807258234925515,Healthy,45472.77713322434
2085,3.330857514817168,44.64934661170564,100.70540589809856,1498.3465999319117,6.405860074187589,Healthy,46064.73824855725
2086,3.4750386271372045,39.96598785103234,94.04593617566226,1511.0420885145177,6.974491566541329,Healthy,45670.78884474007
2087,3.548777269569839,41.010042176547536,99.19858754217474,1497.858781046224,6.184708031052948,Healthy,44729.21719175772
2088,3.489350318195397,40.16903695163065,101.32106198163375,1352.6547890357992,6.367617498862148,Healthy,46164.29703373929
2089,3.872160173560816,38.57283066018565,98.43709434630671,1580.2367506147427,6.402168499589039,Healthy,44171.07318522631
2090,3.6486822862537975,36.35847944439597,96.8486871137321,1524.5501972978877,6.568626943306252,Healthy,44507.9359666212
2091,3.645094871922166,38.58845303380927,102.5383554078878,1516.4911530434256,6.494667092205962,Healthy,45713.665039740335
2092,3.7111080954753475,37.21608323809654,99.68961163045923,1496.911196886472,6.131298317249528,Healthy,45663.535599339055
2093,3.3605667097771796,43.40820415611824,98.53128805890799,1508.1713910193066,6.461386528254693,Healthy,45031.21007106123
2094,3.7978223574840535,39.769780612153525,100.12568776346284,1470.1360532076876,6.554134795044509,Healthy,45373.911045151624
2095,3.5765138093595747,39.30816134190566,107.91000742583677,1530.8289676153636,6.3982373161427315,Healthy,43984.284977111
2096,3.727429456781576,41.77830764957561,103.46050854934464,1434.6450827800434,6.795365980047633,Healthy,45553.4877322353
2097,3.3806285533919684,37.75649779428822,103.48772100456353,1509.3034216235274,6.867822528626093,Healthy,45274.8627435268
2098,3.285914913463454,38.466271923990895,101.3066389569771,1528.0786735285553,6.571150656747849,Healthy,45077.178573333105
2099,3.761911264938339,40.13614453849724,100.49945581773144,1490.0665433088548,6.666495809388552,Healthy,45060.42074106888
2100,3.6752819052195034,42.05753798284696,92.81175313500876,1518.5433896235513,5.951683200795219,Healthy,45246.62708809652
2101,3.421256355795165,41.003370090337576,97.96305896061061,1450.4332803882876,6.4763358350181175,Healthy,44935.54923825107
2102,3.4294007170783947,40.49665028503176,98.55827676039257,1451.7086614552018,6.9067798408607075,Healthy,43962.97224863439
2103,3.830086956882954,40.15623547047203,94.3753238078574,1511.8358560513198,6.480969025046217,Healthy,45948.16611726126
2104,3.3687842880932015,40.800471711053554,96.5277526293537,1533.9274827310526,6.389488163749078,Healthy,45400.400409714224
2105,3.936867923984526,40.40330581025851,94.0574905872321,1406.2567172249144,7.296640011142612,Healthy,44107.52766902259
2106,3.4298758530704263,37.94005545044613,99.88502849290788,1526.1010317555383,7.161723157058741,Healthy,44527.4313847617
2107,3.7393450517883435,40.0921584432663,102.45629791254645,1472.8399249811832,6.758939140411314,Healthy,44531.98290492198
2108,3.5476096381835363,37.852622682164494,103.32032355587299,1490.3596956346294,6.963006516777347,Healthy,45139.42478325448
2109,3.7356374862164685,40.16216508580165,101.24435338623772,1433.0241038217482,5.9562193746125764,Healthy,43470.36553234012
2110,3.507843866243828,39.038704117023514,97.10981097640429,1457.4191379906647,6.390401234478055,Healthy,44250.4958677851
2111,3.585774752118875,45.078763245565725,94.20380452444012,1548.3062662765155,6.488345971381388,Healthy,43569.68177833125
2112,3.628183835079144,39.92021123249658,94.72939390179549,1501.6431686990106,6.561205970339916,Healthy,44257.452242085834
2113,3.4212291755103723,37.191520867476825,96.1930522682365,1480.8610799145222,6.487683460374479,Healthy,44113.74955345755
2114,3.7714982024173587,39.73163957864615,97.33342090589298,1494.1755823684482,5.872325445878429,Healthy,44339.84703369136
2115,3.522357286705683,41.038717491275776,99.52075450602524,1524.4605912332152,6.7558073856125676,Healthy,43947.562800495405
2116,3.5809466835986634,43.34672789230505,96.95750734561909,1522.0247248081669,6.805762905150849,Healthy,43824.48830430474
2117,3.429463458411631,38.82109520012256,101.01692768100479,1496.24864998016,7.125902970810328,Healthy,44459.82834588157
2118,3.117533268240938,36.83514405195272,99.30317949160158,1554.6479555448334,6.41150722056751,Healthy,44327.33637047129
2119,3.593461114146633,41.63367402286196,100.03163713522308,1548.5231318453334,6.389617719332696,Healthy,44325.69917138912
2120,4.115856417655916,37.2388025882007,103.42075165801361,1520.6686014565198,5.849337987543993,Healthy,43911.54995475458
2121,3.7919208575796044,39.12768911698503,96.45930479739889,1502.7305891455035,6.567929949022734,Healthy,43664.1307088874
2122,3.6328145907197884,39.48475902897801,101.2561137348771,1532.8660547559768,6.929000200985318,Healthy,43840.573758989616
2123,3.58575516749168,39.86073309339979,99.95808031457177,1515.7133710900591,6.477802974675518,Healthy,44100.58103503423
2124,3.6444931785624095,41.37832891414867,98.99954115709092,1553.0400035902974,7.3070334455630945,Healthy,42711.610149514076
2125,3.751090489701709,38.632731435427225,102.65576896259788,1544.9780688369153,6.58968821592981,Healthy,43947.05596518543
2126,3.4071707702715646,39.45254149566648,102.63704246367102,1449.0873049291135,6.7134310186199,Healthy,43854.5690936674
2127,3.8678643389337743,39.97145929410122,97.16052761203471,1445.7018414629147,6.263069075825522,Healthy,43681.07545304286
2128,3.7897429297549157,40.29919591503758,99.45351824842622,1464.9375227797962,6.760832770219251,Healthy,43525.34328906416
2129,3.79197047847492,40.19565434941585,100.8436350477522,1548.8069345033462,6.083537394877525,Healthy,42266.940307033794
2130,3.7376951477619453,40.87201155044516,99.18097975593224,1421.1845501614378,6.8881093865039436,Healthy,43280.0733684498
2131,3.655589998205465,41.68767901928347,101.7550639968634,1519.7378694553997,6.899995119537291,Healthy,44344.719355538684
2132,3.7879055805266972,40.785268231301934,100.84357605373083,1518.127154554648,7.093120760634286,Healthy,43406.45064778415
2133,3.7733628267482753,40.90717104701844,105.49768372106804,1558.1324029343095,6.3820093843696934,Healthy,43196.355080662644
2134,3.585858524478462,36.835553666507046,95.40916259221063,1509.0169345331944,6.738835302155893,Healthy,43308.453097795056
2135,3.5436129787539534,40.10045539833136,99.63269203075781,1432.839530470805,6.8624783011492845,Healthy,43427.386434314
2136,3.680371259052397,40.95901509600322,97.27449246546342,1452.0322519675938,6.828684491499093,Healthy,43529.41012234473
2137,3.9714706969657048,41.4578823891409,101.81232236631713,1440.9002239051088,6.439076884126211,Healthy,43035.55991842103
2138,3.4155119182025535,38.61529845153241,95.14848432986336,1473.102801683343,5.983738766466491,Healthy,43312.45980119684
2139,3.371494946849512,38.68192145022271,101.03893813067467,1490.8549216288036,6.808088089065344,Healthy,43888.32540138068
2140,3.6996188349139705,38.8517986494328,98.10985470595497,1441.7279236889472,6.660916763173691,Healthy,43503.12539971636
2141,3.678510873704537,41.07282779978269,97.79751440163696,1573.5330995326144,6.539332155444901,Healthy,44120.150107928486
2142,3.7046683328740815,42.06776210984842,95.66050538937793,1433.735931402378,6.941183609114639,Healthy,42571.61482082414
2143,3.720457306248367,39.1850797854168,98.60477216139698,1567.3051711931241,6.701190805220337,Healthy,43688.09475375101
2144,3.6286928824063724,41.8159246272541,103.25350159087277,1559.2581515719671,6.321574817502993,Healthy,42404.663180038704
2145,3.972972687720416,40.246959618329186,99.92443394941156,1544.9151274844517,6.140564313271133,Healthy,42926.78307337023
2146,3.356485870971364,39.751428445675124,101.88304125362342,1465.3116696251625,6.383977687126717,Healthy,43066.23826461905
2147,3.512633928377284,39.57723154036406,104.99392546589883,1517.122543958845,7.44323702176337,Healthy,42394.61140404776
2148,3.6593490479701907,41.49322272920431,100.79126675446773,1436.131443322469,6.944833032179831,Healthy,42643.98213873714
2149,3.3530289044358335,40.65115563357414,98.32360128381298,1545.5453517516876,6.78725036925917,Healthy,43005.23055122592
2150,3.648162452446919,44.55165085529528,101.40175664554837,1496.3007609231865,6.678835055177592,Healthy,42144.864550844046
2151,4.017294033145603,38.29555071400535,98.36711156105713,1479.5339892706656,6.661782118015769,Healthy,43284.691729773826
2152,3.6908439643258593,41.036203404059954,98.48673195010849,1438.8127576671866,7.0888254616743955,Healthy,41707.70168763633
2153,3.73447351447707,38.941597980376976,95.44032160114304,1376.1246940685492,6.594154610762304,Healthy,43319.84572136419
2154,3.437967046965484,38.26142602602271,102.77877247325317,1448.0729571482123,6.9170761232052875,Healthy,42800.66306739979
2155,3.568394385058771,39.97826572593006,98.84199227305169,1555.6399097806452,6.6421382815791885,Healthy,42205.13721183611
2156,3.618294057268546,40.27470495881407,100.54629473744758,1479.8583285762597,7.331380322883852,Healthy,41998.66589438164
2157,3.631456980648753,45.83634711012019,96.89211421418008,1491.5335571442477,6.974686552273491,Healthy,41896.48586860449
2158,3.9529954256674205,39.631708368633596,101.30784288914641,1532.7777179144227,7.128333711071755,Healthy,42032.102179871494
2159,3.8098715454783587,37.73964254103063,97.71417628559475,1590.2834439058133,6.582010400926862,Healthy,42025.752069225586
2160,3.4777084086125933,40.54602143498877,99.57487383489453,1566.2502327472819,7.077440833770226,Healthy,42627.61312331729
2161,3.750967622353068,35.85071992490727,102.63347809371737,1451.3832498091906,6.66889343904826,Healthy,42934.32705019229
2162,3.8029776830326907,39.816086434791465,102.37227793669759,1402.8714714281298,6.798343780513188,Healthy,41999.68996032701
2163,3.933029807704253,40.03205056459032,99.93390978244918,1617.9807129550052,7.258514301185837,Healthy,41427.185756005296
2164,4.022774803980342,41.589200765890425,94.69560690187984,1613.4495805829727,6.457834149639742,Healthy,41527.13697968189
2165,3.50531449496776,41.947244498855696,108.97843171018192,1509.422679821464,6.834307652724953,Healthy,41658.45460769436
2166,3.547828497757932,38.99286076218456,105.23757691081941,1436.4755877209088,6.907401577555618,Healthy,41184.93894735161
2167,3.4601510948837437,39.69877197074013,102.16802447466489,1548.161326694697,6.93466798090691,Healthy,41060.5292989463
2168,3.666529361511937,38.46775833877866,97.7403886552271,1494.6008156993694,6.6460979854052935,Healthy,42648.563606186515
2169,3.8082716748892667,37.74387489038461,99.65922351489411,1494.3509438446695,7.409879230242424,Healthy,41701.30676297313
2170,3.9141335699844877,40.61978955876127,98.36973871067045,1544.7229421552565,6.398187101064589,Healthy,41083.433433159815
2171,3.703143128604829,37.4528289028068,103.79156781728916,1516.718737343665,7.2269989499230745,Healthy,41858.30178517885
2172,3.6560304953490315,39.17074619885627,100.7875086725555,1440.7092544492527,7.156519681677492,Healthy,40810.826937596576
2173,3.752018265116415,38.009652080201526,97.6475084249205,1483.7629032459013,7.364933303547772,Healthy,40801.993976064456
2174,3.556304753007329,41.09936637258052,98.58773470262565,1533.0576464330672,6.320865203720987,Healthy,40898.47879946788
2175,4.142907744338955,43.60286019853297,103.36356442770972,1525.512611120251,6.539350553633087,Healthy,42077.25664043252
2176,3.405134461243055,37.39682403439334,104.80029354046144,1513.1008287179238,7.250249584415159,Healthy,41073.5599671108
2177,3.765281449112478,36.293963034204864,104.58499469045874,1546.6711477237932,6.242221586944241,Healthy,39929.14650654876
2178,4.134721243845928,39.75022622929986,102.27109619516193,1481.9141506091369,6.3260623296878755,Healthy,41705.032966587794
2179,3.7330266355786663,40.03139559191552,99.24212539359209,1508.9334887609537,6.6641743306532195,Healthy,40896.80931791881
2180,3.6953255263330345,40.4373186135146,90.27545852401263,1331.22104499112,6.870931469920014,Healthy,40075.2959970608
2181,3.6635109154379144,39.10735896953131,100.89148007142467,1477.5174903078594,7.2936675220946325,Healthy,40791.658256018294
2182,3.700588330314185,39.598721402349135,99.9945137234677,1538.1951454287823,6.76308689218756,Healthy,41160.50194830244
2183,4.0129030282686395,40.73502082108121,100.41994628896406,1480.4802766441428,6.638861588913971,Healthy,41052.02458326649
2184,3.2976276177340984,42.08086178528968,100.16169204109961,1476.6886304141444,6.917416981308928,Healthy,41699.20748958241
2185,4.048353406925933,36.08990245936344,96.02121351415254,1447.927352411259,6.967545611654987,Healthy,40323.61606871502
2186,3.4585419028433044,39.26212112193708,101.67222567055356,1550.1682946364572,6.961705279984415,Healthy,40723.36006013249
2187,3.691669534153117,40.427617587882125,101.89664894209555,1527.4231636770285,6.778604137614597,Healthy,40300.21536071079
2188,3.660817782606934,38.164047790778525,102.04701634617898,1541.2707298911541,6.248140832491221,Healthy,39828.903552906406
2189,3.8660439872874774,43.4623392635346,102.83973101072016,1413.6893019021056,6.562048536601434,Healthy,40992.763686152975
2190,3.4303751296232505,38.72918023954253,101.81215493476486,1491.9774978367184,7.266081325580238,Healthy,40731.63478457376
2191,3.844101199883055,39.91741462598544,98.76991176538327,1485.9944496124997,6.898787348059646,Healthy,40591.83922484944
2192,4.1581952579907036,41.11204419368458,99.78748945625173,1485.9714146700724,6.748576697601217,Healthy,40613.39509662932
2193,3.4823651990814377,38.817430422396214,100.27337460176012,1469.1986228141022,7.183450564512192,Healthy,40007.26357365579
2194,3.7946079001887454,36.30685390439117,100.32309834731986,1482.6947864109993,6.511631676955981,Healthy,39797.15245634092
2195,3.6259368977740114,39.14269094616694,102.99465296791519,1542.4822391353325,6.7857288932194315,Healthy,40268.82368608468
2196,3.8451774412386075,42.05888111185408,101.93100625906747,1404.3574323326086,6.897327521552211,Healthy,40780.60570120581
2197,3.7654962221498165,39.326209746429726,106.23203031870986,1588.8647384015226,6.726253415678277,Healthy,40954.03856772679
2198,3.635035951524472,38.307131397082046,106.61940693965401,1524.192056251323,6.891562180203813,Healthy,40497.71635340372
2199,3.862574456974215,41.85134441900544,100.23894874784177,1497.8834052169893,6.807691820573471,Healthy,40064.587213384046
2200,4.1275362886240154,39.3384502079539,88.49003335462189,1545.3417073186463,6.446863752330904,Healthy,40134.891964699986
2201,3.7301525749878737,38.97967837269957,103.7104973983818,1427.4082627415783,6.9237766978970505,Healthy,39955.79692966268
2202,3.9139515884296365,40.29891217932662,98.37887098303884,1466.7649547424494,6.47349446254614,Healthy,39387.028330150286
2203,3.513012075092434,41.54150041923757,97.59554823450698,1493.9462283804723,6.924351204195683,Healthy,39862.32368910529
2204,3.5820460579697317,44.763427063465095,98.8046641750319,1568.2780185216088,7.289574080578366,Healthy,39132.586591205756
2205,3.8694812555760754,41.65447221531485,98.66007085955619,1497.6751709436721,6.795693040817183,Healthy,39687.96138694848
2206,4.07348987237386,42.31967993277669,101.83680943031618,1522.5027335592574,6.53122172767537,Healthy,40518.05255529817
2207,3.8494560030904657,38.98806760202429,95.32169266262133,1470.5210502031937,6.847236989371839,Healthy,40061.42961139168
2208,3.717388393895369,37.94826378806105,96.7668377626252,1524.3421034483745,6.63840866757644,Healthy,39138.44040788173
2209,3.7815249477513375,40.12466269923824,101.02947566259225,1583.8619796487228,7.069019367456107,Healthy,39513.78546517887
2210,3.53325178653939,40.214339830519194,101.86883209123992,1549.7763345837056,6.848936709076478,Healthy,39082.81184412263
2211,3.9059030652710733,37.842974517270804,101.92462493480804,1495.927200611106,7.4089289754993715,Healthy,39418.7431159114
2212,3.9631332791313483,39.64941094019198,97.6388911632001,1533.7745423632734,7.247563545369868,Healthy,39920.55390826228
2213,3.6979152667667177,40.79863520343826,97.06520305220128,1528.8758477303606,6.855409181988913,Healthy,39676.503969154954
2214,3.6959915704480997,40.72078679003616,98.48009549863625,1525.3293835848638,7.118682720391927,Healthy,40542.07204037267
2215,3.844842312597076,41.008575706768546,100.71961825685418,1555.5976680430203,6.788695743917812,Healthy,39846.23870125379
2216,3.7059893861252142,40.581929460274885,104.45643210781765,1555.2238851918733,6.919520398882884,Healthy,39302.00019053885
2217,3.7817734770748355,38.98598268145989,93.85768844268775,1493.6420701562558,6.803569741094906,Healthy,39488.57498706665
2218,4.2166110244999695,38.97219874670231,99.3378137291249,1532.0939530738885,7.144603454621579,Healthy,38998.77841290833
2219,3.748928193184134,37.602097204012246,96.00196467692439,1480.8452539420102,7.347229816346207,Healthy,38486.24787645675
2220,3.728331969595756,43.56955007837019,95.04327196793953,1453.846380184221,7.159594462157343,Healthy,39652.88828914376
2221,3.6721583055396345,40.026900729238584,102.90086993603445,1486.5253122148006,7.199247647052273,Healthy,39454.49573846583
2222,3.952171727633321,39.550293888410295,101.63387372349801,1496.1860924130208,7.202243364504052,Healthy,38779.472892703016
2223,3.7687551653563798,38.14241583709508,101.34830054784179,1416.9209505411004,7.093376776700413,Healthy,38986.96786846567
2224,3.6767920590023815,45.87131580465556,102.76307751919298,1543.016627970836,6.588880818903586,Healthy,39420.4695936924
2225,4.072594139787936,37.85334393555421,98.5608433097016,1361.63372886988,7.443624789158283,Healthy,39173.17571310301
2226,4.093920600902727,39.14230414878785,98.70208745099941,1635.7408469743161,7.477323248009528,Healthy,37968.44937437515
2227,3.6915819535189254,40.83167367257212,106.55719185016773,1575.093956689816,6.868502785672656,Healthy,38771.81001074491
2228,3.44002534306121,41.20042593148855,99.26028683722127,1486.9495637913842,6.830123958768479,Healthy,38516.18423725582
2229,4.016502737967384,41.91586411043137,102.20539633916228,1500.4713180281888,7.127723495874612,Healthy,39106.50034956934
2230,3.6797407015146657,43.615217015538526,100.01914462288994,1515.1485936793642,7.111910517221718,Healthy,39015.52136939133
2231,3.9764584531658875,41.01231531092142,94.45522440976475,1470.541980600553,6.888749512707428,Healthy,39109.303914089025
2232,3.425979236457633,37.887938400066666,93.8661129885962,1509.630957379347,6.576992303323719,Healthy,37841.0528306399
2233,4.000186134326529,39.48610974975644,98.26304734018028,1492.800001114917,7.0463770238915995,Healthy,37957.94423297188
2234,3.5810989474771775,40.61566474502777,103.16830375500997,1495.2863641384517,7.1227642947859975,Healthy,38857.041218067716
2235,3.971152823813305,44.13645208301165,102.36487496990802,1509.0730531740319,7.177746344411639,Healthy,37954.17709232878
2236,3.8295212802339536,37.20438904315141,102.7422314926721,1434.3236100823003,7.067454498372928,Healthy,37439.283509542845
2237,3.6375454494540045,42.405153010450455,97.03886146319105,1501.9784862066824,6.883998788824761,Healthy,38416.29824380703
2238,3.748592737414644,40.35982873909283,104.84761747036694,1508.1723873308738,7.266200611851883,Healthy,37826.39077986701
2239,3.9689303580580066,41.675661070458965,97.10532009944085,1506.4424810677958,6.990421215936442,Healthy,38944.8953851542
2240,3.8545122239563803,39.796010566728135,100.63847319600991,1489.2084622281923,6.833856429023918,Healthy,38148.09227699423
2241,3.9518825960944968,38.31513473974735,99.96894313027678,1556.8928887984687,6.921803985386283,Healthy,38030.12964332083
2242,4.231954783569764,41.50174555880266,99.47837853905624,1482.3173722559225,6.454875956924171,Healthy,37715.37805419212
2243,3.5254850109911233,41.30886205421124,104.01577641488682,1511.3662953411595,6.926660786079772,Healthy,38645.41766696348
2244,4.163442514993725,41.94411393147944,97.88466843950212,1564.8648766962772,7.190530955962401,Healthy,37979.27722994491
2245,3.862537854171309,39.97339072924273,95.95118423286422,1496.0311929989844,7.088601573308435,Healthy,37545.750240921894
2246,3.663576523668708,38.8003559533603,100.05998645861926,1510.7231633733775,7.4455325852276895,Healthy,37302.958146697274
2247,3.578937274852202,36.88242600995232,98.80051979714042,1495.1807681842552,6.913107525795288,Healthy,37613.26347271789
2248,3.80884258851126,41.638746536278816,110.13214875724793,1561.86848967818,7.140860615582661,Healthy,37111.176581422595
2249,4.032663355718226,40.84777896488797,102.02952242931993,1487.1137719206852,7.235155386225065,Healthy,38064.43872083947
2250,3.824490175924493,38.06843473427208,98.77197827434412,1564.1677288644103,7.702857102486222,Healthy,36595.82897298788
2251,4.153897652716136,38.92285265340675,96.83166529243874,1494.8206052676467,7.046096314001958,Healthy,37380.242985833465
2252,3.563098195323022,39.06648237609712,94.35913476829364,1457.0270138275991,6.6920771796741265,Healthy,37705.06677254397
2253,3.852582210430789,37.03403113603516,96.9243427427877,1533.968658528706,7.262378626006584,Healthy,37521.059710054826
2254,3.6061879777840424,38.364635206789735,100.34482531527739,1484.7666083122172,7.570384873457203,Healthy,36941.35851349217
2255,3.9310597098583275,37.732339286387294,104.2819859547843,1531.025044954958,6.916568720265348,Healthy,37580.12935335327
2256,4.03737747801946,39.17504197622413,103.36506742716375,1363.5297807538134,7.2683244615819245,Healthy,36756.98030580705
2257,3.7775143079304563,38.52260500334087,100.68728449493914,1500.2602630947474,7.3872850832353425,Healthy,37138.807671751594
2258,3.3424905620079066,36.7459901582665,99.03049700289255,1477.019735062126,7.32645299652438,Healthy,37425.92078599018
2259,3.904789629359299,44.04518046113896,100.80643706923647,1446.8370656734362,7.061667556742074,Healthy,37281.456389746556
2260,3.9540143770133684,42.50508146205846,98.44408600754628,1472.33794990801,6.817124539202722,Healthy,36662.48049429026
2261,3.9491922843256733,38.441961156960026,105.15509198729163,1471.3148427853673,7.004949468929258,Healthy,37548.74725828218
2262,4.117156438364431,40.54484279330722,99.43242945617476,1497.6007102574708,7.169580136163289,Healthy,36943.34728574277
2263,3.657455930736857,40.83493017964259,99.74098642525982,1431.6336769357522,7.307133423894185,Healthy,37221.49770546958
2264,4.009376554423423,42.38217170954695,93.352532724938,1515.8136890129856,7.137516847733045,Healthy,37564.55050333662
2265,4.113501502495595,38.36278994667984,99.41369546043171,1568.3107392602894,6.926027610037827,Healthy,37308.76027438731
2266,3.520949149865363,42.184213567964854,102.50945241389482,1514.0464248473913,7.209280563511597,Healthy,37260.064703165524
2267,3.9422636985171287,38.90418939158613,96.79683226888436,1540.4494304614504,7.30335885365618,Healthy,36746.33996492474
2268,3.779164033798466,37.328275191662776,97.74783899652157,1554.7281227306898,7.161883016924344,Healthy,36996.967560455254
2269,3.865362132046337,41.448273118629,102.378133053201,1561.8244756092088,6.799810532305169,Healthy,36656.79828728216
2270,3.952868630041001,42.58151684824486,95.57002832944585,1593.5069346410653,6.998911522918177,Healthy,35895.337766110795
2271,3.7875542871772896,45.17581794706137,103.17340302262575,1475.0399000862035,7.34034623292374,Healthy,36601.37189625252
2272,3.7515250508343443,37.600549469819576,98.40356832948069,1464.0758007419442,6.643761324043324,Healthy,36528.180491869236
2273,3.8951638168309386,41.39783937016158,98.83429533852639,1539.1732824162368,6.433379926615986,Healthy,36641.86468076091
2274,3.6725508122274397,39.18039751241293,96.62836478462322,1535.41331098287,7.516424855043207,Healthy,36236.001512393304
2275,3.6745016408896296,41.56671742104806,101.13413878128365,1538.7837649807846,7.22009124317323,Healthy,35869.27222161808
2276,4.029207989924634,37.0590208975375,107.37961595508814,1594.4641227125126,7.251352334089366,Healthy,36528.25304158761
2277,3.665241192968269,37.47446044860287,102.3444917183819,1500.5684954399246,6.748954907911883,Healthy,35493.36385637388
2278,4.029929166848509,38.448250353667035,97.40714421417839,1521.3078279823092,7.295925085706628,Healthy,36829.40956792823
2279,3.990851591904124,40.15792809133617,103.40686175647443,1450.9805874258263,7.159907939603843,Healthy,35934.2909693975
2280,3.5548386542418804,38.71783746692329,99.04996136219725,1606.766056198798,6.604701726645481,Healthy,36122.76408602808
2281,3.7661537361995356,41.318108687826836,104.12345494428268,1483.1727539395445,7.5099516909488235,Healthy,36229.279076640785
2282,4.142155213942808,42.053789236515826,102.42002920649308,1484.5892035919585,7.132938330418952,Healthy,36195.3440224221
2283,3.708766893772064,41.19915508249071,91.1705753035848,1482.6625054495878,6.969174810176219,Healthy,35145.507850024136
2284,3.813785814204789,43.23757527932174,96.98776110113492,1467.7552070677832,6.977269742871101,Healthy,36212.04329027213
2285,4.0007455119837125,40.831653258910684,102.83315566850617,1463.5281475576176,6.488766761703621,Healthy,35901.57691418814
2286,4.066678101856519,37.56620657931967,100.45497181643505,1473.8147858555237,7.274000979889409,Healthy,35382.3693077207
2287,3.8613588894577675,42.72675302707668,96.92873215687645,1431.7102035974528,7.1772238288403845,Healthy,35275.16652452704
2288,3.793831294395005,38.78968752878801,98.09923145351856,1460.7341039868381,7.043109293633405,Healthy,35432.97345897158
2289,4.199473972339701,41.82083699937114,94.28129013973185,1597.448155572381,7.487545562235502,Healthy,34900.629156694755
2290,4.264446599426182,43.14746843311021,99.73488013742082,1536.7827571820685,6.691508960967913,Healthy,36361.13369549351
2291,4.114104943489693,40.9133760214608,106.63206917804729,1546.2952088363859,6.930301590423049,Healthy,36193.07566257166
2292,3.9370636285130054,37.007682373670704,102.41480017219698,1558.8604393708458,6.856997523571884,Healthy,35625.85010048797
2293,3.760013522338481,38.163575666980414,106.57125100356527,1591.7067282181195,7.0310281727352,Healthy,35238.30079182895
2294,3.7572444520220207,42.645488933770274,102.64719126936994,1411.4288724278078,7.137574340910501,Healthy,35201.446006031285
2295,4.029502821053152,39.66175462871437,103.08243803005807,1438.505844235673,7.249004057143407,Healthy,35629.03285308698
2296,4.010346310844404,40.159147069884334,105.92223606323508,1459.8138169552658,7.018574630735131,Healthy,36078.91344975097
2297,4.20865305192262,41.51764883232722,101.13178977802667,1476.5135101755202,6.862126612786866,Healthy,34864.80163020161
2298,4.060090018507228,41.392645724160644,99.43831803547936,1484.9715304707377,7.633802084931133,Healthy,34541.20697868834
2299,3.631050606314703,40.55759962477092,103.09797254986604,1477.6511223596979,7.854158724203237,Healthy,35823.82038679763
2300,4.143722856877917,39.58266325755907,104.36152071136566,1510.9654456566027,7.176319334897942,Healthy,34106.43070620776
2301,3.7353878745371176,39.37466310853529,98.56010607186337,1501.7647695372607,6.90896588989374,Healthy,34445.73459587368
2302,3.859872412276196,41.71579765058269,97.83529275297991,1463.8582602410875,7.581302905979355,Healthy,34776.57105374457
2303,3.9883733745836727,41.10713906213559,100.41656809729264,1391.2225611506215,6.707306201434794,Healthy,34069.78326609747
2304,4.339133497956793,39.48539999876442,102.49449660079499,1450.3565647310652,7.043568002588552,Healthy,35356.0745314033
2305,4.563650377867739,42.16422462598628,102.39427314598468,1472.5380673343711,6.937831551262776,Healthy,35178.45263525255
2306,4.06467794516057,39.74193176974043,95.72749719943721,1487.646028159614,6.801472668198187,Healthy,34412.60338639233
2307,3.908360676255923,38.29667565133121,105.73481820118997,1443.5166270344732,7.0679927301234695,Healthy,35289.80705958887
2308,4.053567796362777,38.48205860219331,98.07650521180945,1475.459676675179,6.895415042914477,Healthy,35324.646214201915
2309,4.125864418508101,38.04251832738047,99.20480500933427,1443.4506305757207,7.16112967257793,Healthy,34493.414675854954
2310,3.885866474888562,39.45517996679263,97.29203692003654,1493.7090324225833,7.168153150301739,Healthy,34274.665911216
2311,4.310708937849131,42.46744855667239,108.09498650781126,1446.3454335818692,6.976267149610073,Healthy,35579.80101387124
2312,3.999347485171614,38.38980963793898,100.7262120108639,1457.5547671814768,7.054179326355173,Healthy,34760.58091104206
2313,4.054548617818279,40.37695152203621,97.4470747579553,1434.565793450543,7.098745309628887,Healthy,34478.162326484424
2314,4.089851517077559,38.686621308745174,102.59177064988734,1492.3249652215109,7.413620485002495,Healthy,34981.77297331981
2315,4.0426506554562245,39.479381917457125,102.3074073379301,1456.6776115023802,7.128804513014077,Healthy,34400.96531750153
2316,4.127788100093923,36.97991757602949,99.43681892926035,1545.3392133337716,7.423410522235829,Healthy,33947.18970704041
2317,3.838216029357282,39.55892354168692,102.52182013835015,1520.292513334645,7.354410561733063,Healthy,34190.07988024378
2318,3.851672982544127,39.61258924039008,97.52412411750741,1496.507406590818,7.352792542403556,Healthy,34619.32714365988
2319,3.7449691534056613,41.080575888071394,98.52124517515225,1460.1257251328107,7.600353791103792,Healthy,33053.90721682539
2320,4.054566912790712,40.44656182651074,93.96935003630182,1519.0260152658152,6.8508494027428934,Healthy,33855.98463028039
2321,4.124120634035756,37.60321575009591,96.02814674734131,1534.5350444674318,7.047378401441199,Healthy,34641.528699290815
2322,4.061554573230377,42.16839648808708,105.42289241701206,1507.1344206100814,7.720989640089871,Healthy,33644.06579945324
2323,4.306565153336174,40.42060608044399,104.92428588316695,1580.1850927733465,7.117471716489886,Healthy,34623.05428021571
2324,3.972214129567524,40.39678703435497,100.19736594594688,1522.9818659037408,6.352796226361578,Healthy,34507.37190967992
2325,4.108748331118503,39.98163529322972,104.98879434156952,1545.6803608784016,7.139109497055634,Healthy,33717.23544225552
2326,3.7583264914388037,38.96448510555556,99.51977654017509,1506.6782707767989,7.243148525715641,Healthy,33415.7303475555
2327,3.900913392838453,40.43560467949745,99.26976909229627,1533.7832226628489,6.42019939810397,Healthy,33506.3205629252
2328,4.119107551513156,40.951176871857164,100.16953194539667,1460.1609383665411,7.608180691966385,Healthy,34932.30724600072
2329,4.151487088815296,36.50620861730889,99.6252352140293,1477.0800818393602,6.996552927506986,Healthy,34487.212223466624
2330,3.9245399438004966,38.92247832530781,99.35441102931946,1517.468177674119,7.311902267889588,Healthy,33562.69548590339
2331,3.970680149628387,39.49010605919282,103.43019432144865,1517.104974077869,7.148205536396781,Healthy,33145.9232241898
2332,3.683091917330505,40.51234121138856,100.45040696186861,1525.3805911471625,6.832161240905454,Healthy,33458.52051779063
2333,3.9169274931720115,42.38662201185425,102.13744529330141,1555.0196446139364,6.900180892942707,Healthy,33471.913463308396
2334,4.168076632703958,38.456518370806435,103.094141575832,1428.7514414092293,6.943475149071736,Healthy,32678.32063119532
2335,4.10670766988798,39.00407630636432,101.1645573869642,1451.2773726194853,7.552368239421758,Healthy,33290.02063460763
2336,4.093466477609575,38.9749317787069,97.08918602227529,1511.4786320537125,7.1850718769032875,Healthy,33861.202162405876
2337,4.004954737436192,38.39694481979092,95.94140233310789,1463.7818184098269,7.075440345034476,Healthy,32250.321659391764
2338,3.9980792983923017,39.30562700977548,100.44634190442191,1668.8884120644682,6.954283992889597,Healthy,33513.291982568626
2339,3.8662691054386435,41.54160443997594,99.48623108552519,1525.7859809585068,7.596178399791171,Healthy,33737.39898502739
2340,4.139765684040507,37.89232900927131,100.26217428676037,1496.083457553492,7.679260381757076,Healthy,32719.721327452815
2341,4.085861255544544,40.85562879030581,99.95183788225424,1474.226536345807,7.598089836278671,Healthy,33797.087879095525
2342,4.101737102931893,36.59619553996333,107.75072098049971,1475.9918858403478,7.393064535079583,Healthy,32554.83146877583
2343,3.899793031466484,38.87732400711559,96.00932123307598,1501.5070330657588,7.334949012561213,Healthy,33070.5413309302
2344,3.575998082692418,39.34102139956403,94.03016119053663,1505.5990966310628,6.885885321273896,Healthy,32646.613657668186
2345,4.227763875684072,43.34971934582813,100.99713050055882,1477.1650427653244,7.179587595320016,Healthy,32596.501821418697
2346,3.9142325087983187,39.45039539049463,98.87073233623542,1486.3423876740048,7.0508419389960695,Healthy,32391.350465120977
2347,3.8391115138580427,35.59751305309816,100.94820360918985,1567.2142287617298,6.711013033971254,Healthy,32999.28774043101
2348,4.1520291157161315,36.0022221862775,101.751649066852,1569.2252481325518,7.5784463590829425,Healthy,33024.40272886572
2349,3.9365974720161736,40.06805917269336,103.85231408553669,1512.6016989967438,7.055251016082318,Healthy,32517.788900211406
2350,4.228653943475991,41.22754171157982,95.47832253884819,1432.937013638163,7.625449238897259,Healthy,31820.01589316386
2351,4.141734523248672,40.7509117152545,98.32984630642851,1526.9251578319522,7.533857253561337,Healthy,32651.585083317193
2352,4.156713864640095,40.33514021160198,101.28628377664229,1577.7141220805513,7.439015392990026,Healthy,32611.007179705346
2353,3.7484755244265595,42.324519195011334,102.31139078706168,1568.489055098119,7.458531888195622,Healthy,32241.642494306787
2354,4.265722130410612,38.920817558525734,106.58034865086516,1536.7212926404834,7.092739168711221,Healthy,33233.615643590405
2355,4.077250106246772,41.78982111205365,102.8671119133416,1571.121147764291,7.837355045387199,Healthy,31468.035367549674
2356,3.952811238817426,36.73597022994716,99.82963421234116,1502.669213623951,7.2956042959525815,Healthy,31091.358144873215
2357,4.057011026801783,38.190104334123866,97.32869274117202,1531.4051484916852,7.3759128388689446,Healthy,31784.582550151164
2358,3.6747529534203363,36.38591721013637,98.30713044184294,1465.961221683741,7.093277099930009,Healthy,32455.212267045725
2359,4.113397228962801,39.450309398660416,98.22189153112868,1514.6132728077855,7.011317088433579,Healthy,31522.07768128308
2360,3.827459031696919,39.90747756546732,101.96570088554128,1566.4767121985262,7.43652213597616,Healthy,31509.514540736964
2361,3.7644659428312934,40.22820298445304,100.77099233675749,1470.5288294256554,7.361254048781636,Healthy,32425.51066808908
2362,3.732194829423088,40.12376670577427,96.02905128747346,1456.9278285267858,7.061860956895893,Healthy,32131.273961398874
2363,4.260871008331318,38.14489333837654,98.6922955927287,1504.8744469511848,6.8698053177007115,Healthy,32038.5304548142
2364,3.914147321261442,39.61951831117357,102.63264266035426,1488.6668898138,6.923023073801736,Healthy,32190.714459732764
2365,4.348412208649966,37.005106662788506,101.05498706492217,1532.457386053521,7.665506781793999,Healthy,31537.40352336356
2366,3.936173040722873,42.7264579502645,101.70593384803831,1477.337023702648,7.125357188938311,Healthy,31510.507962970903
2367,3.7035284084814104,39.392747854203996,101.1487651301718,1585.9219807801358,7.21032743629725,Healthy,32054.889636280714
2368,3.823361778676935,39.02222776191262,104.87929220382658,1435.5161951019472,7.749768744294386,Healthy,30927.5566096094
2369,4.295495657334721,43.17788065688816,100.7081291914731,1562.6867393109867,6.980688164887408,Healthy,30478.640076800726
2370,4.018820364412666,37.515506932901545,98.8419316063879,1461.7575385845948,7.101901552284883,Healthy,31283.35791318607
2371,3.9420092073685464,37.74882577193606,97.25273487659932,1410.200863270799,7.092036618098459,Healthy,31915.436644532845
2372,4.08533697850389,37.80755935026287,100.74882837462914,1511.8937578174434,7.810753877683145,Healthy,31527.779849493403
2373,4.155356547233509,39.864257236601034,92.67788795567475,1487.2696006993058,7.926015050174724,Healthy,31778.645752061508
2374,4.280146429847159,40.86326325927519,99.44713299450187,1444.5195316048485,7.556135634287318,Healthy,30291.852844788416
2375,4.348033179311918,41.47935093623567,99.38248042023596,1415.9311554142369,7.568348750579605,Healthy,31407.748404161746
2376,3.9880462708421827,45.14399063498994,95.90658743914815,1499.581960636427,7.161893499144181,Healthy,31526.93225232119
2377,3.7964571294502587,35.50113509159847,97.215202484032,1548.7918445811908,7.9228652127379515,Healthy,30474.60128869466
2378,3.9806403011086773,41.217471178248836,102.42897259044473,1529.2476746543223,7.421642209640932,Healthy,31531.028795273272
2379,4.117056101316578,38.88573885485554,100.69213524722488,1502.8353324419634,7.599933079334923,Healthy,30994.240551747105
2380,3.873914881424544,38.827169702222456,100.30536500112198,1523.9423786608868,7.315009185035381,Healthy,32535.668350803
2381,3.876903150354325,38.760455743492244,100.91904260179606,1498.639293381107,7.26892355713505,Healthy,29861.38196555163
2382,4.1387575763099775,38.18246065838405,100.27788276384678,1428.5137878484813,7.850912677878836,Healthy,31584.557183837376
2383,4.061936196352576,43.3690496692069,103.72858768857495,1428.9553007388279,7.516583770588158,Healthy,30652.920951736964
2384,4.079892732415651,41.684594654027805,100.37028754511094,1489.841573550766,7.792745971654448,Healthy,29991.42414277998
2385,3.9233009330599864,40.04639195711475,95.62536065854376,1491.9673356816963,7.436598451523514,Healthy,30486.522428217504
2386,4.030586523825512,42.702031504974,104.89038989462323,1542.5491339253383,7.10815670573974,Healthy,30838.739620668734
2387,3.893486704479672,36.974942069402246,101.11102080198654,1537.8652111887372,7.1903304534697865,Healthy,31168.733334782522
2388,4.2580396822249575,37.33858973733815,98.23223880761479,1530.2566507879474,7.3988895727393835,Healthy,31460.98214406609
2389,4.288716533611416,35.644064535610624,96.23979484511494,1485.985864346141,7.182716601853668,Healthy,31260.94654435217
2390,3.7140957608857144,38.60117091975342,101.18774266287414,1430.967391494493,7.041094910745026,Healthy,30017.308989647754
2391,3.899097827961518,40.32339705340951,99.64848398507688,1520.6035568533011,7.736425109536108,Healthy,31015.08234613306
2392,3.787360815648651,40.20571715586467,104.72244035809723,1526.2584656631084,7.215205645419613,Healthy,30595.642478560436
2393,3.9583285464519533,40.29868382211976,98.96227815799952,1380.5734268761157,7.422791157670729,Healthy,30022.698489535505
2394,4.073312406041928,37.17788633786784,97.4878576309526,1458.2830906708668,7.4728400769656815,Healthy,30194.04470326126
2395,3.801737622726961,41.606309485228046,102.68738865470779,1465.447281130305,7.210220729070496,Healthy,29895.07867027764
2396,3.90896137070827,40.479255036477994,102.77584567815049,1505.9175100561717,7.8245731732259545,Healthy,30218.546170968228
2397,3.8942085255837,41.466108562932,100.50595410283059,1459.8319783617153,7.056857471638616,Healthy,29785.17105885294
2398,4.138120132546455,36.2144756448199,102.02907114302472,1498.093271558768,7.473154245740898,Healthy,29586.00296339128
2399,4.112202200740583,40.62298171759558,99.88693863777328,1489.4732529823505,7.471168645246308,Healthy,30289.559563891387
2400,3.955652489332549,37.62446952016494,100.70159530302774,1492.0425264231137,7.383723619140756,Healthy,30314.365274129817
2401,4.137030841094546,39.205353494897274,103.49497264769177,1464.1802853149627,7.013592882685072,Healthy,29856.201499954193
2402,3.9939973164158795,41.068729797272766,101.87595500206452,1468.050747296666,7.6665785988923725,Healthy,30583.825651967985
2403,4.050668977934789,40.18218721251183,99.49217668500212,1445.9866470109653,7.6310532011003795,Healthy,29719.78470675244
2404,4.4413570847263735,38.296920040441364,104.05708763777845,1519.0033720286915,7.207996108089302,Healthy,29648.61272743723
2405,4.376425543691402,40.01254631236883,92.90543388162547,1528.5551314295685,7.625579495494942,Healthy,30080.24449117285
2406,3.8500837526144798,36.93692936951271,106.1562199342658,1461.469102493733,7.528472305890233,Healthy,29633.78720752833
2407,4.277613150242502,42.30053479179659,94.8821227153278,1576.0320048008523,7.034483023058335,Healthy,29692.39886451307
2408,4.275612644231652,39.5894319610075,98.11872152568311,1484.2699276278975,7.165154658961926,Healthy,28339.78076469047
2409,3.8853473422494766,42.23709988851065,99.8772473944148,1576.509281189828,7.765484433466874,Healthy,29558.353692368986
2410,4.280422195417638,38.946936625807915,99.56055798781551,1467.8936413084198,7.5194915222092815,Healthy,28586.40203126437
2411,4.4259197170158435,38.95284802318683,103.01923312007966,1398.6711111700283,7.260042449590145,Healthy,28839.524714500563
2412,3.8954910387511172,38.471626426724306,96.8264901441693,1520.1098912456175,7.174457232648208,Healthy,28732.338730622247
2413,3.9381661024638133,41.75234786338615,100.78230045244919,1512.4272552559494,7.28004852723204,Healthy,28828.708423233085
2414,4.326865626702034,38.58113768534305,98.26536370534073,1501.7196897653791,7.303989474370022,Healthy,29025.573070183873
2415,4.179299062165129,41.28919086483035,100.88542293801225,1467.8883760778006,7.186211090211225,Healthy,29006.75369222724
2416,4.23696192171457,39.23509520466142,99.80568322060637,1498.2713887257091,6.920137432951676,Healthy,29532.13760212856
2417,4.196451176613432,36.04807340021676,100.27880695804893,1474.4370271065236,7.787337319253568,Healthy,29261.193907067347
2418,4.208139184185629,38.85937186442707,98.35022550260696,1484.8825216834125,7.739190101783433,Healthy,28149.462785590993
2419,3.8663722410044494,37.6417835712743,98.46980814971175,1542.0816127882538,7.068690031124609,Healthy,29091.647318773405
2420,4.342796874657623,40.06780544736468,100.86181754208228,1509.2108614765048,7.494226722002433,Healthy,29159.127623291715
2421,4.368917998485554,37.61918452865102,102.83114651726814,1530.4975693665988,7.18532853918557,Healthy,28785.716741873508
2422,4.090788517853061,41.85195020142923,98.20516199740646,1488.4065746687106,7.380196499698706,Healthy,28869.557011546647
2423,4.12963794337056,39.81784827929395,97.39369736628127,1482.8991327097613,7.357903359371236,Healthy,28945.15506269853
2424,3.8337784994888553,39.64480801048252,101.84038049701552,1442.3258734555677,7.335649735284639,Healthy,29182.299798817774
2425,4.244517617870233,41.311784275575164,99.90248832082693,1481.4981693715902,8.067550791889552,Healthy,27962.56000626863
2426,4.2577448216761615,41.92781386815172,102.49149440195785,1333.944272220543,7.337235627930476,Healthy,28577.841480680174
2427,4.132561796600138,39.959802496460696,97.28260835988655,1470.4889016847183,7.229520852479923,Healthy,29404.16804902885
2428,4.371537338640767,38.457599400901415,94.66168322372971,1495.906291140458,7.245892237817553,Healthy,29308.330654148976
2429,4.081517887137345,36.45206076777574,98.400987754521,1528.1836827135078,7.79046642025386,Healthy,28975.46846388789
2430,4.262921185178721,38.62790048592964,97.70094217220495,1486.5661061237522,6.98436930049212,Healthy,28768.412341977823
2431,3.947733798928243,38.765575506704074,99.7636347997591,1517.3836771122499,7.2538797917360105,Healthy,29277.317374201044
2432,4.1486229031584845,40.214114905984594,98.08946435718883,1391.0105669304878,7.919380185366793,Healthy,29358.924000803334
2433,4.120129148419433,39.309706237723944,102.22305085400934,1497.1581573896526,7.561195856399294,Healthy,28285.460005976558
2434,4.201728251074854,41.375865944102856,99.13554921273246,1416.0248603543298,7.548243268177501,Healthy,27815.28377835584
2435,4.084427947566661,38.77403345745862,100.45142349632171,1439.5848242170334,8.132977271376443,Healthy,28114.853841187753
2436,4.133705480865666,39.88591766629412,100.47290367532283,1490.641722606807,7.56990438588455,Healthy,29748.34775688601
2437,4.326876100954967,42.36797488639378,100.58486527723656,1563.8131993936777,7.286210818258792,Healthy,27365.321828637403
2438,4.075980485885689,40.68365042790993,99.92761266863508,1518.560338173503,7.416710216270428,Healthy,27864.730430235293
2439,3.843684579852263,39.87992491662287,101.53180207123094,1500.9115498568558,7.163370307290829,Healthy,27343.6544237537
2440,4.516583447507751,38.796111116129644,97.61303459852257,1499.0234805266448,7.883447778671376,Healthy,28062.381931438693
2441,4.44462414907143,38.73353720657005,104.19825377996165,1464.3185553397766,7.681701848594348,Healthy,27348.654485552564
2442,3.911547460978875,38.2987734940961,99.2903878498944,1472.8008293313658,7.849324244991267,Healthy,27845.624488583206
2443,4.309608227715706,38.9179862684342,96.06535258630396,1521.3688022735398,7.878561845231478,Healthy,26874.95241999062
2444,4.072738379223065,41.51133167748863,100.56422007097532,1430.7319740777752,7.393070099055073,Healthy,28108.810332542325
2445,4.22769744306621,39.55622345741546,97.44645855265755,1529.652702514151,7.236574144397332,Healthy,28361.172628234002
2446,4.2355114924693655,37.300453861237536,101.99600360352663,1480.5746466440573,7.507152733274253,Healthy,27508.02818896827
2447,4.131451773270069,43.53633858611957,106.62881672812713,1541.2778537434783,7.263505012096772,Healthy,27582.43499646215
2448,4.023246866882721,40.63993038229032,97.64028372532646,1548.054672861604,7.577487062622707,Healthy,27518.29638463436
2449,4.043558456203415,37.18611319897366,100.99711699967196,1416.345799374713,7.870295730917073,Healthy,27640.45533761251
2450,4.000094950237084,39.116302145518354,94.73348323388612,1470.9209618386392,7.482891439518583,Healthy,27480.915206516787
2451,4.01863555835391,40.22177276565684,101.36171568832404,1457.2236156029687,7.580998526972321,Healthy,27834.058476215363
2452,4.173231008656796,43.40918418659476,97.34285860060093,1409.3636017463427,7.510512981799657,Healthy,28016.519566725474
2453,4.045181335511182,37.78377508348226,98.12549614469656,1448.3733361895295,7.782151605064643,Healthy,26942.96438875391
2454,4.326410413142524,41.95208143871189,96.69614053048052,1622.062792263267,7.343665281713513,Healthy,27145.335753612868
2455,4.489115897733852,42.79897285394468,102.1964536781642,1530.475494810622,6.887732788173738,Healthy,27700.80972446237
2456,4.0773226850593245,38.74269138985086,103.02191307241979,1595.8643984302878,7.690593991145947,Healthy,26489.165475970483
2457,4.242880900107075,39.444972762279534,100.07015564397553,1541.4549220009167,7.8483503263923975,Healthy,26164.639359077228
2458,4.296603688727253,37.92738150525246,97.40671988399284,1462.9078419495763,7.688578940094228,Healthy,27213.157976449238
2459,4.2927337875171885,39.59307771783939,104.76856910831158,1480.9114401662978,7.365264184692929,Healthy,27298.173205535248
2460,4.215191053583217,39.92682005131414,97.74876961673603,1529.4218090120153,7.219496370544179,Healthy,26638.849906023217
2461,4.3502031503386105,41.319299996164744,93.51390310021769,1521.8753101736518,7.711015926200763,Healthy,26660.674472939772
2462,4.299783123869465,42.18036694204089,101.3751670298712,1471.1328992145834,7.607777019213735,Healthy,26519.90383912955
2463,3.95746751553454,38.5038078707567,96.68567597907546,1424.5003414710397,7.5302622117025,Healthy,26416.537380327783
2464,4.380497879544521,36.06534987154801,102.96582638049752,1664.3880593694369,8.117405669564803,Healthy,27146.7479103023
2465,4.385791500786682,39.95751044144752,98.85658690997974,1492.9425163828598,7.2892933050789335,Healthy,26159.75075650118
2466,4.057342779164283,40.587075059937284,101.81113972163259,1483.713055340869,8.10851110633824,Healthy,26567.238569283327
2467,4.219254233756186,40.498835375370085,104.20450103965648,1505.6667231952651,7.588201838127858,Healthy,26197.331916242572
2468,4.349999131895546,39.34665350498191,96.37342340613783,1487.8635705344486,7.0306621902720705,Healthy,25872.35551204939
2469,4.173137236084128,40.249504199327866,98.30218860732279,1506.136445385274,7.530239203704258,Healthy,26985.089087373384
2470,4.4312622762198695,43.03088961670449,99.77298678202881,1564.347364305821,7.874515489646499,Healthy,26240.08738891323
2471,4.691107832257205,40.76346833792502,104.61265395710303,1493.7725760156789,7.479816823491842,Healthy,26544.220040210377
2472,4.062802793473003,39.25326314999383,98.02485184617866,1441.864478033612,7.149566437628481,Healthy,25645.962060099497
2473,3.9454577460359115,38.99960436580801,98.21648891215298,1491.9178102760695,7.545312307127816,Healthy,25979.030273121763
2474,4.284097052454308,39.66029528464454,101.43442172666742,1476.7799109295045,7.340181621165821,Healthy,26678.043940347503
2475,4.369312501025228,43.27347992366128,98.2683138228683,1571.1949468623425,7.747544320326388,Healthy,27543.635727922654
2476,4.180493391897713,39.633398580947606,100.45757764869285,1558.5559532368786,7.8346866114869504,Healthy,25211.891967804844
2477,4.51898546599754,39.960411310958584,95.34538773709562,1505.37625002154,7.288452211008901,Healthy,26049.446102355287
2478,3.9622788400553497,39.035372858127396,106.6429898276698,1436.0632072590372,7.396258783465305,Healthy,26306.14029907175
2479,4.370250391272989,42.19796671488393,95.95687230907178,1438.7053868280027,7.837659406198748,Healthy,25741.949923380358
2480,4.112161169181554,43.91967450948935,99.03474188802937,1500.7561630792277,7.355680049843645,Healthy,26424.76099349706
2481,4.5788755812414585,40.90122609886278,99.90255689247371,1516.816148466064,7.291352559251601,Healthy,25516.633664669844
2482,4.63516973730029,40.16554580757085,105.73806440307038,1481.2688590336973,7.265059327127791,Healthy,25976.92383010832
2483,4.085002015776664,40.07356566634847,96.02546265720179,1475.9915207896383,7.726944917220769,Healthy,25588.964047750822
2484,4.130088572818283,35.23138642242851,105.95111240643625,1470.3600383410676,7.716747315855239,Healthy,26409.715541477388
2485,4.413584244062626,41.490301728569634,102.27153046330606,1498.8303019878026,7.421452857552954,Healthy,25411.817748482197
2486,4.16590720337543,40.268332831991685,101.25128597326974,1380.8618823963468,7.6308589521718035,Healthy,25524.063101856744
2487,4.235917756413552,40.85668410132145,97.04609893894613,1444.9336685615144,8.090139715246538,Healthy,26122.844518748578
2488,4.251744350775148,38.57707561183259,101.71342372611421,1468.6474577276324,7.342448619591201,Healthy,25085.98067045357
2489,3.8643987020938018,39.23108624204582,97.8295401327406,1560.375159747596,7.051810550630199,Healthy,25584.375028381786
2490,4.247232450781151,39.17795012699366,103.79998375959524,1459.3093179035536,7.776522672716111,Healthy,24588.7328281567
2491,4.113721111853832,42.04324596814608,97.0868139126768,1509.0234070915603,7.60954631749619,Healthy,24906.033270685464
2492,4.154708768853379,39.24248032679381,99.66052451663175,1511.3271375465497,7.4323258072888025,Healthy,25591.0656379454
2493,4.543726400693762,44.1653206442196,98.33418073596049,1564.895825283038,7.843624071206472,Healthy,24854.651245231882
2494,4.0053652878108155,40.86172483803008,97.03743111271902,1563.1288703482076,7.9024342100673035,Healthy,25027.713534088103
2495,4.420974370682928,37.44863468000854,102.22395945072374,1497.1248515602542,6.990849927369306,Healthy,25496.543201023967
2496,4.204207413933638,39.742907413496084,101.6063762422289,1476.2257629405278,7.460220627200553,Healthy,24910.406929426535
2497,4.2057146329675,38.69664975568717,103.627030596703,1466.8083448587154,8.353921536025723,Healthy,25561.42103660818
2498,4.421407712543675,35.61123506035995,94.6603746753755,1487.946838876711,7.836354808072791,Healthy,25207.831393743032
2499,4.333010258913777,43.19894188022758,103.19251210702313,1478.29833228382,7.866831091489145,Healthy,25267.84155596225
2500,4.380789266110573,41.40628508444001,107.51634671607069,1527.6813704679116,8.018534950256111,Healthy,25620.482799369267
2501,4.461970265439905,41.06641463579862,98.64507673246916,1521.0154908742602,7.674453980893251,Healthy,25109.911531307032
2502,4.203738323363335,40.33080732059941,105.6854458363269,1529.5900595572507,7.911005248027486,Healthy,25669.42364523467
2503,4.149219319765116,37.23596486261513,99.21051618382052,1562.9641855718085,7.890085279817828,Healthy,25305.631141518912
2504,4.056303228021774,39.032765720889124,95.88277078731608,1593.1434560700088,7.839045782359161,Healthy,24538.273785082773
2505,4.109917894004209,41.683561549568026,99.08310267277962,1506.233169670378,7.583396408814778,Healthy,25396.574037510636
2506,4.866485551728411,37.897559940434995,103.14461190302583,1554.9731885697827,7.734284343376545,Healthy,24831.933010451474
2507,4.527269249480691,34.936461367498374,97.4854705530054,1482.4169908082893,7.5088248640413,Healthy,24452.66014566975
2508,4.009785126758395,39.54578798443815,98.19898402298054,1559.2503491791508,7.691844291369948,Healthy,24739.19284766044
2509,4.017175075317953,39.71648489194492,101.78061829687957,1553.075457858792,7.340119399036887,Healthy,25106.163412195132
2510,4.379706545677031,40.27112683282942,100.00918035021571,1550.4207984971495,7.456146135951448,Healthy,24727.522547121112
2511,4.394452959475593,41.457037287029074,101.75386885746022,1504.703492059576,7.611306387422521,Healthy,25361.1964162757
2512,4.3964434337301395,41.275211624462415,100.71348862227501,1466.5820918004556,7.415555037237644,Healthy,24943.26527894941
2513,4.237342174622594,40.517539610487844,101.43887595865472,1430.2735781067263,7.5498281521097805,Healthy,24611.580016701082
2514,4.264909147999419,42.39106277617342,98.70309644257138,1497.998139623945,7.654822206973345,Healthy,23786.965958629422
2515,4.357242571498538,36.96206043837337,100.69519282609117,1576.6506271124592,7.82734537006598,Healthy,24160.133742994938
2516,4.310511934591999,41.00916362895478,97.2178809829122,1484.5077549317964,7.994110523889206,Healthy,24235.832069875425
2517,3.851139925450493,41.25307672667388,103.86530086751017,1539.2563292730026,7.572864688586567,Healthy,24498.315750608872
2518,4.250706740551628,37.52087542783952,98.09717584954807,1542.1975700259466,8.115198051847255,Healthy,24418.666520636096
2519,4.12805204648127,36.99425878263522,103.38654246264817,1485.8156889536413,7.998916656920981,Healthy,24134.770205109144
2520,4.335042283781703,38.5081157470488,99.29917911705141,1565.817241875976,7.871228149583183,Healthy,24060.174957688585
2521,4.898718467187349,38.67691711496941,100.60599703227196,1354.5669627759748,7.768761405455653,Healthy,24310.228447538037
2522,4.376829666428193,41.506838927004864,98.5151063473279,1438.8624860630912,7.821069585893896,Healthy,23470.706887185006
2523,4.24229406276552,38.77092243261781,96.95201370649592,1454.218385182077,8.084115345199914,Healthy,24697.75790962493
2524,4.491026967062117,38.28730296343759,94.7657188371841,1459.0142488566305,8.09774056459445,Healthy,22776.416557418263
2525,4.404870910775175,38.77673252661088,96.83402752422262,1516.8131475592947,8.133817351848426,Healthy,24477.704741086014
2526,4.394018898090368,42.23726466830843,99.02827344035224,1514.501890152695,7.748398049563101,Healthy,23677.407235787417
2527,4.433036785309801,40.026086748753904,100.63563753648666,1519.6995286087504,7.905156816166251,Healthy,24151.289907135797
2528,4.724642046299241,39.641497949286176,103.03113793984978,1529.8040747066243,8.144397285319949,Healthy,23781.920217146308
2529,4.088822312934816,39.779989002597894,98.66272762060946,1452.4947715427174,7.556885189525082,Healthy,23723.017205455402
2530,4.411393082028957,42.58412066865304,97.35411770719848,1439.091196659634,7.651141610551176,Healthy,23777.12723801326
2531,4.1330571073370255,38.50165654679352,95.67185564199187,1519.815984100393,7.754144332237377,Healthy,23854.52714454389
2532,4.431102529268449,42.63101658188021,101.44019085371231,1468.488396317678,8.021879621393822,Healthy,23235.58458670638
2533,4.137929364369447,40.42099259784301,104.14958354598804,1421.4762477316015,8.029218311882254,Healthy,23867.399565263117
2534,4.239859970612317,39.6791612360493,103.79899080386886,1548.5672142270741,7.688074099973953,Healthy,22757.76468821061
2535,4.265982017152418,45.001800995868564,102.12979824444172,1569.7550953251148,7.307417163686087,Healthy,23247.33471333694
2536,4.521830010535608,37.888721020402805,101.9156299518028,1577.8580444849329,7.836521849955457,Healthy,23617.98496213614
2537,4.512024222121816,39.292628480865986,105.09287133912802,1509.350386073736,7.489838492134813,Healthy,23647.508789807944
2538,4.080856524710723,37.535137521672,100.99624438425043,1531.2966047986451,7.321019138607933,Healthy,23330.3944241307
2539,4.342653488866636,41.90492394107234,101.93838902807252,1568.4934111680955,7.391505198446552,Healthy,22853.303781022118
2540,4.191417362383499,43.37837786730336,99.037648414444,1467.9292104988283,7.871247635687001,Healthy,23448.353889184353
2541,4.083299017864932,43.33984556280928,95.91386988743572,1555.5338842027045,8.184311208279842,Healthy,22615.316880440623
2542,4.293263256581793,42.44789750629201,97.94845329850128,1513.7698117071604,7.79033502153754,Healthy,23775.70453687444
2543,4.276636775642169,39.60475906440807,99.97252288439603,1545.6855826171295,7.8447475297271225,Healthy,22807.664551250167
2544,4.825343297269105,39.269518045020305,100.18235611750391,1509.3046510437969,8.138868481663378,Healthy,22030.18715289702
2545,4.428258631738806,36.65766045501187,105.77885756456618,1564.8128354874002,7.323330193941601,Healthy,22152.65826599171
2546,4.067809833182485,44.071747070363585,100.2438315027732,1511.1761881270768,7.945386259813415,Healthy,22721.821818439792
2547,4.232045199165811,40.937956156296934,103.53653033207694,1425.801047026629,7.7885230647043535,Healthy,22719.912635663026
2548,4.550943325752546,39.016086190261035,98.69476827527104,1572.596331615736,7.964483904316287,Healthy,23584.828342475532
2549,4.766021887907318,42.656113777973935,99.0649723427043,1452.6234629513945,7.652288160812189,Healthy,22030.75033119289
2550,4.032803337552408,38.05447096648,96.01297708832965,1562.6529105121958,7.5546188128720555,Healthy,22519.731099651966
2551,3.9756817896388577,40.81324406844535,97.77301596137029,1495.487855927984,7.844819337952349,Healthy,21920.289296458956
2552,4.72752636840769,39.65474173141833,101.58094417409126,1558.8005492598854,8.300090730333672,Healthy,22153.672573393298
2553,4.43292283547418,41.2773542797606,100.0226805411824,1556.7384307433383,8.066273031362439,Healthy,23191.98601503467
2554,4.183008120291393,39.872852921627754,102.8288158596917,1521.5071487157686,7.658358835612639,Healthy,21731.83188842199
2555,4.46525915055782,37.09814421777755,100.54376184503515,1525.4267658813565,7.4110417225389495,Healthy,22543.521212033917
2556,3.832850452196624,40.15115274534008,98.94263880508677,1521.1314308596284,7.311379814890664,Healthy,22396.453679507194
2557,4.3623417679860985,42.097728283750726,106.44489059136087,1399.308762185946,8.213496502221812,Healthy,22137.91428682088
2558,4.42889756790195,39.94156718829203,99.71828929386086,1505.9165109449102,7.534808646892586,Healthy,22359.71831159587
2559,4.549854027907565,41.55023024317817,103.48900290911591,1444.1967911964052,7.726345976101519,Healthy,21469.989809028357
2560,4.163887476208159,37.908941028651896,98.79637238036597,1508.5593571872832,8.22303000448994,Healthy,22828.161253901766
2561,4.385470765614005,39.947478413460296,102.1287984381507,1442.8528726808393,7.345162896689636,Healthy,22912.42274756176
2562,4.184915074788082,38.75097908982285,102.78404697745506,1440.7524029386962,8.279679352842518,Healthy,21923.552348879657
2563,4.42274341780153,41.493961680209416,100.62547591172674,1580.246725087695,7.758574530498915,Healthy,23061.55306530679
2564,4.194264068860728,40.06298312452399,92.93655123191019,1553.4723694062095,7.492758338761712,Healthy,21600.48603422504
2565,4.293379832167956,41.38014735267323,100.05475738256834,1499.7928707527922,7.765794721855326,Healthy,21950.21599692814
2566,4.17750358770862,42.17542085231573,103.69138014327993,1509.2384325124513,7.625887632246223,Healthy,22415.94453188727
2567,4.508560581698064,41.38323715024278,101.58244249908319,1487.6041987128497,7.977579273005048,Healthy,21420.497769888545
2568,4.551690223331333,40.546236868587286,101.33751662568774,1528.4938187989762,7.653560269833666,Healthy,20909.22547056028
2569,4.334742552675183,38.00357548297719,94.83322919812744,1466.1972816725597,7.277174003390954,Healthy,20744.141467190588
2570,4.390980932325339,39.9944277786662,97.83863478797483,1549.687013143398,7.787164573010637,Healthy,22530.41328195133
2571,4.095281717073291,38.93381919596833,101.23407289345431,1487.3456579492945,7.449036484314038,Healthy,21185.48767468061
2572,4.326731337065309,39.31187208659155,101.23114983036068,1479.0076502084385,7.919962631863162,Healthy,21307.131618290765
2573,4.378292409924984,39.2509316984995,103.6440003403987,1501.0856509242421,7.505194233648337,Healthy,20793.617960839474
2574,4.914158618205994,38.040148850435514,99.56539973456172,1470.4426585037195,7.717596159048374,Healthy,21774.169639664593
2575,4.169273261511833,36.08532282173202,101.21747226002144,1516.4341174748242,7.921443007930967,Healthy,20859.22007038772
2576,4.68616878108382,38.663713903344465,100.04912272579388,1473.1318705343301,7.805595715823053,Healthy,20954.36848616934
2577,4.594371754693161,40.38675890384832,97.03917179049533,1523.4261801409418,7.947129084900314,Healthy,21299.76020970808
2578,4.452793947564694,37.30364590914502,93.23262600671576,1560.8003269455737,8.078752816381993,Healthy,20567.97703637723
2579,4.75005743017236,40.031364472943245,101.29302907639023,1464.0339156595912,7.5299532234139415,Healthy,20960.708865242887
2580,4.474421094521372,43.80053684862193,100.52184162523844,1493.4712271352414,7.860680737812587,Healthy,21701.104794751634
2581,4.479498505800252,42.04611311050448,98.1454748736995,1523.0665356517711,6.883815527414227,Healthy,21164.127198758448
2582,4.392709202729824,43.287083018241056,95.1424808304524,1478.2071322509296,7.959533323838091,Healthy,20965.271146214178
2583,4.649713776483725,40.78225575386545,101.88921854322622,1523.2160280413332,7.797755760887547,Healthy,20957.432354731933
2584,4.625960513428843,42.33501964597289,99.20223977741334,1527.769943032587,7.5956317376232745,Healthy,20605.432452011733
2585,4.283197875834091,38.552070539064424,101.67062416710444,1554.1630888147151,7.988049160022291,Healthy,21748.076159877462
2586,4.146150561080246,38.71131946595603,105.59214559123528,1469.7004976957544,8.24780927315552,Healthy,20293.921434732965
2587,4.371070539187535,34.52171958772505,93.57570735904089,1452.8612379884762,7.755861342386983,Healthy,20755.463080981965
2588,4.253325620453804,42.3722909480846,97.90119757389292,1484.6211305218128,7.617888986260818,Healthy,20657.512783171405
2589,4.402295085076928,43.08064795963977,99.37187316006425,1451.612383022645,7.953507578731614,Healthy,21054.381253566567
2590,4.664154293603494,38.89364550930546,104.36447852243995,1528.2249102023748,7.505984666672758,Healthy,21051.58696939682
2591,4.326873002315975,39.49209658720553,95.09079094238055,1441.9124349911795,7.711218922172672,Healthy,20433.990597756463
2592,4.411435323737685,38.49227577261808,105.80758307704181,1616.6508209126343,8.27872064849515,Healthy,20545.333246556525
2593,4.433271213628345,40.765307102954985,100.40756770469888,1564.7963930786875,7.933320435610352,Healthy,20514.267376956974
2594,4.59301950977439,42.249865090606484,99.71199801479843,1500.6287884800156,7.353493244149484,Healthy,19163.929172214695
2595,3.975622133203079,36.51445605223792,99.40582071034328,1543.369724649899,7.38090250581618,Healthy,19455.50519876111
2596,4.3053266077136065,40.8188770612845,98.69121090345992,1418.1599067844604,7.971292374460699,Healthy,19897.468154639013
2597,4.4705900717892275,39.44665645656171,103.14435027780746,1626.1686665699779,8.18405050610864,Healthy,19869.200661811567
2598,4.670015791285372,40.22678878393338,96.79443773775269,1470.4892693899756,7.4427135624121545,Healthy,19500.358789017933
2599,4.333286177165425,40.91798800334858,101.03624254493155,1493.975129305032,8.065580448915618,Healthy,20424.791285686813
2600,4.058022792124959,39.62359512245436,98.84745500287907,1407.2033356405782,8.33243638558025,Healthy,20001.059210508738
2601,4.558942289193227,39.79282629318844,97.71359965445771,1524.3143652370447,8.502357696387591,Healthy,19842.65272630658
2602,4.3095941889015394,39.57224966489072,107.75792552705168,1444.6827921461445,8.03803349462463,Healthy,19271.922362746307
2603,4.200400001515261,41.940632403576565,101.25715220426038,1505.0827880783015,8.093374111699076,Healthy,19827.727567877606
2604,4.315130922057355,40.83751992025499,101.83979663398343,1472.786278353773,7.304044671711557,Healthy,18486.657622000694
2605,4.404761595135496,40.44116707547472,103.41333034200599,1446.1128032534828,8.576592431065462,Healthy,19668.52184459708
2606,4.32238440042569,37.45809655781544,95.73595016404435,1459.781924911869,7.776686269404498,Healthy,19731.591834403876
2607,4.003886788580186,39.24284051357369,105.2568757273661,1511.289401704276,7.671958652472488,Healthy,19770.95749216075
2608,4.626079906044093,41.79733832067835,92.47312846451477,1435.9254513565588,7.878104826334779,Healthy,18817.94911826036
2609,4.703308341589078,40.07539314624785,97.69370076988444,1462.5594164488211,8.410835357588963,Healthy,19662.408368345736
2610,4.5803043982679,41.31906293917827,98.6229049804633,1533.163669063224,8.622413814263064,Healthy,18979.284365067728
2611,4.224129532581703,43.53302360065527,101.74517009491151,1630.1239937437156,8.00028927050942,Healthy,19043.765083853832
2612,4.413035026543829,42.077212138417636,100.65615479842447,1523.8794409776503,8.26475858511443,Healthy,19758.965692911333
2613,4.453695736954108,40.18631667539948,99.49955577790482,1454.1369178911357,7.980961214605651,Healthy,20357.056861679874
2614,4.576425544579048,38.978021659608544,99.96400796611682,1481.6442914963845,7.659328024761211,Healthy,19325.67937940134
2615,4.592001431076949,34.8929008078882,97.0659309294323,1501.5794503076288,8.41635643456982,Healthy,18841.452270679885
2616,4.313165240244301,39.66323015505429,95.50830281654748,1482.5287524682146,7.789361755893084,Healthy,19294.335223755
2617,4.478065777949378,39.347975008366305,102.17953486700819,1545.1529083368466,8.43932589867823,Healthy,19619.51457874957
2618,4.554789414256381,40.78073238879075,102.08111833760856,1510.8736741507112,8.370895732264058,Healthy,19410.498782936367
2619,4.756164464429353,39.69218954605063,104.75348312547118,1545.3926192454935,8.168210879187162,Healthy,20421.556436231873
2620,4.6075679746316105,39.35922988112641,97.62994870955437,1484.2778104851186,8.535359093542972,Healthy,18642.33121545267
2621,4.626144670808436,36.44120213898556,102.07844563090276,1566.2750109860629,8.659037143289055,Healthy,19076.11573995965
2622,4.486765325585872,38.120064341699866,99.14887981490581,1491.6757207859227,7.9394269911107065,Healthy,19674.458976709102
2623,4.753758495707366,40.953302081601116,103.57142495558044,1451.4405065431004,7.752028431141737,Healthy,19593.079618509266
2624,4.555285892525232,43.43181526226539,103.06588833003443,1608.8660190521111,7.438052382156392,Healthy,17824.961036737808
2625,4.302782417965285,39.804949232508754,100.63362819767337,1408.7511126519441,8.673404676629076,Healthy,18748.321189980008
2626,4.757340660691705,40.65562214714825,98.98140953000204,1463.0630637347535,7.8707620639911315,Healthy,19442.26038292435
2627,4.617913987841139,41.90495631390561,102.88279653582478,1468.6486074084803,8.345844390463855,Healthy,20095.32149519957
2628,4.391391195774303,38.378212127599504,101.9407135697697,1625.4153136528282,7.785623389747154,Healthy,18951.89794187541
2629,4.385768073186818,40.73362808657088,97.94667879374146,1590.3429442073257,8.472146358940275,Healthy,18366.068353151757
2630,4.542648442361486,38.51901978733568,96.01660397956171,1574.6964071821099,7.8032980557887095,Healthy,17995.398423781306
2631,4.577636959053517,41.729648876982026,99.13440129795461,1483.4670668811834,7.658484259914797,Healthy,19559.371678765423
2632,4.5261251197929075,40.30280609590346,104.54624144604463,1621.3089001920887,7.956114737380541,Healthy,18764.37079323288
2633,4.55059506802191,40.59690362796288,103.43946147619911,1518.4176001920487,7.861800623044843,Healthy,17925.96653655729
2634,4.829991474915276,38.434802805162825,96.66301759098826,1548.863168515156,8.202889935638364,Healthy,18198.42181683311
2635,4.7059752971136435,41.41406471922157,96.49672775230023,1508.9847690553104,8.01124818850891,Healthy,18405.093258414352
2636,4.531460451586338,44.16942584246203,103.82405154903846,1497.5266714338375,8.21764405169891,Healthy,18471.90332694406
2637,4.683262116153496,37.98417660914359,96.59309228572651,1487.411066303681,7.944693558074412,Healthy,17700.190671227105
2638,4.290161885961158,39.320481984704955,101.52788597092602,1489.5180003290418,7.8351344553610245,Healthy,17792.904790937253
2639,4.577918743322694,40.46321494833619,98.15178635399103,1530.4245824339039,7.862265168964511,Healthy,17223.53271881352
2640,4.861861269946622,41.572812423991635,104.85113477356505,1518.3599899387693,8.653481639409307,Healthy,18519.88114480239
2641,4.458057487588191,38.880907429421065,97.68872560258636,1498.4264314898157,8.110217946334746,Healthy,17779.190766614844
2642,4.333806547609516,34.33393941971452,103.43008459061748,1575.4761996349428,7.4502046704974205,Healthy,18133.160824591647
2643,4.374582222281388,42.71837898832805,100.55457596218109,1351.6623465629634,7.891937295963776,Healthy,18561.129254288164
2644,4.288740059198188,41.521012239168286,100.75658456270286,1525.4943623960598,8.079726476409428,Healthy,17909.935071186974
2645,4.351380951707792,36.51410493902667,94.0890742559458,1535.886935332949,8.606953237708447,Healthy,17693.514762025465
2646,4.435898380281994,38.78486241644089,93.39125994038284,1557.3481434127584,8.364609614766971,Healthy,17796.96073844197
2647,4.230553262830937,43.13636485905465,99.33830217919805,1496.756427947332,7.782151315722093,Healthy,17681.596801925112
2648,4.516457000123254,42.89559283691573,100.74071819024984,1510.3960033691978,8.786840059405069,Healthy,18223.082498938973
2649,4.695455434757329,41.87728004535789,96.62440651678683,1549.297419165736,8.054651890559557,Healthy,17705.419198769396
2650,4.335115430637281,39.64777513208028,96.73391976857097,1574.558320214009,8.44056560998915,Healthy,17227.799490210542
2651,4.8221901180616875,40.16597483762502,101.6844178894784,1484.9732007410616,7.722830784113362,Healthy,17973.924528444873
2652,4.622158417705519,39.73814838974775,101.68856344137139,1513.348789156378,7.35255107142473,Healthy,18015.242178179175
2653,4.727782783791478,42.25647956653768,99.58677681883621,1583.9286982174378,7.652137219556157,Healthy,16680.83468658977
2654,4.391766422562906,38.24831518700978,102.34060516355822,1393.7986462060574,7.102233290474622,Healthy,18066.391942384053
2655,4.695905045413323,38.38840069023159,96.47739311283956,1465.4993700092707,8.713626798175873,Healthy,17432.355886604244
2656,4.308279886587604,42.02054917367203,98.93219524873909,1573.2917989301482,8.147026542332592,Healthy,17341.6349750733
2657,4.706382833500635,39.911277088976874,104.94363281735102,1554.6268916804152,7.8079401277989255,Healthy,17653.31231579826
2658,4.564367867958706,42.756934710907615,100.20496638981945,1526.1222605463347,8.223787208994038,Healthy,16816.51180449786
2659,4.642316910663623,38.65697558603891,100.378937543761,1477.570156344544,8.147466877520717,Healthy,17527.082257095462
2660,4.298214412208363,39.89044327932235,106.91783975790322,1455.909075050729,8.279613352017531,Healthy,16811.612265131072
2661,4.3559860315446794,38.1551740303121,95.80197350245369,1470.4392190378812,8.45885942034088,Healthy,16212.52466014483
2662,4.656112310317343,40.01472536284714,102.38929109992633,1577.4004110409346,8.011690320759161,Healthy,16401.121860446532
2663,4.348663732488493,37.0429061260024,104.9919588394243,1468.5778655422328,7.837381541503037,Healthy,17133.510916451614
2664,4.632641258419825,39.02473315809007,99.02542622050436,1505.071148211983,8.352332564311574,Healthy,16327.26583000267
2665,4.268239105374617,37.12749227014376,102.57889236056454,1462.3146177569126,8.347366500032006,Healthy,17555.038061594823
2666,4.712968175866667,41.38784646638251,97.05394150836729,1542.1387015049513,8.139554075769738,Healthy,17294.641726719823
2667,4.298495337046298,41.4331786795193,97.93980281329794,1473.063685982678,8.765266256604232,Healthy,17316.719583016482
2668,4.65712665420257,36.53947453903131,101.1548992481429,1495.1203054922794,7.983320029808171,Healthy,16662.389289838706
2669,4.673459520062533,42.66777149100115,102.39570001933177,1415.8308933478588,7.847375941842754,Healthy,16678.93080864748
2670,4.410645636314085,44.994830252839705,103.36280953721874,1419.331588189753,8.24542742825198,Healthy,15903.144072877862
2671,4.668071980083611,40.09201277347268,104.70888576081848,1500.3836596660753,7.920185309592618,Healthy,16947.891755078745
2672,4.605421786000044,38.71777147955071,99.79766032433446,1433.742142240112,8.273988290576803,Healthy,16589.916727518543
2673,4.447231628761452,45.648661182006094,103.58083526551776,1605.2543319667252,7.878097523248168,Healthy,16633.65281264613
2674,4.354955729851425,37.36206300339498,98.97308546965256,1396.9238443943875,8.010593981787101,Healthy,17144.155905726442
2675,4.165808194998817,40.0402129337382,102.70627393476481,1459.9912350667948,8.700585459345083,Healthy,15947.018508026245
2676,4.6299300094599385,40.35924454526385,100.62246639355655,1500.8350433633775,8.014323792975695,Healthy,16136.929225061342
2677,4.248706112394255,42.69029524090483,101.33703372124577,1481.7433531102108,7.899011203461477,Healthy,16313.335460771084
2678,4.582402173221595,40.71947795025358,101.27052362206611,1444.792727166804,8.492536969945284,Healthy,15632.282297270647
2679,4.51231035678355,39.0027322084231,95.18588497060657,1452.1036080252366,7.8286874149139924,Healthy,15956.20058936158
2680,4.7024952217543055,38.09763125922409,96.62763442341767,1450.467296125038,7.938783697622546,Healthy,16246.474905233485
2681,4.507924233435361,39.31635635950773,100.30762431945257,1485.663915258997,8.322301669486032,Healthy,15787.289364313585
2682,4.504110442730581,37.98614527810971,94.9381627610765,1597.5964544758713,8.433523427161989,Healthy,16554.494704864555
2683,4.718040807524326,40.095650639569364,102.49363330959926,1503.8968648279106,8.52080958399099,Healthy,15094.537719091502
2684,4.6403449391501566,38.871607640279024,102.61466789886443,1559.1450244693763,7.933166783667188,Healthy,16361.38562011667
2685,4.638231191436555,37.0119244134205,100.98151165863337,1525.3488172914072,8.338802601895836,Healthy,16080.592737408002
2686,4.670520184628371,42.51029157674981,96.63659796172624,1555.693119899111,8.022834206803413,Healthy,15415.585706221704
2687,4.271218908691912,39.00465495314192,104.14041681660555,1360.0017848703208,7.9836366432801436,Healthy,15187.795715885
2688,4.731357735997396,37.46372639004937,106.11163191915507,1484.7770989425885,8.528963834687685,Healthy,14559.858691378775
2689,4.704160425469387,39.663481731024916,100.44123048233793,1565.3567711575356,8.00580034790879,Healthy,15152.412493793083
2690,4.379996707618034,40.13674313193532,101.53160613535371,1471.4132088625333,8.256794712139627,Healthy,16023.588327501498
2691,4.53618390526516,36.507066548841934,100.60521596438814,1588.1236582434806,8.222673840769192,Healthy,15421.957136860663
2692,4.57880520914114,40.66329533425152,101.5911075669964,1574.194507688388,7.857440353765115,Healthy,15981.490440195921
2693,4.561433976452986,37.905684862619474,99.64132373012082,1476.543464193627,8.47116118994023,Healthy,15040.064464687724
2694,4.656771993313707,43.42205761838157,99.89630728046859,1474.8418240476822,8.352084268103686,Healthy,15653.553080053282
2695,4.877940023032902,41.04792102415347,102.71715280149209,1449.3197078822766,7.590779483105541,Healthy,14891.250698957789
2696,4.809686678867899,39.20020001978137,107.03687248568932,1468.52028840681,8.272559666704536,Healthy,14717.212496895081
2697,4.332556161313718,38.5096644593653,95.79978629679478,1438.3705467915543,7.960107969750014,Healthy,15096.436391414662
2698,4.721080664727875,39.79006458487275,99.6885625467911,1521.4405590216502,8.523789258590455,Healthy,14767.516744340002
2699,4.864119997240414,41.22558148316658,96.45861854430376,1427.1976753326783,7.763713382299105,Healthy,14278.588925481394
2700,4.67736170413784,39.9490117428296,104.77607469572825,1530.186650809511,8.093056909411136,Healthy,14908.842649641503
2701,4.81986275170386,39.565682385726284,98.2367860920403,1531.4039348450124,8.311274031963205,Healthy,15003.217708215645
2702,5.005787422473485,40.11674058163579,95.67039761864262,1416.939779740804,8.221635421575895,Healthy,15534.179305748034
2703,4.809741909221396,38.792282137526094,101.91456099654572,1577.490930316417,8.436887477014192,Healthy,15318.40283856653
2704,4.656528385795013,39.313588146313926,105.23293334422934,1525.6804647207612,7.75514007086388,Healthy,15409.971599616416
2705,4.817351028150283,35.828415122189995,101.99079360568228,1537.4849010722435,8.708907634393546,Healthy,15110.178749196753
2706,4.638977566619378,41.947452461704735,100.61439363184576,1462.0667399228614,8.373543397636482,Healthy,14866.306379474987
2707,4.616447275323657,40.597595560643526,101.22742276832798,1531.118955923656,8.626582130566936,Healthy,14035.527546764053
2708,4.543050486190586,38.453088311933136,104.24452198847666,1556.3196724861032,8.483605384103306,Healthy,14674.936098967637
2709,4.927682671766422,43.79746996271048,97.37740218995755,1495.069580049766,8.220516965663487,Healthy,14848.396888665407
2710,4.4529809334782655,40.17403296078477,99.66445868774106,1600.0961229624181,7.841407203393318,Healthy,15228.718974685218
2711,4.924806878268956,37.92771285604961,98.6419295544714,1502.203231745647,8.060267378958722,Healthy,14793.144270865907
2712,4.719972824748075,41.71347484294092,96.49640407812487,1557.0392900226236,8.708868999858772,Healthy,15020.19171730271
2713,4.341805431706278,40.796096433018526,99.0148742217496,1514.6504403629328,8.65029800116358,Healthy,13834.001054317381
2714,4.696863191931618,40.78915997096844,103.32316328794735,1529.2760766428435,8.051453339302226,Healthy,14136.791186925953
2715,4.204994698469675,39.14848879069682,101.69980644517818,1416.4333866182615,7.394508714139347,Healthy,14464.675356830636
2716,4.751768270032874,40.900991447556066,101.9329315003246,1518.5526869107682,8.178859746375132,Healthy,14780.47634537128
2717,4.8053796299311315,39.47648341955781,100.43942683495996,1463.2512449371368,8.159022466894598,Healthy,14077.38567708054
2718,4.511528808869589,41.111882903291686,101.56997134818576,1457.6800847111156,8.173068216387886,Healthy,14058.777020425423
2719,4.656376205857782,36.19011109197872,97.59822897295568,1587.205159223299,8.409228427216087,Healthy,14393.570153001489
2720,5.02416482008339,39.13225307404162,99.07147034221832,1489.3114875968824,8.516197107129832,Healthy,13437.064586427437
2721,4.533850659147612,43.44431019561639,100.57601271090603,1449.8349084512251,8.553089864129857,Healthy,14753.702274911715
2722,4.4248851492553465,38.4658650891994,100.83254757664567,1482.0434185945562,8.392379408707276,Healthy,13460.431953446157
2723,4.9346660138258525,38.792323405013626,100.96056356476562,1434.9774885539043,7.721102122756542,Healthy,12890.705288220348
2724,5.032517438106159,39.10407732310005,99.58499415395087,1571.6942234098135,8.161640080192011,Healthy,13805.03350426129
2725,4.642405801036236,37.57038772822271,98.86772979660901,1465.2159627916742,8.957893601731422,Healthy,14599.229351187783
2726,4.845625940415004,35.58343844754349,109.4733138491329,1526.4649966971836,8.381598353774075,Healthy,13993.226565166806
2727,4.913295183106176,39.538827202952774,102.7203618187972,1567.8053357105164,8.38234587053316,Healthy,14025.545271501816
2728,4.4981698201589895,40.27171884816332,101.23944242785787,1474.9923659392634,8.382512448598824,Healthy,13620.692881153556
2729,4.551272166259759,39.89498986292269,99.30037450538082,1526.6011216136394,8.40194722008513,Healthy,13473.811251364412
2730,4.896174902630946,39.710242876104225,98.64634351916837,1448.4956972547784,7.565066345674224,Healthy,12727.545315203442
2731,4.988669522408368,40.086081741700774,99.60759821881913,1622.2884784556843,8.210809371593347,Healthy,12320.306871047907
2732,4.765909505368203,42.045682943101525,100.87848653076006,1546.819006730831,8.273965483794926,Healthy,13498.136169220432
2733,4.479037129299589,39.61910762814156,94.35869336781076,1490.3696780619598,8.672448619776024,Healthy,14006.274597170113
2734,5.054078889006554,38.85183484582546,95.29183121387595,1461.3583134555518,8.304968535053355,Healthy,13472.066852414033
2735,4.55213915377094,39.43774903022383,98.08935283318313,1494.3001723580187,7.79937991735275,Healthy,13561.799763526007
2736,4.59297244376571,41.15869351951355,100.6214183103357,1483.0008138824242,8.425026746851525,Healthy,13991.85877281977
2737,4.73013423356459,42.824053757086496,99.28218055854444,1597.6472276999752,8.057519272193842,Healthy,13314.383425720529
2738,4.9741654174762875,38.74371252166164,104.43436367829845,1438.723263889255,7.936297641008907,Healthy,13038.67244984619
2739,4.835795195310444,40.19786757405777,95.5528096390127,1506.7400711645103,8.053752285985025,Healthy,12640.737597174968
2740,4.749639766739048,40.67671488387192,97.74596359118989,1499.0830966683145,8.469417935566021,Healthy,14011.106281486043
2741,4.760991039356954,38.01484398654235,104.5602752229733,1494.1294849827566,8.686961705261353,Healthy,13213.27388957684
2742,4.678702933728693,40.04083433442584,100.39335797402543,1494.569167253083,8.456878983553278,Healthy,12428.199142040334
2743,4.7832945695703675,37.06865228531581,102.65452774840348,1494.196459493976,8.504273633751774,Healthy,12264.416166099381
2744,4.167421317794473,36.461899392521204,106.15374082980838,1543.653303316605,8.459246915184734,Healthy,13426.531863464457
2745,4.61567850818604,40.733492815784516,97.91858674629454,1530.4492223246218,8.35039815305814,Healthy,12231.279151795838
2746,4.724931053650022,39.232250517338436,99.7020569866239,1520.9455805686393,8.531745857155494,Healthy,13626.91707875111
2747,4.448130516609432,40.40456081524244,99.18271929720738,1348.3005318927367,7.599700693212506,Healthy,11271.768601454645
2748,4.757264663562312,39.9642100459833,94.13622098655017,1514.9897437081581,8.36132650539145,Healthy,13311.297598894987
2749,4.640772422469443,38.0471999026724,99.0688095887321,1417.218031991496,8.01718915627999,Healthy,12793.447405580982
2750,5.034428472996431,39.909491396071324,102.64318656214199,1532.3160081567912,8.682204105096574,Healthy,12559.297211528437
2751,4.999603945042971,37.53379738997029,101.62176862543673,1573.7248683785258,8.291853408434942,Healthy,12362.270782479118
2752,4.593505552843034,42.7819447160028,101.85724950816403,1453.6880443705725,8.347951093147016,Healthy,13345.364924297015
2753,4.658165791019994,37.288059310280076,98.8734730580815,1486.9109638828647,7.889811771057192,Healthy,12703.529429200602
2754,4.675210486878321,39.60842945806284,98.03170829198308,1470.03221474735,8.649049266703857,Healthy,11848.398195552274
2755,4.6013347714347415,37.9154568239055,103.80776701569586,1561.77158878784,8.53486510274881,Healthy,11390.54502198556
2756,4.732338330138957,41.14084234672159,98.508048560927,1504.7513942636037,8.516417698035484,Healthy,12288.648606573654
2757,4.543343586222482,39.33713725743699,100.88224611637965,1586.4164690283167,8.108093144349354,Healthy,12149.464433231293
2758,4.470543599679161,38.96266656075758,100.49000404203261,1520.6877101473694,8.122574713185228,Healthy,11340.065981312246
2759,4.822875578113386,41.70640309010311,104.38515104877135,1512.122509031791,8.424413169667105,Healthy,12022.303237258831
2760,4.825905916844363,40.058861183355106,102.91423707301708,1503.410339130142,8.151650476925584,Healthy,11713.0326834629
2761,4.540803514734668,41.03328889187193,96.11422413799863,1540.8996049628668,8.493134555469867,Healthy,11954.645034153347
2762,4.882404419485853,38.03734812696507,96.43734049967487,1413.115690087733,7.717059552503316,Healthy,12262.961805824201
2763,4.578684454166933,37.190366112144986,101.7367294542074,1504.2671977760256,8.221736633078022,Healthy,12596.304973732018
2764,4.757299714274263,40.21441592408027,99.8069870578625,1496.4976778136017,8.909692706294614,Healthy,12254.444518184644
2765,4.8724021358558245,39.36230728901054,98.63448464813871,1536.2709413578882,8.505179081732063,Healthy,11389.279625084897
2766,4.703277487059258,41.252869344907886,103.0468836519834,1490.6149197062982,8.4260380993593,Healthy,11884.457564414597
2767,4.802614849094893,39.8401830946749,100.56237814626674,1448.0632782918665,8.974234627368075,Healthy,11681.553560746011
2768,4.610047404555819,40.41015067846926,100.15737216066833,1500.367533745985,7.680547247692903,Healthy,10933.93552268455
2769,4.67570668331438,36.753234940117515,102.33948592226515,1445.857973556583,8.139406665563568,Healthy,11749.116392346135
2770,4.675494780490599,43.77687387922851,98.87467301516931,1403.7368893706257,8.26631471514245,Healthy,12428.336168958856
2771,4.569017664025285,39.67151602993594,104.70555695641767,1536.3561240742747,8.64683870323495,Healthy,11466.213302093502
2772,4.684645167376844,41.3951739406784,97.63585713030098,1528.9530786347336,8.65469690896847,Healthy,10602.9086601373
2773,4.411943006893917,38.327816659560746,101.97078719902626,1523.3545471996788,8.134864653971878,Healthy,11365.13433555431
2774,4.625102583904912,40.61601980443468,104.30149851597953,1565.1464210972906,8.696719629976098,Healthy,10693.143900513374
2775,4.668024901326065,37.39431047295051,95.8681135321837,1466.7484054848037,8.279005569803488,Healthy,11681.802753443144
2776,4.6754307161675905,40.904135676519346,98.96999447244265,1428.4442928614371,8.766158554361416,Healthy,11462.432495862564
2777,4.680033844159177,39.28805183122834,103.42662217865667,1496.4985111595977,8.095540523896716,Healthy,11064.544973262628
2778,4.7176471600279735,40.058381007871134,103.47173364319308,1482.6249850147044,8.371006520280153,Healthy,10934.41786707209
2779,4.827554970283879,41.395948060260196,99.48551319883528,1457.8852141614966,8.2636164720537,Healthy,10943.882849192227
2780,4.908236748159837,37.53491937755944,97.79598671896942,1496.0075423256103,8.730142444803048,Healthy,11004.13724717116
2781,4.605046954630346,38.631016538774404,102.86780746699229,1469.4197426897708,8.259165635030149,Healthy,10563.88248932923
2782,4.496026495588837,40.91464856217353,103.55064730774481,1408.1997358321585,8.40593210796314,Healthy,10206.123459499282
2783,4.529924450884713,44.196442949093495,96.50600995446281,1477.941165460312,8.573376752632248,Healthy,11419.349473347324
2784,4.642559415761014,39.72383533067703,96.38825905310085,1443.1812416648072,8.587577544907836,Healthy,10607.29951175152
2785,4.671282403103365,41.18227223584786,100.6757700459508,1511.582403580546,8.692752448908617,Healthy,10833.521552084572
2786,4.589334120093842,39.78605706028304,101.88808190028668,1467.1982620879674,8.492670766386732,Healthy,10842.640975583747
2787,4.485776667150021,43.8844911895126,99.10279274430984,1555.5815737070525,8.30652532541605,Healthy,10811.010239827607
2788,4.655442501171828,36.50555666606949,102.03788145994704,1580.1933033633932,8.329757043059042,Healthy,10013.091001450788
2789,4.784618657356127,40.18924208933871,97.86959017948786,1533.9690686505953,8.445035027895617,Healthy,9712.079917724077
2790,4.869005893167113,36.74891193287588,93.65591920277879,1422.448690900834,8.514877742822316,Healthy,10205.653737654004
2791,4.640182056045002,34.986856858926565,98.72829678300221,1575.259799943952,8.398515172312138,Healthy,10647.855766208477
2792,4.670733768904646,40.59492410623563,100.1896964395393,1578.7860225186882,8.451094359622997,Healthy,10036.025066262844
2793,4.569660338230538,40.27899559229492,99.17248012031062,1500.939525565397,7.992823841828368,Healthy,10172.539323150384
2794,4.750378832591711,39.430326124515595,96.52419020902154,1566.1463080167766,8.65087325200307,Healthy,11363.648706874785
2795,4.58864760649517,39.78761181992049,94.55305307236355,1472.416243097666,8.507667020000163,Healthy,9327.288057597732
2796,4.87462556264824,46.196598868142516,98.45773358689631,1406.6877032575205,8.756561124062326,Healthy,9822.483002044752
2797,4.404493368279844,39.483649723937134,102.69296731494923,1461.9857780689204,8.458714818888792,Healthy,11098.302034286964
2798,4.69140739884284,41.02024872250015,103.76859231824105,1586.4650433022377,7.939814059776796,Healthy,10077.700664002388
2799,4.8252214678383485,38.70127036077224,103.56314015241537,1425.4460038194263,8.356466143207998,Healthy,9697.007417250545
2800,4.803433569931167,40.59046515008121,97.55227139455434,1499.9760640965746,8.406687689731141,Healthy,10584.38445850556
2801,5.306940066129432,39.523532649888764,96.53888102910891,1501.7071946670105,8.692204324963413,Healthy,9977.615218240555
2802,4.839960004913581,39.17896303454054,101.48990384493969,1474.3512878016095,7.850917936645983,Healthy,9725.845802477997
2803,4.570855747298264,43.63779706440065,101.90530003479378,1477.8239200081443,8.487020521751349,Healthy,9946.184463518755
2804,4.754240483915518,42.354369926368676,101.2005088156015,1503.6124567118102,8.631435898071325,Healthy,9470.945595308616
2805,4.41975073330671,40.27349329479846,93.95781017728672,1471.8918829032636,8.281553634415545,Healthy,9241.25446855596
2806,4.760546716807315,35.391576128112064,97.3993462453496,1428.8970751416034,8.505055069611721,Healthy,9643.201536182625
2807,4.61172212193318,39.27798155349486,99.91093362914206,1510.7515971471728,8.29722238058838,Healthy,9144.501519961996
2808,4.963078055112033,45.406055128810166,101.46165458389129,1553.6683291222487,8.269128120033882,Healthy,9605.34665589824
2809,4.671758611747559,39.53867666672058,102.30192208780745,1543.478625932671,8.368140711627271,Healthy,9727.20328373717
2810,4.759980150174284,42.20643514410732,100.43276056684611,1459.5132266305095,8.280125735593229,Healthy,9926.530228025806
2811,4.65788843171912,42.883884803905204,100.9923514196147,1437.4386042311162,8.7010854935809,Healthy,10013.962492758414
2812,5.134436937037332,40.43792783171195,100.25459637508331,1485.790605892261,8.278181103616053,Healthy,9197.131749183874
2813,4.7240847801097505,38.31635673626369,102.05685812265546,1578.3895754897833,8.230460331218955,Healthy,9599.707303969535
2814,5.15651140869584,35.12937533643422,100.93859695447273,1532.2799039479773,9.034378600051859,Healthy,9546.261723103178
2815,4.9544970190903195,41.36832641721791,100.19721298014186,1535.1982338397117,8.794888670213878,Healthy,9413.909357907993
2816,4.88974667880041,38.37048799435291,99.19489360258785,1544.4928475892748,7.950879325135574,Healthy,8960.270294524771
2817,4.868746629463503,40.35230090377539,100.24387427512744,1521.0383281259294,8.28256951304424,Healthy,8635.966093767944
2818,4.875426126309917,37.500359320821275,101.45377413651782,1506.030427380679,8.58740555818348,Healthy,9351.00094453328
2819,4.4127988174642105,39.469524919059594,100.80242616669419,1533.1153448323985,8.614459853502781,Healthy,8196.568718903474
2820,4.744223321169848,40.067438109802104,101.14247925503577,1472.691694789099,8.07285214027893,Healthy,8866.080283715844
2821,4.970698260903531,40.53718716208859,104.02816558405355,1429.276849431684,8.870236314513363,Healthy,7673.184492175701
2822,4.793553896638512,37.770355625295174,100.79549176823976,1536.1498467312163,8.77290065908782,Healthy,8231.798788320868
2823,4.523962030639285,42.393821897522706,98.05300443858053,1561.8869052874613,8.6725704896121,Healthy,8411.433030776288
2824,4.796185776551173,38.806210430536055,102.65082035798251,1444.0884030321984,8.937685213880304,Healthy,9348.362103814641
2825,5.149154436584431,36.65106107909351,95.90140498699324,1541.096074120795,8.669020331104608,Healthy,9094.054012202134
2826,5.0593783431069435,39.78195316007307,96.75575985778214,1584.0382856694096,8.670574263775555,Healthy,8423.032658078879
2827,4.79926586479346,40.06875061805292,101.0075417941602,1499.887689912144,9.00597044821334,Healthy,9014.684897564875
2828,5.00362318874495,40.32117886634352,101.54919000335974,1459.0998907629128,8.871699207551647,Healthy,9043.811481690198
2829,4.7416985959263895,42.72426480737016,96.26484632948801,1506.1509336763377,8.291547762326541,Healthy,8469.667575812638
2830,4.475892349301323,39.52710232652828,98.85154755703975,1472.4733015899649,8.736625220268241,Healthy,7807.810927893155
2831,4.633440135707422,39.76076075126246,98.18174850334103,1469.16349450218,8.35005297384576,Healthy,8346.043844966944
2832,5.132577753701639,37.793631237533816,98.53997103135521,1521.659203363577,8.703246365285082,Healthy,8351.053797413932
2833,4.766868050300806,41.641107005775794,102.83079332881884,1419.8135262485052,8.69765071877261,Healthy,7733.772804584887
2834,4.77465653745833,40.36861812815621,102.11951639064176,1427.8035538753886,8.142293139596536,Healthy,8483.523396464983
2835,4.765032360745023,39.159944545411676,99.94263346043888,1500.964544018697,8.523446316606687,Healthy,8389.905927151178
2836,5.2074939845812676,36.190650613069074,98.36211421865522,1498.8845730543785,8.642243773740788,Healthy,8422.521349947094
2837,5.153525116405746,42.88882439011017,95.95105098933958,1517.1777288519968,8.434446276035086,Healthy,8289.461548583722
2838,5.273756046689626,37.54464007108788,104.26055481634585,1593.7612694241693,8.662412982717228,Healthy,8464.921517557492
2839,4.7998576245866555,38.81744398126059,101.77634170085476,1505.225701803791,8.812435999766988,Healthy,7960.335986063485
2840,4.8924582310827525,40.716689022152,97.87999268778057,1529.9086075167397,8.564155414064107,Healthy,8100.892553685477
2841,4.531671490115841,37.606884142766624,102.15879849287468,1451.2233532192683,8.643379843012479,Healthy,7751.129857877234
2842,5.132053551890321,37.01298044349371,99.78932913827612,1538.3968831758268,8.993693890233459,Healthy,7607.750392189025
2843,4.604777423079746,35.75210483459867,99.13867148541297,1473.680456744466,8.723292308300902,Healthy,8519.124815381037
2844,4.883355112752525,41.44199390581127,101.30563458486881,1503.5710416290547,8.644247286902342,Healthy,6778.115649236752
2845,4.622206161140098,38.90962751054736,97.77550525026183,1494.5575687465418,8.299242852774258,Healthy,8188.379994577132
2846,4.7255599679855935,45.85454018494666,98.96873044146967,1551.6487117457016,8.790641136749986,Healthy,7389.72956227717
2847,4.67754751379006,38.01128986873825,100.36438319259864,1434.50117228125,8.69104498481758,Healthy,7274.98091117844
2848,4.725091614531503,38.157097953142156,98.50164642134436,1385.838068269248,8.97978849677709,Healthy,7730.788742032703
2849,4.740508792703537,38.8692140594292,102.00725563080258,1489.3283651456038,8.611396896324326,Healthy,6805.195193824498
2850,4.740346241014985,40.48626931027698,105.60719951103478,1523.4265628452563,8.0551200499598,Healthy,7091.988464026898
2851,5.018333449022728,39.05959332242938,97.73710560217857,1507.613468790375,8.09263040601819,Healthy,7025.430176743504
2852,4.632360774720828,41.22466442800503,95.00462411108786,1561.6102118706956,8.826037562461254,Healthy,7289.300870907453
2853,4.8991082854027725,38.04282322002269,93.99477949757122,1521.8686337089835,8.436941920690554,Healthy,6947.931155919656
2854,5.100258497127778,37.236816563072836,99.54859557551505,1471.807583407007,8.741696991999817,Healthy,8100.559342819634
2855,4.7556940604306535,36.403570521181784,98.01050622962146,1383.728992293016,8.64760312668404,Healthy,8148.508258248977
2856,4.716416221850479,35.552851664125605,100.62358150320124,1488.134388290239,8.565948099691823,Healthy,6189.003238625968
2857,4.815561741630616,38.963861961049886,100.39779301607831,1551.39795011289,8.5897582809902,Healthy,7422.161352382868
2858,5.0992783750054755,39.39803937521356,95.1903494601577,1480.3976108666443,8.361716481819764,Healthy,7529.331719538787
2859,4.903821526190671,38.73712594503363,94.55534851155578,1501.4160131838883,8.619266693330097,Healthy,7321.492601195552
2860,4.760423807745147,42.48681159437432,100.88779972103829,1521.0680127153355,8.451318636828347,Healthy,6670.943253454153
2861,4.965108663570941,42.45606041921627,100.40628650415987,1449.2353812875092,8.517656377295621,Healthy,6827.952218920729
2862,4.6495415700327145,39.330394025111,98.72254600490035,1531.1617948319408,8.534905286587252,Healthy,6525.862672611152
2863,5.007938568755256,36.41215777361607,95.02856924460309,1581.8560895000853,8.566658685697051,Healthy,6639.867984420585
2864,4.9550547948736865,38.86658978388989,101.41417378829497,1491.3593324053297,8.91398537028546,Healthy,6195.017485666412
2865,4.813438305772222,38.80035721216588,103.81569863627183,1443.546778908385,8.601062751238592,Healthy,6692.6055891827245
2866,4.708949506977221,38.685730075443885,100.83394732065676,1496.6699486489013,8.949777367643696,Healthy,5948.599144347465
2867,4.700997148876642,38.60456219220351,97.4575783283048,1388.7807945695565,9.106689818731278,Healthy,6549.932722885931
2868,4.986963467269181,38.693074208550385,100.13365649671346,1516.8451631988307,8.904483395316845,Healthy,5975.709155450118
2869,5.127462767164479,39.22691676820448,95.90165775719895,1522.6137188824289,8.81100722718722,Healthy,6653.408180895702
2870,4.7558717839275735,38.72891780236888,103.17388214151637,1583.7818146922782,8.751382996178389,Healthy,6160.290219528555
2871,4.976677340710297,40.416645017251184,100.24553300358862,1490.3002603716689,8.91560761271502,Healthy,6595.290173937268
2872,4.469261262946253,40.720737431809724,94.6955292647403,1520.4242669073235,8.685474888245539,Healthy,6940.790364182391
2873,4.771409787201893,38.17870982563502,99.09797691866895,1456.935594880705,8.956704287120493,Healthy,7144.723468052354
2874,4.883788213425819,42.542130652014066,101.3899045307027,1482.1786439737461,8.848231741586906,Healthy,5035.997705489755
2875,4.7097299832703,38.03987539631877,99.00085713707344,1423.7407281668902,8.558714528432551,Healthy,5832.902953063109
2876,4.706032058375413,36.764398772369326,99.17231283567948,1490.2605189358383,8.938088597364176,Healthy,6048.456961443993
2877,4.761444088706222,40.7615561427301,96.32679337885818,1484.7345423240718,8.699444001793271,Healthy,6380.163909190742
2878,4.955105212331941,38.36518373117132,101.69962296124497,1514.9599883044448,8.642827064382972,Healthy,5274.822747922735
2879,4.860867529652059,40.642582941514775,98.05459239994259,1468.820155983368,8.534473585213638,Healthy,5558.9537965998925
2880,4.4523537533350055,35.19266279779894,93.5306638689849,1504.1672675487546,8.729805654362371,Healthy,6065.178601328555
2881,4.477526636139653,42.784911882966135,98.88622788798882,1483.3309972196166,8.98160545129056,Healthy,5992.444120763334
2882,4.7819602977618985,41.344586816080806,102.94344914671106,1483.4250305850244,8.952015335011243,Healthy,6088.809203210047
2883,4.99653731721071,36.999046901674,98.83921166020016,1504.0181162981514,8.794018139237686,Healthy,6071.837863444058
2884,4.357165698121619,37.04244575230743,105.21395495537055,1502.0261471158506,8.870559758884177,Healthy,5969.297216557931
2885,4.808387298103007,43.34453180819506,101.28690384564555,1538.058701952582,9.074842370790101,Healthy,5846.827658315747
2886,4.804750428696515,38.52524019300408,101.0162744868411,1493.9678482935083,8.651010112648741,Healthy,5727.869886663184
2887,5.189334222308355,38.331630302534755,99.61480520224717,1482.50573254385,8.364040665607606,Healthy,5982.381544862181
2888,4.836328970990761,35.46789581170143,99.79514137670712,1490.9596277456387,9.091672288986906,Healthy,4480.3386667178875
2889,4.991597796948184,39.29844358879689,99.20972909464149,1464.2667941579505,8.545066524390785,Healthy,6322.166743485617
2890,4.944918094684159,39.544560770328495,99.09319182375242,1482.0044453216665,8.499565229663496,Healthy,4397.758974559838
2891,4.492220037371893,41.43098619353897,101.59260148620145,1601.5579356536616,8.170474006732968,Healthy,4910.419091547754
2892,5.0736414433263475,37.20184314363105,97.1925063106283,1454.3660619652067,8.88338491594929,Healthy,5286.619601674927
2893,4.964745967757924,36.95942641551878,96.77231851382722,1486.0671833060346,8.228230879301,Healthy,5686.306445544921
2894,5.024987061268251,40.901925269552954,96.63041484737387,1480.6255668365154,8.492255691025811,Healthy,3802.366554600192
2895,5.7102475412872655,42.01346014245413,106.13696364303146,1487.64141938778,8.896471038354516,Healthy,5235.937838029083
2896,4.509844078766949,36.85769529776423,101.59102870501174,1483.4380345560803,8.939243042389178,Healthy,5596.197519707867
2897,5.273272663285555,42.16302817259948,100.91347660504043,1513.96200506105,8.529822088867864,Healthy,5647.259058014239
2898,4.872510496119928,40.07508368297364,96.8274559891197,1414.4912449304102,8.687754001902277,Healthy,4751.33517075127
2899,4.989132447547268,42.18361067814929,101.87002690202449,1551.8585736266002,8.468888308744821,Healthy,4899.582356522484
2900,4.924230884273085,39.85955927696477,99.65028596064002,1531.6291399821098,8.568814296989979,Healthy,4691.925935553686
2901,4.850152733320391,34.9554441650241,100.64250682339525,1437.8564206968433,8.815864578045872,Healthy,4753.662673236958
2902,4.8227000810189145,39.696065235367925,97.07013905240933,1386.54613635238,8.58817266302773,Healthy,4384.086724635783
2903,5.004235080447934,42.12028763734254,100.48080657225273,1451.14639269293,8.668068821280633,Healthy,4405.373918764541
2904,4.636565260665663,38.21250796183257,98.72849938538054,1487.866676928644,8.30458799551473,Healthy,5017.188461014184
2905,5.0917825001710195,39.2240700621851,97.70316652890943,1629.0145949345388,9.086553516108507,Healthy,4815.807686636371
2906,4.860094452356282,39.64773299289804,102.20231900742175,1527.1628482487138,8.902353311284653,Healthy,4945.7932537952365
2907,4.718986132191928,34.200972240263035,95.38687657441,1409.620517540927,8.989871611551159,Healthy,4757.007194850418
2908,4.8566640950675035,43.34269515087495,101.69432879294246,1465.5172247549528,9.141794264051725,Healthy,4952.169300573798
2909,5.199763176705848,38.19724864020565,102.05345840065898,1497.3393781863508,8.50976947066962,Healthy,4989.106999077498
2910,4.842932982596754,41.0114708649456,97.36106897334628,1512.6841777149048,8.652481655091593,Healthy,3629.141690066948
2911,5.023357390308591,39.826597727703586,97.5390146166026,1434.2625569844788,8.194216356392005,Healthy,4022.845174792819
2912,4.807142078190238,42.51523811271872,99.3309229562008,1493.250488601147,9.707460206364006,Healthy,4284.31202125498
2913,5.1065843699847235,40.81211224485616,100.84610863138666,1464.118043119473,8.723124405404787,Healthy,4338.6612372563295
2914,5.093768214424708,39.53015145695805,99.54143502455733,1444.8120718698842,9.08228503664114,Healthy,3964.954713090983
2915,5.328055099992615,38.21296981496144,101.30068738057564,1512.9797823349477,8.401884990032697,Healthy,4706.011835494153
2916,4.924887210900156,41.59570140276428,105.2889389576122,1538.693858672141,9.074916527692903,Healthy,5189.9741841453
2917,5.095397627618248,36.253117392090765,98.47684969255086,1542.052063848081,9.335943929661566,Healthy,4243.080977790867
2918,4.982946841241122,41.29178084055179,94.85446008788973,1528.7193175566938,8.763249108624938,Healthy,4142.170516099106
2919,5.224174356372603,37.80191049689026,102.47777074909196,1475.1315233429868,8.480735551023118,Healthy,4474.7281275521655
2920,4.822900189144921,42.50456732391328,105.04994372778259,1535.7274880731752,8.745027746383006,Healthy,3067.080122398282
2921,5.117334395908789,40.32259908532539,101.17830508915337,1515.4527219052145,8.121304875846166,Healthy,3964.2344702192054
2922,4.931060540776663,41.288247535700215,96.736753973939,1506.6970941476006,8.780633989693447,Healthy,4389.517912733759
2923,4.958829031244967,40.16397762764944,99.6283229102944,1469.4153439149102,9.040956808460567,Healthy,3528.4230013994443
2924,4.991683830223007,36.49524580971801,96.6444295473651,1475.1561936329235,8.78660604002128,Healthy,3186.7197100490175
2925,5.0254480792853355,38.278541673209325,101.92856648188884,1503.6943468062277,8.71475813359331,Healthy,3657.097194950111
2926,4.953420858042275,41.34477867522276,95.9461287919047,1621.9937233492751,8.960937101500276,Healthy,3669.65728339904
2927,5.021275969967439,40.333311634719685,99.0996136395154,1515.0621240045696,8.9865407874182,Healthy,3195.673859042271
2928,5.295623611512436,42.361979810611345,96.98698652111828,1469.4405748874858,8.310028331248445,Healthy,4648.080638025475
2929,5.17875660378971,40.806549126074344,100.38047405540489,1458.3805277515278,8.837313555350303,Healthy,3310.651809496027
2930,5.157164251832713,38.06659621859468,98.90097496858672,1475.41166936719,9.544128870602105,Healthy,2923.1703242867156
2931,4.893892094795225,38.40787172455873,100.53028630975079,1608.8646723774532,8.415495126305592,Healthy,3403.1893404646944
2932,4.808818501021001,40.20583478104648,100.0670516648991,1480.037167702702,8.793041016816748,Healthy,3853.9303188522454
2933,5.179393444980884,35.37191186799979,97.04002291682767,1545.3435267305142,9.403857169948845,Healthy,3358.7071244991157
2934,5.165209358505958,43.34688377124597,101.88063119058707,1481.2035877264323,9.155252546963103,Healthy,3542.7969600220013
2935,5.286200801816863,40.88349347275511,99.85370304447065,1513.0592270639813,8.67264766243385,Healthy,2814.2447028334213
2936,4.872537208139487,42.45406919409774,97.0344129764023,1539.587263700436,8.891173947220116,Healthy,3943.844223201757
2937,4.94909026892793,36.83879211838166,106.72277966861738,1471.4048575095037,8.831366496004554,Healthy,3430.8555139592218
2938,4.668769834161579,42.48913032071051,101.42929050015138,1467.9444172923615,8.610245125370167,Healthy,3623.850784438805
2939,4.919839112121158,44.4629978220555,99.54021833980208,1582.9434847227665,8.81505770108541,Healthy,3232.5803162375846
2940,5.199314102115889,37.358243289245365,104.24561358010547,1549.2296447447898,8.756010160158041,Healthy,3412.442018864392
2941,4.908367590821026,41.542803589807534,105.52544682815982,1539.5336159345363,8.876491348089692,Healthy,2513.473720161386
2942,5.131429292373498,40.00221988937459,99.56395173305835,1539.3638146561457,8.620818379126023,Healthy,2654.294791655219
2943,4.966899378800438,36.911132303503514,101.04219245930429,1522.9787744155533,8.465014539926601,Healthy,3523.240297778015
2944,5.0714780723109785,40.98576794370374,97.03599154599118,1600.8887906587534,8.838282434648955,Healthy,3579.870973641982
2945,4.7787950553702,41.6672064096747,99.55842174769596,1502.195415093858,9.367868798786967,Healthy,2176.4672001404615
2946,5.02704188992678,38.7977468946623,99.4028123387204,1528.863118360046,8.880660877878839,Healthy,2824.868033931906
2947,4.413439472486521,42.331833040510446,100.55448110086496,1427.4543535702994,8.759188532987203,Healthy,2434.5280997573864
2948,4.975954101700935,36.666473186421605,100.99828143591103,1458.751965670438,9.087559074844885,Healthy,2251.484265317569
2949,4.688905351256972,37.01048770710071,101.67948534648419,1439.959050008248,8.816504116221386,Healthy,2692.419847677725
2950,5.257865569976029,40.2731947911775,100.71292796889988,1563.7031791758075,9.4270765441544,Healthy,3070.481466182704
2951,5.173814803886235,40.050770555944545,96.3677721201125,1372.3729923989624,8.86815958054481,Healthy,2675.831236642097
2952,5.1133341963932155,38.566853023151786,97.18459868277675,1479.884498862364,9.082149118947449,Healthy,2240.2437750404824
2953,5.325867912098542,41.61918887194377,98.36077714160898,1350.3146698669689,8.648285351948685,Healthy,2607.43058996758
2954,4.833550029168366,41.0617886284319,99.15327822423032,1458.4356052259054,9.028260109334331,Healthy,2120.0119132095497
2955,5.374472639583111,41.71627814186803,103.15232287141635,1475.4525525134068,8.962528043083125,Healthy,2456.057150365301
2956,5.213104979518743,39.75372712929546,96.51118303944126,1569.2435546897023,8.865714829268903,Healthy,2898.2328502278665
2957,4.981022275889544,41.20516053595668,98.9277548554879,1519.8313969610729,8.734806004982417,Healthy,1111.4201703495862
2958,5.257124029436588,39.108699393940014,102.85902849464215,1458.3429238335516,8.696590950304287,Healthy,2498.626149270017
2959,4.810407964184339,44.10763738017319,99.10036757651017,1553.2981859865913,8.975372465860563,Healthy,1280.4725392147657
2960,4.868430501027799,38.37490845975603,101.38124694952847,1500.891612726488,9.082015066242276,Healthy,2614.1638552722306
2961,4.9132820553520595,44.21059485891662,99.58137387121629,1501.8783429353625,8.85785116111176,Healthy,1631.4871950635697
2962,4.930871125053863,40.06977589417882,100.77034977197417,1439.8664246114004,8.984847045402905,Healthy,1291.164311196758
2963,4.827021804781283,37.24897822086251,99.31458236857138,1450.499314304843,8.889958929893503,Healthy,2197.6346135443737
2964,5.284616613419064,42.7361587009772,102.00119641818506,1458.7451350027238,8.933557807471617,Healthy,1982.0850315712055
2965,4.9898957865927,40.251802776789916,95.3648307777807,1502.3230636577096,8.846533171863499,Healthy,1250.4065485191709
2966,5.113834327004709,41.70224819676048,98.91006397483436,1503.8942863490338,8.914725107143825,Healthy,1073.5001214158033
2967,4.930929726717264,42.44771183708519,100.88971803008292,1577.2046331762022,9.721412137045228,Healthy,1556.259256254359
2968,4.682546006556962,40.67591110829005,101.60108574401858,1519.2527583968917,9.008156956308893,Healthy,997.9565249144017
2969,5.102344805011617,38.81551831037437,104.47885786826149,1364.6217153163946,9.110922420862646,Healthy,1019.2635135381862
2970,4.667549004916045,41.9514267553385,98.82692599940327,1513.1320993935844,9.051407081598429,Healthy,1557.8103952107167
2971,5.037939857449572,40.00151101490919,104.43844528558262,1427.4991821916233,8.843821619677549,Healthy,967.0641828724516
2972,4.77967032556677,41.37171563721684,98.02292852002098,1451.701453769423,9.313530097320834,Healthy,1613.2696450132714
2973,5.4524551998461614,35.69253885241708,103.98593923463393,1459.3915264136836,8.840650868872098,Healthy,2095.0717979417386
2974,5.23893921110161,40.8939634340197,102.45240138009511,1466.8330838243849,9.247183031349433,Healthy,1225.7222925497088
2975,5.07948409158763,38.72282834970994,97.25962426110333,1431.2425303979849,8.8330712339134,Healthy,1315.0755309927922
2976,5.312741335530934,43.30661927435706,100.92111771175547,1510.1741001726143,8.648008244256788,Healthy,2209.0483664177436
2977,4.892403471173519,41.24617469577819,99.84629249340342,1429.459885745452,9.048285529137525,Healthy,556.1994413113266
2978,5.172029209067352,40.47971549169859,101.876753781025,1517.8333803624923,8.609932826502702,Healthy,1695.617597590371
2979,5.104962086743742,40.972619986700444,99.33018523470007,1611.8485538530815,9.104692067504981,Healthy,1585.428798956241
2980,5.1194706829334,38.00311829424656,99.0782613230148,1433.5320470532968,8.58841906983927,Healthy,1427.1586695868916
2981,5.322804033354687,43.246513381056104,104.10728374828855,1485.7744847830388,8.853630924191478,Healthy,1595.8739253663157
2982,5.2164984205559595,43.98274083683381,99.70383731663298,1373.8271318743764,8.522481091042577,Healthy,1040.2874829793095
2983,5.129411399231671,40.78582702109643,102.4792669725753,1484.9532353514933,9.801916769487486,Healthy,558.5352522003664
2984,4.7423558460876745,43.180807137147276,99.3239455448674,1532.1358576315743,8.46114546544844,Healthy,1347.2866456102838
2985,4.8829907409441065,38.861703602654934,104.99998977768257,1536.0319615678634,8.962944122118921,Healthy,1316.4211058564474
2986,5.052124879947521,38.40577286755004,97.96499611199351,1503.8681865142048,9.30565794896567,Healthy,1252.6569507466438
2987,5.097007808188663,40.081849497457846,98.15756940625845,1544.4631712379487,9.276249105909441,Healthy,672.2510411596182
2988,4.853959255065215,40.8698820767358,104.5735515433477,1627.3027267971395,9.223402636651942,Healthy,241.90274319333673
2989,5.564002001782351,39.21202663751376,98.66516082731424,1585.61523437188,8.875498150200224,Healthy,645.6811270558055
2990,5.386612144384047,41.07553638073697,104.80322291849318,1473.873953529518,9.378660017234433,Healthy,971.1150087839178
2991,5.205423664078497,40.61277896414683,102.67552173878444,1427.4448006766631,9.250017327240654,Healthy,962.1758949299827
2992,5.101074038923415,38.00338644941789,99.5360508803175,1479.6924291713099,9.042356551964808,Healthy,185.16193646270253
2993,5.045891539353103,41.03758603490344,94.56011958394852,1452.6508617191325,9.053507560651312,Healthy,507.686448063695
2994,4.899616307995553,41.72705648504304,99.9420450871845,1522.5673773932317,8.892823205715388,Healthy,0.0
2995,5.107162770370438,40.34293863518078,100.30489016060028,1440.9403230285252,8.713771058916755,Healthy,742.4750515029255
2996,5.144883841361883,42.30529620652339,103.50165319991312,1496.358878370483,9.360478625976949,Healthy,0.0
2997,4.846647884903675,37.565192413006095,104.76534152872034,1541.9007027268156,9.385662398080461,Healthy,542.6276797857737
2998,5.163501950115645,40.935900844263706,97.94503846256876,1494.9652063591411,8.729433924357691,Healthy,0.0
2999,5.067281523568383,37.65943858720645,102.40354529196455,1452.6843088626101,8.951197783789477,Healthy,565.7079532170039
