timestamp,vibration_sensor,temperature_sensor,pressure_sensor,rpm_sensor,bearing_wear_sensor,health_status,actual_remaining_life,timeline,RMS,RollingMean,RollingSTD,RMS_Diff,EMA,Predicted_RUL,Actual_RUL
301,2.06,67.65,126.94,1338.08,27.48,Healthy,200,273,1.739,1.67,0.048,0.003,1.69,198.61,199.07
302,2.032,63.24,119.84,1285.79,25.79,Healthy,200,274,1.743,1.549,0.026,0.032,1.637,200.2,197.15
303,1.94,68.32,121.58,1309.09,26.71,Healthy,200,275,1.634,1.489,0.059,0.01,1.529,202.47,197.56
304,2.033,63.16,121.06,1304.47,29.68,Healthy,200,276,1.737,1.581,0.037,-0.012,1.618,198.62,202.11
305,2.051,63.67,126.03,1289.77,26.58,Healthy,200,277,1.774,1.641,0.05,-0.002,1.649,200.99,201.95
306,1.955,67.64,121.76,1269.34,29.88,Healthy,200,278,1.73,1.522,0.05,0.016,1.558,201.08,203.08
307,2.011,72.03,117.23,1319.65,28.3,Healthy,200,279,1.694,1.572,0.02,0.007,1.643,204.43,198.96
308,1.92,66.89,127.85,1307.17,26.96,Healthy,200,280,1.658,1.501,0.05,0.0,1.542,198.82,197.07
309,2.056,68.81,125.14,1292.94,25.03,Healthy,200,281,1.727,1.59,0.032,0.008,1.682,205.66,200.35
310,2.053,67.99,119.38,1297.99,28.29,Healthy,199,282,1.868,1.594,0.043,0.01,1.616,202.43,200.5
311,2.12,65.93,129.36,1263.45,29.47,Healthy,199,283,1.912,1.614,0.035,0.012,1.697,194.35,199.14
312,1.9,69.4,122.41,1337.1,26.47,Healthy,199,284,1.599,1.515,0.028,0.015,1.591,194.18,199.37
313,2.061,70.19,121.47,1265.19,29.36,Healthy,199,285,1.767,1.618,0.044,0.001,1.679,199.88,197.57
314,2.256,69.44,121.62,1314.46,26.09,Healthy,199,286,1.957,1.806,0.032,0.026,1.844,201.47,202.79
315,2.006,66.4,122.54,1277.5,28.08,Healthy,199,287,1.722,1.576,0.049,0.012,1.683,198.21,204.44
316,2.113,66.16,122.01,1309.81,27.78,Healthy,199,288,1.832,1.667,0.04,-0.001,1.651,197.66,200.71
317,2.066,65.21,125.76,1307.23,26.34,Healthy,199,289,1.764,1.614,0.029,0.017,1.696,202.25,201.11
318,1.877,66.0,126.8,1310.29,29.44,Healthy,198,290,1.788,1.487,0.052,0.026,1.546,197.05,199.52
319,1.952,67.77,123.81,1299.35,33.42,Healthy,198,291,1.566,1.55,0.025,0.005,1.625,198.19,195.84
320,1.962,70.08,123.09,1302.56,28.44,Healthy,198,292,1.635,1.616,0.047,-0.018,1.597,196.01,199.7
321,1.955,68.11,126.81,1318.64,25.72,Healthy,198,293,1.645,1.506,0.034,0.038,1.6,194.22,199.84
322,2.307,71.0,120.76,1284.74,31.17,Healthy,198,294,1.926,1.817,0.049,-0.002,1.866,188.28,195.95
323,2.025,65.32,130.23,1260.95,27.43,Healthy,198,295,1.728,1.637,0.027,0.03,1.641,195.06,198.92
324,2.081,66.96,125.55,1286.92,28.66,Healthy,198,296,1.802,1.687,0.029,0.044,1.608,197.54,199.18
325,2.094,66.92,124.74,1284.07,27.14,Healthy,198,297,1.822,1.648,0.034,0.026,1.708,200.44,199.26
326,1.963,67.1,127.62,1311.51,28.4,Healthy,197,298,1.674,1.582,0.035,0.021,1.582,196.35,199.2
327,2.164,70.55,129.31,1296.63,29.97,Healthy,197,299,1.824,1.701,0.04,0.014,1.777,194.55,201.18
328,1.947,65.5,128.88,1315.74,29.86,Healthy,197,300,1.686,1.518,0.032,0.014,1.55,199.93,196.71
329,1.971,67.76,126.66,1281.71,26.7,Healthy,197,301,1.688,1.547,0.036,0.006,1.606,192.66,194.19
330,1.986,68.05,126.37,1332.53,30.41,Healthy,197,302,1.68,1.548,0.031,0.013,1.597,197.97,195.35
331,2.137,72.43,125.12,1305.54,30.06,Healthy,197,303,1.796,1.676,0.042,0.014,1.7,197.07,198.0
332,2.252,71.02,131.92,1276.17,30.48,Healthy,197,304,1.923,1.844,0.033,0.001,1.8,190.63,195.95
333,1.989,69.02,126.51,1342.1,30.67,Healthy,197,305,1.662,1.515,0.047,-0.007,1.684,200.54,196.06
334,1.877,72.04,125.15,1326.0,25.09,Healthy,197,306,1.565,1.464,0.042,0.007,1.545,193.8,196.72
335,2.099,69.97,127.64,1266.78,25.24,Healthy,196,307,1.848,1.651,0.034,0.037,1.705,199.54,196.14
336,2.335,73.09,124.78,1319.04,30.05,Healthy,196,308,2.053,1.783,0.049,0.029,1.821,192.45,191.92
337,2.058,70.51,130.05,1296.45,32.23,Healthy,196,309,1.68,1.537,0.041,0.019,1.666,189.8,195.82
338,1.936,70.41,126.65,1270.95,27.54,Healthy,196,310,1.593,1.508,0.051,-0.001,1.588,194.41,194.41
339,2.082,66.17,123.91,1264.35,33.01,Healthy,196,311,1.771,1.596,0.044,0.012,1.678,197.84,197.52
340,2.034,67.34,124.76,1236.6,25.37,Healthy,196,312,1.797,1.652,0.039,0.023,1.66,205.24,198.24
341,2.085,66.41,120.78,1299.09,27.06,Healthy,196,313,1.701,1.6,0.031,0.039,1.724,195.98,198.96
342,2.112,66.67,130.18,1307.32,26.46,Healthy,196,314,1.786,1.612,0.028,0.028,1.787,191.8,197.13
343,2.027,67.62,123.85,1272.1,28.86,Healthy,195,315,1.681,1.592,0.042,0.011,1.606,193.27,196.51
344,2.168,66.42,125.94,1312.33,25.1,Healthy,195,316,1.87,1.665,0.048,0.003,1.684,190.12,195.1
345,2.141,66.62,127.58,1251.86,28.65,Healthy,195,317,1.759,1.644,0.043,0.001,1.719,198.02,193.85
346,2.213,66.08,127.26,1329.29,23.37,Healthy,195,318,1.841,1.749,0.04,0.02,1.768,195.26,194.69
347,2.255,69.56,126.7,1282.8,27.76,Healthy,195,319,1.895,1.775,0.038,0.019,1.91,197.61,194.35
348,2.262,67.92,119.59,1267.75,24.73,Healthy,195,320,1.905,1.765,0.059,0.02,1.823,197.49,190.58
349,2.148,70.89,121.28,1321.39,29.61,Healthy,195,321,1.805,1.701,0.065,0.018,1.75,193.62,193.3
350,2.222,66.84,125.95,1280.71,29.94,Healthy,195,322,1.905,1.775,0.037,0.011,1.761,193.67,195.75
351,2.216,66.69,128.36,1326.39,29.81,Healthy,194,323,1.977,1.698,0.03,-0.012,1.855,195.96,193.89
352,2.161,66.21,133.1,1295.58,29.16,Healthy,194,324,1.873,1.705,0.045,0.003,1.769,199.65,196.69
353,2.321,67.76,122.81,1289.06,29.06,Healthy,194,325,2.028,1.743,0.058,0.013,1.863,190.96,190.69
354,2.231,69.24,121.93,1259.67,28.22,Healthy,194,326,1.98,1.73,0.028,0.012,1.796,185.91,193.89
355,2.107,70.82,131.36,1320.06,28.38,Healthy,194,327,1.736,1.746,0.043,0.016,1.706,194.59,193.71
356,2.069,67.73,125.73,1278.16,27.42,Healthy,194,328,1.764,1.604,0.058,-0.024,1.72,197.74,189.85
357,2.099,68.19,121.62,1272.15,26.56,Healthy,194,329,1.872,1.675,0.056,0.026,1.655,192.43,194.98
358,1.996,70.92,125.13,1282.08,30.59,Healthy,194,330,1.719,1.542,0.054,-0.001,1.641,195.78,193.38
359,2.184,66.03,128.64,1286.68,27.89,Healthy,194,331,1.909,1.675,0.029,-0.008,1.793,190.16,197.51
360,1.898,73.42,126.52,1288.73,27.86,Healthy,193,332,1.633,1.479,0.054,0.018,1.543,191.91,192.89
361,2.187,64.92,121.86,1309.58,29.46,Healthy,193,333,1.85,1.707,0.046,0.008,1.74,193.59,191.04
362,2.201,64.96,129.0,1302.66,29.66,Healthy,193,334,1.92,1.783,0.053,-0.012,1.732,191.13,193.05
363,2.217,67.43,126.49,1271.82,27.77,Healthy,193,335,1.814,1.692,0.03,0.002,1.838,190.15,198.26
364,2.217,69.72,123.37,1308.06,27.87,Healthy,193,336,1.891,1.832,0.042,0.034,1.768,192.9,196.54
365,2.085,73.81,128.08,1276.34,30.54,Healthy,193,337,1.821,1.651,0.027,0.005,1.679,192.78,194.24
366,2.184,65.96,127.12,1305.51,30.4,Healthy,193,338,1.91,1.737,0.048,0.015,1.703,194.29,193.42
367,2.198,66.13,122.75,1316.43,29.1,Healthy,193,339,1.902,1.716,0.044,0.031,1.76,193.29,192.08
368,2.115,68.57,126.67,1277.98,31.97,Healthy,192,340,1.753,1.642,0.039,0.038,1.721,195.1,189.03
369,2.202,71.58,126.27,1316.44,28.09,Healthy,192,341,1.942,1.81,0.04,0.01,1.842,196.74,190.95
370,2.122,68.68,122.0,1266.68,27.03,Healthy,192,342,1.765,1.654,0.046,0.04,1.679,194.95,191.57
371,2.169,71.09,122.68,1299.06,29.63,Healthy,192,343,1.868,1.703,0.068,0.007,1.736,190.13,190.89
372,2.101,72.39,130.33,1275.08,27.45,Healthy,192,344,1.809,1.617,0.05,0.02,1.641,196.64,195.59
373,2.106,68.47,126.94,1297.56,30.74,Healthy,192,345,1.891,1.636,0.036,-0.003,1.677,191.9,195.59
374,2.12,70.02,126.05,1318.76,34.87,Healthy,192,346,1.775,1.634,0.054,0.028,1.791,193.75,191.28
375,2.256,72.25,128.57,1301.58,31.68,Healthy,192,347,1.976,1.815,0.05,0.015,1.833,195.62,190.37
376,2.232,68.52,126.21,1320.71,29.77,Healthy,191,348,1.9,1.687,0.051,0.027,1.894,190.08,191.44
377,2.22,73.46,125.85,1295.58,30.71,Healthy,191,349,1.896,1.714,0.046,0.034,1.757,191.4,189.6
378,2.336,65.73,124.48,1297.88,32.83,Healthy,191,350,1.982,1.8,0.063,-0.004,1.804,192.32,190.0
379,2.072,71.33,126.9,1274.2,26.59,Healthy,191,351,1.805,1.642,0.043,0.045,1.636,186.42,189.62
380,2.192,70.19,125.46,1296.95,26.67,Healthy,191,352,1.935,1.706,0.055,0.023,1.794,192.71,191.9
381,2.277,72.92,126.79,1305.73,29.24,Healthy,191,353,2.007,1.749,0.062,0.017,1.787,191.38,189.64
382,2.303,67.99,124.88,1240.61,28.46,Healthy,191,354,1.836,1.733,0.052,0.03,1.882,188.1,190.9
383,2.205,66.74,130.74,1309.63,28.99,Healthy,191,355,1.876,1.728,0.024,0.014,1.759,188.0,190.44
384,2.423,71.26,124.53,1301.86,32.57,Healthy,191,356,2.106,1.892,0.038,0.029,1.978,193.69,192.27
385,2.336,68.34,130.21,1292.34,34.08,Healthy,190,357,1.951,1.892,0.046,0.009,1.873,189.04,190.85
386,2.275,68.27,126.2,1340.81,33.33,Healthy,190,358,1.956,1.776,0.045,0.028,1.802,189.23,186.66
387,2.263,71.34,124.84,1326.45,26.85,Healthy,190,359,1.85,1.774,0.055,0.044,1.815,193.24,189.92
388,2.197,71.95,128.26,1247.54,32.81,Healthy,190,360,1.936,1.689,0.048,0.026,1.79,188.35,188.66
389,2.217,72.69,127.95,1277.53,31.28,Healthy,190,361,1.742,1.775,0.027,0.013,1.751,186.12,192.32
390,2.166,70.65,126.19,1298.58,29.77,Healthy,190,362,1.777,1.729,0.04,-0.004,1.737,194.5,191.7
391,2.183,68.93,125.39,1338.42,30.46,Healthy,190,363,1.877,1.744,0.047,0.015,1.76,189.79,189.93
392,2.315,69.95,128.56,1284.33,29.81,Healthy,190,364,1.868,1.842,0.048,0.034,1.759,196.27,189.72
393,2.363,67.24,128.22,1259.86,28.28,Healthy,189,365,2.104,1.836,0.047,0.032,1.934,189.45,189.73
394,2.521,69.72,127.0,1312.32,32.11,Healthy,189,366,2.202,1.992,0.033,0.044,1.996,189.91,187.49
395,2.227,70.7,127.37,1296.45,33.24,Healthy,189,367,1.916,1.727,0.054,0.037,1.755,190.79,190.4
396,2.202,73.34,125.97,1288.89,29.33,Healthy,189,368,1.872,1.674,0.03,0.043,1.75,186.03,184.69
397,2.163,66.61,131.37,1310.85,28.21,Healthy,189,369,1.951,1.726,0.042,-0.018,1.844,184.83,185.71
398,2.365,76.04,130.61,1299.55,31.05,Healthy,189,370,2.053,1.875,0.048,0.021,1.913,186.74,188.44
399,2.042,69.71,123.5,1257.71,30.16,Healthy,189,371,1.805,1.629,0.029,0.005,1.692,186.05,188.55
400,2.314,67.56,126.8,1251.8,28.46,Healthy,189,372,1.983,1.741,0.049,0.02,1.896,189.67,191.73
401,2.265,68.93,126.87,1298.58,29.91,Healthy,188,373,1.927,1.739,0.038,-0.001,1.905,184.27,186.61
402,2.166,72.26,125.63,1316.04,28.34,Healthy,188,374,1.855,1.656,0.067,0.002,1.767,189.9,188.83
403,2.233,69.72,126.66,1281.02,31.96,Healthy,188,375,2.009,1.719,0.031,0.019,1.912,185.59,191.28
404,2.459,68.68,128.25,1325.26,29.02,Healthy,188,376,2.08,1.895,0.035,0.011,1.943,188.1,186.46
405,2.288,66.19,127.55,1305.24,25.49,Healthy,188,377,1.964,1.834,0.033,0.045,1.87,185.88,187.89
406,2.329,70.29,128.19,1261.23,30.26,Healthy,188,378,1.909,1.812,0.036,0.009,1.936,191.27,189.22
407,2.134,69.33,130.23,1287.64,35.01,Healthy,188,379,1.834,1.672,0.042,0.023,1.722,190.12,189.91
408,2.173,66.81,121.1,1296.65,27.5,Healthy,188,380,1.739,1.71,0.07,0.021,1.794,188.25,187.8
409,2.38,69.43,127.42,1291.84,28.47,Healthy,188,381,2.073,1.849,0.038,0.029,1.892,188.08,187.98
410,2.403,71.37,126.56,1304.09,33.02,Healthy,187,382,2.07,1.875,0.032,0.005,1.934,185.17,186.63
411,2.282,71.52,126.44,1295.66,30.12,Healthy,187,383,1.841,1.742,0.044,0.003,1.872,191.59,189.44
412,2.252,73.95,127.11,1274.92,28.65,Healthy,187,384,1.899,1.741,0.047,0.024,1.824,188.31,189.38
413,2.394,66.53,119.02,1306.56,27.01,Healthy,187,385,2.024,1.821,0.028,0.029,1.97,185.27,181.82
414,2.217,71.24,122.26,1287.63,30.0,Healthy,187,386,1.913,1.734,0.036,0.039,1.789,186.92,185.13
415,2.232,68.07,126.19,1325.69,27.03,Healthy,187,387,1.817,1.8,0.044,0.011,1.85,185.18,190.65
416,2.369,69.08,133.2,1267.61,31.7,Healthy,187,388,2.029,1.9,0.061,0.022,1.889,188.38,185.64
417,2.532,70.66,125.64,1287.22,27.12,Healthy,187,389,2.104,2.023,0.039,0.006,2.072,190.56,188.44
418,2.412,68.45,122.49,1319.98,29.4,Healthy,186,390,2.038,1.934,0.051,0.029,2.04,184.07,187.86
419,2.302,71.03,131.36,1295.0,31.31,Healthy,186,391,2.01,1.781,0.038,0.006,1.786,192.17,183.79
420,2.271,69.69,127.71,1302.54,32.04,Healthy,186,392,1.901,1.765,0.049,0.018,1.904,187.47,187.47
421,2.38,73.33,127.34,1249.58,31.04,Healthy,186,393,1.99,1.835,0.052,0.041,1.929,186.93,189.4
422,2.331,76.92,128.51,1237.83,31.84,Healthy,186,394,2.0,1.87,0.053,0.02,1.839,185.37,184.3
423,2.235,71.91,131.84,1291.57,27.57,Healthy,186,395,1.922,1.791,0.04,0.02,1.811,183.65,187.3
424,2.293,71.51,124.18,1270.61,31.8,Healthy,186,396,1.93,1.858,0.042,0.026,1.895,181.74,182.48
425,2.127,73.64,125.2,1345.35,28.99,Healthy,186,397,1.817,1.721,0.066,0.053,1.771,189.07,187.19
426,2.406,69.12,124.42,1281.17,29.88,Healthy,185,398,2.022,1.905,0.056,0.024,2.008,181.57,184.61
427,2.229,65.85,126.64,1278.06,33.6,Healthy,185,399,1.926,1.698,0.065,0.041,1.829,184.32,183.08
428,2.273,73.26,132.56,1319.53,29.21,Healthy,185,400,1.876,1.779,0.029,0.028,1.835,183.6,181.81
429,2.382,69.23,123.41,1208.99,30.24,Healthy,185,401,2.113,1.924,0.042,0.014,1.948,182.0,185.6
430,2.414,73.65,126.63,1275.56,28.39,Healthy,185,402,2.011,1.874,0.05,0.037,1.923,189.48,184.46
431,2.322,68.73,119.68,1302.6,31.96,Healthy,185,403,1.96,1.814,0.052,-0.0,1.86,187.38,182.49
432,2.363,67.23,128.36,1279.46,26.8,Healthy,185,404,2.067,1.814,0.038,0.026,1.96,181.95,185.12
433,2.381,72.37,127.51,1271.02,28.56,Healthy,185,405,2.028,1.814,0.017,0.03,1.965,177.91,182.98
434,2.407,75.8,127.06,1261.85,29.99,Healthy,185,406,2.115,1.852,0.039,0.016,1.912,185.37,188.25
435,2.374,70.05,126.13,1240.82,32.35,Healthy,184,407,2.014,1.845,0.079,0.028,1.893,182.72,186.3
436,2.351,67.1,129.78,1263.05,34.55,Healthy,184,408,2.052,1.816,0.06,0.025,1.938,185.45,182.31
437,2.263,73.29,126.04,1269.51,28.35,Healthy,184,409,1.945,1.848,0.036,0.024,1.89,183.76,184.9
438,2.215,71.81,126.49,1304.09,33.08,Healthy,184,410,2.012,1.751,0.05,0.027,1.78,185.02,183.41
439,2.365,74.05,124.05,1307.8,33.38,Healthy,184,411,2.004,1.76,0.041,0.043,1.915,181.0,182.99
440,2.448,72.15,126.37,1269.98,29.64,Healthy,184,412,2.035,1.974,0.044,0.042,2.044,186.99,183.14
441,2.398,70.74,124.39,1287.11,27.93,Healthy,184,413,2.098,1.852,0.049,0.028,1.932,185.76,183.05
442,2.457,67.46,127.49,1327.32,28.34,Healthy,184,414,2.055,1.937,0.049,0.029,2.01,185.9,186.22
443,2.404,70.24,129.15,1326.2,30.26,Healthy,183,415,1.995,1.919,0.046,-0.008,1.981,181.39,182.82
444,2.397,71.34,129.27,1267.66,31.7,Healthy,183,416,2.024,1.899,0.053,0.01,1.985,181.39,184.62
445,2.404,75.48,126.49,1269.67,30.55,Healthy,183,417,2.028,1.907,0.031,0.009,1.905,185.85,186.42
446,2.35,70.48,127.39,1307.3,28.57,Healthy,183,418,2.009,1.872,0.052,0.027,1.944,174.89,184.36
447,2.287,66.34,128.72,1312.44,30.33,Healthy,183,419,1.992,1.848,0.06,0.049,1.882,183.23,179.8
448,2.338,68.83,133.72,1273.55,30.92,Healthy,183,420,2.015,1.825,0.064,0.015,1.902,180.77,180.36
449,2.297,70.87,125.93,1260.49,27.57,Healthy,183,421,1.948,1.731,0.055,0.026,1.802,182.07,181.5
450,2.411,74.33,121.61,1280.53,30.33,Healthy,183,422,2.083,1.889,0.04,0.02,1.921,186.23,183.04
451,2.603,70.85,125.12,1239.66,26.73,Healthy,182,423,2.133,2.041,0.053,0.001,2.144,180.55,182.29
452,2.571,73.26,126.46,1255.07,25.98,Healthy,182,424,2.149,1.997,0.038,0.023,2.086,181.33,180.7
453,2.4,72.14,124.01,1312.47,30.52,Healthy,182,425,2.041,1.9,0.05,0.039,1.955,180.16,182.72
454,2.245,71.33,127.2,1271.85,30.47,Healthy,182,426,1.814,1.729,0.049,0.028,1.777,185.8,180.27
455,2.501,72.15,125.37,1321.28,28.15,Healthy,182,427,2.172,1.991,0.041,0.046,2.016,182.87,182.52
456,2.371,73.13,129.71,1233.04,33.66,Healthy,182,428,1.932,1.891,0.059,0.009,1.904,178.68,181.57
457,2.353,73.07,131.27,1311.49,29.57,Healthy,182,429,1.99,1.768,0.04,0.04,1.971,178.3,180.82
458,2.389,71.84,124.93,1287.05,29.78,Healthy,182,430,2.03,1.885,0.048,0.019,1.931,181.73,181.26
459,2.364,75.16,129.05,1268.91,32.38,Healthy,182,431,1.993,1.891,0.052,0.024,1.933,177.29,179.75
460,2.254,71.54,132.58,1331.93,32.27,Healthy,181,432,1.941,1.686,0.043,0.014,1.801,180.5,180.06
461,2.162,73.07,124.18,1281.98,35.44,Healthy,181,433,1.792,1.585,0.045,0.043,1.83,177.31,181.99
462,2.347,70.96,135.35,1238.28,31.46,Healthy,181,434,2.018,1.874,0.049,0.031,1.885,181.81,180.31
463,2.48,70.32,128.56,1274.97,33.39,Healthy,181,435,2.105,1.863,0.061,0.013,1.983,179.21,183.75
464,2.151,79.1,130.61,1281.13,30.81,Healthy,181,436,1.843,1.699,0.055,0.035,1.746,180.41,180.7
465,2.387,74.11,129.24,1201.89,32.39,Healthy,181,437,2.039,1.861,0.044,0.043,1.971,178.68,181.81
466,2.296,67.85,125.59,1296.81,33.07,Healthy,181,438,1.977,1.82,0.053,0.017,1.877,183.4,182.51
467,2.558,73.09,128.54,1301.85,30.93,Healthy,181,439,2.13,1.989,0.041,0.016,2.066,178.62,180.38
468,2.19,71.87,127.51,1254.52,32.46,Healthy,180,440,1.908,1.644,0.041,0.015,1.736,182.49,179.61
469,2.388,66.35,129.43,1243.82,31.16,Healthy,180,441,2.044,1.917,0.035,-0.018,1.942,185.4,182.48
470,2.448,70.15,129.96,1250.31,32.09,Healthy,180,442,2.106,1.952,0.076,0.033,1.963,179.92,176.46
471,2.342,70.38,125.98,1278.31,29.25,Healthy,180,443,2.047,1.827,0.048,0.022,1.903,182.48,178.27
472,2.349,70.66,123.53,1253.87,30.03,Healthy,180,444,2.04,1.843,0.05,0.04,1.897,181.17,179.79
473,2.462,69.98,120.26,1270.84,34.23,Healthy,180,445,2.139,1.959,0.061,0.029,2.002,178.15,179.37
474,2.506,74.47,127.18,1262.8,31.12,Healthy,180,446,2.16,1.897,0.026,0.019,1.981,178.48,179.7
475,2.381,75.11,128.59,1281.41,32.5,Healthy,180,447,1.967,1.899,0.048,0.037,1.886,175.34,181.64
476,2.483,69.24,125.02,1301.89,28.53,Healthy,179,448,2.193,1.901,0.055,0.023,2.035,177.37,178.67
477,2.445,69.01,129.86,1260.77,30.67,Healthy,179,449,2.029,1.805,0.047,0.064,2.012,178.94,178.47
478,2.445,72.91,124.11,1301.31,32.76,Healthy,179,450,2.114,1.925,0.049,0.038,2.004,177.94,177.85
479,2.457,75.43,123.95,1236.61,31.57,Healthy,179,451,2.091,1.923,0.051,0.024,2.05,174.2,177.34
480,2.435,67.47,127.16,1314.69,31.27,Healthy,179,452,2.081,1.849,0.043,0.022,1.96,182.84,180.12
481,2.317,72.22,129.19,1301.5,34.72,Healthy,179,453,1.919,1.775,0.036,0.024,1.895,181.96,178.85
482,2.414,72.0,125.21,1325.09,27.72,Healthy,179,454,2.061,1.964,0.049,0.025,1.941,178.46,181.75
483,2.19,75.47,123.46,1266.03,30.33,Healthy,179,455,1.891,1.644,0.054,0.059,1.719,179.57,177.68
484,2.509,71.71,125.82,1284.75,35.26,Healthy,179,456,2.123,1.986,0.036,0.014,2.051,183.45,179.71
485,2.422,71.68,124.01,1287.51,33.25,Healthy,178,457,2.036,1.87,0.052,0.022,1.959,184.3,177.51
486,2.419,70.08,130.01,1267.72,29.9,Healthy,178,458,2.122,1.944,0.043,0.001,2.0,175.95,179.58
487,2.229,73.95,124.16,1290.37,31.38,Healthy,178,459,1.847,1.722,0.056,0.03,1.829,183.93,174.87
488,2.662,72.0,125.11,1238.69,30.95,Healthy,178,460,2.309,2.071,0.064,0.007,2.156,174.24,178.73
489,2.576,70.71,120.01,1276.77,32.34,Healthy,178,461,2.21,2.059,0.039,0.039,2.134,172.66,178.64
490,2.412,71.58,128.88,1259.47,29.92,Healthy,178,462,2.052,1.838,0.039,0.039,1.908,180.0,178.93
491,2.268,70.11,131.43,1246.97,30.4,Healthy,178,463,1.951,1.8,0.047,0.02,1.894,183.22,179.96
492,2.488,69.8,125.37,1284.41,32.36,Healthy,178,464,2.185,1.967,0.035,0.045,1.975,176.85,178.5
493,2.719,79.61,129.7,1266.62,32.63,Healthy,177,465,2.356,2.108,0.068,0.033,2.222,179.0,177.84
494,2.583,70.32,126.22,1243.55,32.44,Healthy,177,466,2.234,2.033,0.066,0.029,2.119,173.72,176.23
495,2.568,74.0,127.03,1269.11,28.15,Healthy,177,467,2.165,2.039,0.055,0.037,2.082,177.02,175.68
496,2.571,72.95,129.4,1257.6,26.77,Healthy,177,468,2.24,1.986,0.041,0.04,2.067,180.18,178.23
497,2.572,68.51,131.58,1277.13,30.72,Healthy,177,469,2.193,1.935,0.054,0.014,2.029,172.43,179.23
498,2.417,75.77,126.35,1227.77,29.09,Healthy,177,470,2.116,1.879,0.044,0.032,1.978,180.35,179.9
499,2.452,68.64,126.73,1276.81,29.44,Healthy,177,471,2.036,1.926,0.049,0.03,1.956,176.31,175.15
500,2.604,74.57,122.45,1246.91,28.29,Healthy,177,472,2.181,2.028,0.035,0.016,2.069,177.62,177.14
501,2.413,72.44,126.36,1263.21,35.28,Healthy,176,473,2.118,1.83,0.058,0.042,1.909,178.46,179.08
502,2.368,69.73,131.07,1276.64,32.83,Healthy,176,474,2.03,1.863,0.037,0.046,1.965,175.31,175.91
503,2.321,73.33,129.75,1268.15,34.11,Healthy,176,475,1.956,1.833,0.04,0.03,1.873,176.68,175.26
504,2.492,74.13,126.73,1229.39,35.5,Healthy,176,476,2.187,1.892,0.057,0.023,2.029,176.88,175.53
505,2.416,70.35,125.31,1248.6,31.52,Healthy,176,477,2.018,1.912,0.065,0.022,1.967,177.5,176.94
506,2.522,73.96,129.52,1238.31,33.6,Healthy,176,478,2.188,1.937,0.051,0.041,2.034,179.22,180.73
507,2.421,68.67,129.0,1287.14,31.2,Healthy,176,479,2.131,1.835,0.057,0.022,2.03,181.98,174.47
508,2.452,74.29,126.94,1267.81,31.78,Healthy,176,480,1.988,1.912,0.043,0.023,2.044,172.23,177.63
509,2.487,71.46,130.49,1277.3,33.0,Healthy,176,481,2.162,1.927,0.044,0.015,1.981,184.85,178.49
510,2.36,68.87,129.58,1282.33,32.97,Healthy,175,482,1.993,1.836,0.054,0.032,1.823,174.31,173.3
511,2.546,79.66,129.25,1260.66,33.81,Healthy,175,483,2.188,2.003,0.057,0.062,2.017,176.42,173.15
512,2.594,69.92,126.91,1260.97,33.94,Healthy,175,484,2.251,1.973,0.051,0.02,2.051,174.35,174.38
513,2.821,73.32,124.05,1254.08,34.06,Healthy,175,485,2.502,2.137,0.032,0.059,2.301,172.4,176.07
514,2.216,72.27,129.18,1291.16,29.6,Healthy,175,486,1.888,1.691,0.053,0.018,1.779,172.01,176.3
515,2.638,71.69,128.32,1231.69,31.19,Healthy,175,487,2.24,2.162,0.04,0.053,2.177,175.84,178.52
516,2.582,73.27,128.07,1298.34,34.28,Healthy,175,488,2.163,1.961,0.049,0.019,2.089,178.71,174.09
517,2.535,72.47,130.79,1211.43,30.55,Healthy,175,489,2.165,2.025,0.046,0.003,2.078,173.09,172.62
518,2.468,71.88,126.44,1212.31,33.88,Healthy,174,490,2.162,1.951,0.039,0.029,1.999,175.8,175.34
519,2.457,72.56,129.64,1303.7,33.47,Healthy,174,491,2.128,1.92,0.065,0.038,1.956,178.21,175.4
520,2.494,71.18,129.17,1278.73,32.38,Healthy,174,492,2.135,2.013,0.062,0.035,2.058,170.9,174.8
521,2.767,71.85,125.76,1250.7,29.56,Healthy,174,493,2.313,2.143,0.037,0.032,2.277,171.28,177.04
522,2.614,75.0,126.34,1288.21,29.58,Healthy,174,494,2.266,2.046,0.057,0.014,2.082,175.79,172.1
523,2.611,69.02,130.87,1235.89,33.21,Healthy,174,495,2.251,2.009,0.057,0.036,2.093,170.97,170.07
524,2.599,68.55,128.63,1259.96,33.51,Healthy,174,496,2.194,2.014,0.058,0.037,2.118,175.41,170.93
525,2.651,74.01,125.31,1260.3,31.95,Healthy,174,497,2.247,2.081,0.066,0.049,2.095,175.87,176.66
526,2.609,75.23,134.41,1291.84,32.6,Healthy,173,498,2.27,2.041,0.051,0.027,2.176,170.54,176.06
527,2.625,69.02,129.49,1213.6,33.44,Healthy,173,499,2.276,2.024,0.053,0.062,2.106,169.82,175.96
528,2.803,72.55,131.44,1299.49,30.45,Healthy,173,500,2.358,2.236,0.068,0.041,2.235,178.96,171.94
529,2.53,73.42,133.08,1287.15,33.02,Healthy,173,501,2.174,1.975,0.057,-0.005,2.037,173.72,170.7
530,2.619,72.07,133.7,1304.98,31.1,Healthy,173,502,2.219,2.04,0.047,0.036,2.091,169.61,174.25
531,2.651,70.59,131.14,1249.71,32.7,Healthy,173,503,2.294,2.066,0.056,0.025,2.139,172.38,171.51
532,2.556,68.75,126.99,1258.23,31.59,Healthy,173,504,2.161,1.991,0.056,0.046,2.044,169.39,170.92
533,2.522,71.76,126.17,1232.8,31.17,Healthy,173,505,2.153,1.991,0.046,0.027,2.006,172.91,171.3
534,2.651,68.2,127.42,1272.58,32.6,Healthy,173,506,2.388,2.082,0.042,0.032,2.076,172.76,171.33
535,2.695,71.31,128.16,1249.01,36.04,Healthy,172,507,2.275,2.175,0.06,0.041,2.198,173.18,168.14
536,2.554,74.81,128.38,1229.62,32.11,Healthy,172,508,2.256,2.042,0.051,0.048,2.054,166.89,170.15
537,2.778,72.04,127.81,1257.1,36.44,Healthy,172,509,2.443,2.256,0.05,0.038,2.19,176.43,169.66
538,2.619,70.0,126.79,1243.52,30.93,Healthy,172,510,2.199,2.021,0.06,0.017,2.13,175.65,170.97
539,2.509,72.18,132.11,1269.15,31.12,Healthy,172,511,2.157,1.913,0.059,0.04,2.02,169.48,170.23
540,2.662,75.85,126.67,1275.61,27.71,Healthy,172,512,2.233,2.075,0.043,0.02,2.13,172.88,171.63
541,2.331,67.5,126.78,1275.44,26.28,Healthy,172,513,1.956,1.797,0.066,0.028,1.903,172.42,167.74
542,2.695,73.36,130.14,1362.01,27.75,Healthy,172,514,2.377,2.091,0.055,0.033,2.166,170.29,172.66
543,2.423,74.72,127.38,1235.45,31.37,Healthy,171,515,2.122,1.869,0.056,0.023,1.993,173.06,174.7
544,2.586,74.53,128.94,1295.95,30.79,Healthy,171,516,2.235,2.009,0.052,0.036,2.105,170.65,171.43
545,2.799,75.34,131.27,1252.01,30.44,Healthy,171,517,2.427,2.218,0.067,0.025,2.258,166.08,170.22
546,2.732,71.73,130.6,1258.49,33.12,Healthy,171,518,2.265,2.134,0.022,0.032,2.148,174.62,172.55
547,2.671,76.72,125.84,1306.78,34.48,Healthy,171,519,2.259,2.129,0.041,0.022,2.139,169.41,168.89
548,2.764,72.29,129.76,1248.69,28.44,Healthy,171,520,2.363,2.079,0.052,0.014,2.318,173.73,171.21
549,2.772,70.84,130.35,1267.8,33.04,Healthy,171,521,2.42,2.191,0.055,0.01,2.207,170.63,171.19
550,2.487,79.01,133.28,1277.7,32.64,Healthy,171,522,2.103,1.902,0.053,0.039,1.965,172.0,170.69
551,2.396,70.85,127.51,1309.69,33.72,Healthy,170,523,1.97,1.888,0.037,0.051,1.922,169.72,172.65
552,2.473,69.53,127.01,1288.31,29.18,Healthy,170,524,1.96,1.911,0.058,0.053,1.985,168.77,172.31
553,2.406,72.07,129.35,1273.43,31.41,Healthy,170,525,2.047,1.777,0.046,0.042,1.91,170.18,170.89
554,2.591,73.49,125.91,1256.88,33.9,Healthy,170,526,2.21,1.998,0.055,0.046,2.017,173.48,169.33
555,2.686,76.07,124.69,1244.16,31.94,Healthy,170,527,2.244,2.164,0.044,0.027,2.184,166.39,169.21
556,2.676,72.27,128.54,1248.52,29.26,Healthy,170,528,2.291,2.157,0.053,0.039,2.195,166.19,173.41
557,2.664,77.2,126.64,1307.05,34.31,Healthy,170,529,2.292,2.087,0.05,0.054,2.163,164.1,167.77
558,2.62,73.91,128.69,1291.92,28.33,Healthy,170,530,2.234,1.971,0.06,0.034,2.139,167.41,172.56
559,2.77,74.62,128.48,1275.8,31.09,Healthy,170,531,2.397,2.227,0.064,0.025,2.258,166.12,171.14
560,2.702,68.51,125.4,1254.07,32.0,Healthy,169,532,2.236,2.123,0.055,0.033,2.158,172.15,172.31
561,2.592,71.67,130.37,1252.05,32.37,Healthy,169,533,2.24,1.945,0.066,0.037,2.083,168.73,168.92
562,2.445,76.96,129.04,1271.93,34.79,Healthy,169,534,2.027,1.926,0.05,0.049,1.895,168.7,167.79
563,2.707,74.42,126.81,1242.9,32.47,Healthy,169,535,2.256,2.145,0.049,-0.007,2.178,165.88,165.74
564,2.509,73.53,132.93,1268.38,31.4,Healthy,169,536,2.155,1.939,0.046,0.019,1.962,167.83,169.32
565,2.648,72.24,126.12,1275.61,29.85,Healthy,169,537,2.29,2.025,0.046,0.014,2.125,171.93,170.03
566,2.78,74.61,125.66,1251.98,31.05,Healthy,169,538,2.43,2.121,0.062,0.05,2.325,167.77,170.42
567,2.939,71.78,124.38,1213.1,34.36,Healthy,169,539,2.404,2.278,0.058,0.039,2.398,169.67,171.56
568,2.553,71.65,126.69,1280.7,34.79,Healthy,168,540,2.193,2.039,0.042,0.062,2.129,170.21,171.56
569,2.471,72.05,126.81,1277.84,30.51,Healthy,168,541,2.138,1.982,0.06,0.041,1.962,165.46,170.5
570,2.766,73.28,127.78,1209.0,30.49,Healthy,168,542,2.447,2.106,0.055,0.052,2.19,168.55,169.88
571,2.676,80.57,124.04,1285.97,32.48,Healthy,168,543,2.313,2.105,0.046,0.04,2.093,169.81,168.6
572,2.754,76.07,130.17,1263.05,30.94,Healthy,168,544,2.305,2.196,0.068,0.034,2.233,165.29,170.35
573,2.76,78.29,126.45,1249.75,33.41,Healthy,168,545,2.378,2.144,0.045,0.05,2.264,165.25,170.71
574,2.823,73.8,129.33,1272.9,31.02,Healthy,168,546,2.401,2.116,0.062,0.014,2.347,167.01,167.58
575,2.61,72.76,133.37,1196.7,35.74,Healthy,168,547,2.235,1.988,0.043,0.063,2.076,164.54,170.27
576,2.728,71.16,129.77,1233.11,35.37,Healthy,167,548,2.372,2.149,0.057,0.064,2.21,163.45,167.9
577,2.94,70.98,128.06,1269.01,32.85,Healthy,167,549,2.45,2.338,0.077,0.041,2.345,162.35,167.52
578,2.825,74.73,129.15,1243.72,30.58,Healthy,167,550,2.443,2.24,0.038,0.062,2.311,171.2,164.32
579,2.531,73.19,130.68,1303.21,34.56,Healthy,167,551,2.139,1.933,0.066,0.023,2.115,166.15,170.18
580,2.779,73.24,127.63,1249.63,33.96,Healthy,167,552,2.366,2.144,0.052,0.039,2.166,168.37,165.04
581,2.562,69.38,123.82,1224.11,31.48,Healthy,167,553,2.275,1.977,0.056,0.044,2.08,166.77,164.61
582,2.877,78.14,124.17,1232.25,32.44,Healthy,167,554,2.397,2.264,0.047,0.071,2.378,167.64,169.05
583,2.838,72.23,126.78,1259.65,34.97,Healthy,167,555,2.419,2.151,0.046,0.037,2.296,172.92,164.23
584,2.768,77.38,136.06,1247.44,34.18,Healthy,167,556,2.381,2.167,0.053,0.045,2.141,169.05,167.25
585,2.683,78.8,127.24,1247.32,37.49,Healthy,166,557,2.239,2.071,0.053,0.051,2.182,162.12,164.94
586,2.64,73.51,130.55,1267.71,29.22,Healthy,166,558,2.297,2.069,0.068,0.045,2.182,167.4,168.69
587,2.778,73.48,136.11,1279.33,34.41,Healthy,166,559,2.297,2.115,0.057,0.041,2.226,166.42,169.18
588,2.801,70.89,128.97,1236.83,32.31,Healthy,166,560,2.36,2.166,0.042,0.037,2.246,157.21,170.11
589,2.851,72.82,129.38,1227.51,36.91,Healthy,166,561,2.518,2.23,0.065,0.041,2.256,164.76,166.26
590,2.668,73.23,129.06,1254.63,33.32,Healthy,166,562,2.215,2.052,0.042,0.054,2.077,169.46,168.77
591,2.689,67.29,128.27,1254.9,31.0,Healthy,166,563,2.26,2.159,0.061,0.025,2.114,165.02,165.57
592,2.787,72.48,130.9,1304.73,35.03,Healthy,166,564,2.367,2.167,0.051,0.057,2.232,166.14,166.1
593,2.67,70.41,130.35,1254.67,34.36,Healthy,165,565,2.243,2.131,0.046,0.065,2.093,166.3,165.95
594,2.637,74.92,133.23,1200.63,34.38,Healthy,165,566,2.117,2.018,0.071,0.031,2.089,164.41,169.14
595,2.515,71.25,133.9,1302.34,33.06,Healthy,165,567,2.076,2.046,0.071,0.05,2.005,164.85,164.68
596,2.777,77.53,132.06,1228.82,36.34,Healthy,165,568,2.376,2.194,0.069,0.023,2.248,163.41,161.86
597,2.782,80.2,123.92,1254.79,34.74,Healthy,165,569,2.371,2.165,0.042,0.043,2.223,158.43,167.39
598,2.858,74.07,130.14,1282.31,33.84,Healthy,165,570,2.475,2.217,0.068,0.045,2.323,161.19,165.57
599,2.645,72.36,127.02,1228.64,38.04,Healthy,165,571,2.315,2.14,0.043,0.041,2.091,162.91,163.16
600,2.896,72.99,132.69,1270.25,38.45,Healthy,165,572,2.388,2.309,0.066,0.025,2.386,166.01,164.55
601,2.651,72.2,135.65,1255.02,35.12,Healthy,164,573,2.214,2.037,0.066,0.02,2.131,164.1,164.22
602,2.731,75.01,131.59,1273.22,31.25,Healthy,164,574,2.307,2.178,0.064,0.02,2.226,158.07,164.09
603,2.983,71.67,127.03,1273.8,30.04,Healthy,164,575,2.504,2.351,0.049,0.037,2.446,165.26,164.53
604,2.717,74.99,129.17,1266.0,32.36,Healthy,164,576,2.3,2.08,0.055,0.028,2.156,164.78,164.43
605,2.854,73.0,130.78,1268.17,34.45,Healthy,164,577,2.385,2.232,0.059,0.041,2.228,164.48,168.43
606,2.719,72.28,130.7,1262.06,36.11,Healthy,164,578,2.248,2.15,0.061,0.038,2.216,167.09,165.74
607,2.628,76.17,129.4,1255.92,33.67,Healthy,164,579,2.226,2.098,0.054,0.024,2.113,164.54,166.46
608,2.84,72.01,137.06,1260.57,36.33,Healthy,164,580,2.406,2.237,0.064,0.059,2.343,166.62,163.37
609,2.701,74.99,132.42,1248.23,35.89,Healthy,164,581,2.368,2.07,0.047,0.039,2.2,162.43,166.7
610,2.823,74.28,125.33,1220.75,34.18,Healthy,163,582,2.293,2.242,0.054,0.09,2.379,162.46,162.79
611,2.894,78.46,124.74,1208.84,32.21,Healthy,163,583,2.489,2.277,0.066,0.023,2.251,165.57,161.34
612,2.535,74.58,132.04,1250.3,32.59,Healthy,163,584,2.147,1.962,0.042,0.03,2.074,163.97,163.34
613,2.661,73.79,123.15,1257.66,36.76,Healthy,163,585,2.188,2.052,0.059,0.06,2.137,160.92,159.06
614,2.795,79.37,130.53,1252.49,34.34,Healthy,163,586,2.375,2.148,0.064,0.045,2.265,160.07,165.61
615,2.865,72.9,132.72,1240.46,31.93,Healthy,163,587,2.397,2.164,0.06,0.014,2.272,156.77,162.83
616,2.769,73.48,126.6,1223.44,34.69,Healthy,163,588,2.326,2.172,0.047,0.044,2.295,164.76,162.18
617,2.821,73.72,129.76,1244.46,33.33,Healthy,163,589,2.408,2.161,0.046,0.021,2.221,159.35,163.32
618,2.685,75.62,129.86,1203.24,35.15,Healthy,162,590,2.323,2.055,0.06,0.029,2.179,158.21,158.41
619,2.749,74.05,128.58,1222.7,32.84,Healthy,162,591,2.35,2.142,0.058,0.032,2.274,158.47,162.98
620,2.939,75.58,129.18,1238.94,36.02,Healthy,162,592,2.427,2.254,0.052,0.06,2.396,159.1,161.38
621,2.726,72.63,132.74,1217.71,37.3,Healthy,162,593,2.359,2.17,0.051,0.04,2.151,160.43,162.99
622,2.958,71.65,128.72,1248.07,30.71,Healthy,162,594,2.544,2.278,0.054,0.035,2.364,161.98,161.57
623,2.76,72.62,130.79,1293.04,34.1,Healthy,162,595,2.396,2.097,0.058,0.026,2.177,159.78,164.38
624,2.922,75.07,125.25,1246.64,34.48,Healthy,162,596,2.492,2.205,0.047,0.041,2.388,155.41,161.68
625,2.827,76.6,131.94,1265.96,32.07,Healthy,162,597,2.308,2.189,0.066,0.063,2.318,163.29,162.76
626,2.746,74.17,134.88,1227.69,37.4,Healthy,161,598,2.318,2.195,0.042,0.051,2.195,156.75,161.44
627,2.936,72.41,125.39,1248.8,33.68,Healthy,161,599,2.523,2.328,0.056,0.07,2.387,159.96,157.78
628,2.786,73.7,132.79,1262.51,31.29,Healthy,161,600,2.377,2.2,0.072,0.056,2.287,161.18,161.78
629,2.97,71.23,128.87,1231.49,34.74,Healthy,161,601,2.586,2.293,0.032,0.037,2.442,162.61,161.86
630,2.789,71.38,131.48,1229.79,38.73,Healthy,161,602,2.399,2.152,0.05,0.042,2.25,164.35,161.37
631,2.737,79.33,130.1,1269.72,32.6,Healthy,161,603,2.345,2.147,0.038,0.073,2.269,159.81,158.8
632,2.869,74.84,131.03,1255.14,35.07,Healthy,161,604,2.511,2.261,0.046,0.064,2.39,170.46,158.75
633,2.859,69.43,131.64,1236.49,38.21,Healthy,161,605,2.391,2.162,0.052,0.014,2.346,154.8,161.06
634,2.583,73.86,134.93,1259.07,32.09,Healthy,161,606,2.194,2.015,0.061,0.023,2.116,152.89,159.74
635,2.776,76.26,130.08,1214.76,31.85,Healthy,160,607,2.37,2.162,0.051,0.036,2.276,158.45,159.82
636,3.098,71.14,124.47,1269.34,32.54,Healthy,160,608,2.617,2.385,0.054,0.067,2.541,162.59,157.17
637,2.702,67.62,127.61,1273.52,35.19,Healthy,160,609,2.286,2.107,0.05,0.047,2.219,155.15,160.6
638,2.954,73.7,132.16,1319.82,33.84,Healthy,160,610,2.531,2.275,0.059,0.051,2.401,156.94,160.41
639,3.02,75.88,132.96,1243.37,35.73,Healthy,160,611,2.581,2.318,0.06,0.029,2.421,160.57,160.59
640,2.705,77.41,131.8,1231.53,30.72,Healthy,160,612,2.292,2.092,0.058,0.038,2.111,158.83,159.39
641,2.926,73.05,135.14,1201.21,37.0,Healthy,160,613,2.476,2.317,0.058,0.061,2.355,156.7,162.84
642,2.839,75.37,133.82,1223.05,35.45,Healthy,160,614,2.384,2.209,0.058,0.022,2.268,164.05,161.77
643,2.847,75.45,129.25,1282.61,33.72,Healthy,159,615,2.432,2.267,0.049,0.068,2.245,163.89,158.25
644,2.828,70.13,128.78,1222.55,32.84,Healthy,159,616,2.397,2.244,0.059,0.049,2.247,156.36,162.6
645,2.772,79.02,129.43,1248.46,36.55,Healthy,159,617,2.42,2.158,0.053,0.044,2.259,161.67,159.01
646,2.937,79.0,131.32,1256.04,30.87,Healthy,159,618,2.365,2.306,0.056,0.037,2.389,158.82,161.26
647,2.875,73.05,133.16,1242.67,35.39,Healthy,159,619,2.42,2.217,0.058,0.045,2.348,158.19,155.33
648,2.816,76.92,129.31,1241.79,36.42,Healthy,159,620,2.358,2.135,0.056,0.037,2.242,158.47,159.98
649,2.869,75.73,135.66,1239.23,34.88,Healthy,159,621,2.413,2.204,0.052,0.038,2.338,166.05,157.57
650,2.823,74.82,131.42,1254.24,37.11,Healthy,159,622,2.278,2.106,0.052,0.061,2.224,149.98,160.14
651,2.904,72.27,127.29,1223.26,34.54,Healthy,158,623,2.437,2.285,0.029,0.032,2.307,157.23,156.92
652,2.973,70.37,130.4,1261.31,38.4,Healthy,158,624,2.503,2.332,0.04,0.009,2.442,157.98,160.36
653,2.715,76.34,135.89,1257.69,34.94,Healthy,158,625,2.308,2.055,0.071,0.036,2.219,153.31,155.64
654,3.055,74.19,134.65,1245.09,30.3,Healthy,158,626,2.641,2.359,0.065,0.046,2.413,158.49,162.39
655,2.944,74.94,133.54,1252.17,34.83,Healthy,158,627,2.448,2.306,0.068,0.033,2.442,157.72,156.22
656,3.007,74.38,132.6,1239.46,34.26,Healthy,158,628,2.581,2.357,0.038,0.029,2.473,157.6,156.95
657,2.727,72.42,124.27,1244.07,33.09,Healthy,158,629,2.27,2.124,0.061,0.077,2.148,161.48,159.95
658,2.799,75.65,128.98,1251.09,37.75,Healthy,158,630,2.409,2.204,0.054,0.023,2.259,161.62,154.95
659,2.768,75.48,127.42,1226.49,33.51,Healthy,158,631,2.285,2.12,0.065,0.026,2.178,156.11,159.46
660,2.874,74.02,130.52,1202.51,35.55,Healthy,157,632,2.462,2.225,0.068,0.029,2.373,157.46,156.33
661,2.898,74.93,134.06,1219.08,32.8,Healthy,157,633,2.515,2.237,0.067,0.071,2.331,159.04,154.69
662,2.993,75.72,131.83,1229.71,30.84,Healthy,157,634,2.569,2.252,0.055,0.06,2.432,162.85,159.05
663,2.827,75.31,130.29,1206.15,32.45,Healthy,157,635,2.375,2.124,0.059,0.042,2.223,158.21,158.43
664,2.935,74.45,132.22,1262.56,35.21,Healthy,157,636,2.454,2.3,0.07,0.037,2.461,155.42,157.06
665,2.829,75.84,125.23,1231.75,32.15,Healthy,157,637,2.411,2.246,0.065,0.011,2.373,157.89,155.45
666,2.931,75.74,128.47,1250.2,33.23,Healthy,157,638,2.471,2.259,0.044,0.049,2.398,158.54,158.64
667,2.954,73.99,133.01,1211.16,32.61,Healthy,157,639,2.463,2.347,0.068,0.054,2.436,154.36,157.7
668,2.902,77.46,130.16,1235.33,35.8,Healthy,156,640,2.511,2.237,0.058,0.031,2.251,156.6,157.22
669,2.951,70.49,129.47,1189.34,37.64,Healthy,156,641,2.454,2.352,0.068,0.033,2.345,157.05,154.31
670,2.935,74.17,125.19,1188.89,35.14,Healthy,156,642,2.467,2.267,0.065,0.065,2.366,154.98,157.0
671,2.762,75.96,132.21,1261.51,30.4,Healthy,156,643,2.31,2.119,0.059,0.054,2.297,154.52,155.0
672,3.065,76.16,134.37,1251.57,32.13,Healthy,156,644,2.539,2.329,0.065,0.065,2.557,158.53,158.33
673,2.86,72.55,133.13,1254.64,34.93,Healthy,156,645,2.45,2.244,0.071,0.067,2.338,158.54,157.03
674,2.877,77.35,126.41,1270.4,32.09,Healthy,156,646,2.46,2.21,0.064,0.047,2.267,157.26,154.84
675,3.041,75.48,131.8,1219.96,33.44,Healthy,156,647,2.562,2.406,0.075,0.035,2.506,149.49,153.61
676,2.822,72.12,125.87,1254.07,34.28,Healthy,155,648,2.418,2.229,0.061,0.057,2.283,151.44,157.12
677,2.869,73.18,130.11,1220.78,33.85,Healthy,155,649,2.456,2.252,0.05,0.04,2.367,156.49,159.15
678,3.084,78.4,126.49,1262.55,34.67,Healthy,155,650,2.594,2.412,0.068,0.055,2.463,157.23,153.72
679,2.971,74.8,130.01,1262.46,32.52,Healthy,155,651,2.623,2.245,0.053,0.053,2.43,154.7,154.89
680,2.997,75.0,134.86,1264.13,36.74,Healthy,155,652,2.499,2.334,0.056,0.033,2.442,153.39,156.31
681,2.822,79.9,128.01,1248.48,36.58,Healthy,155,653,2.37,2.235,0.047,0.07,2.286,153.21,154.4
682,3.05,74.16,128.47,1237.31,32.27,Healthy,155,654,2.684,2.356,0.067,0.051,2.431,154.98,156.57
683,2.932,78.62,133.79,1265.67,33.86,Healthy,155,655,2.438,2.262,0.061,0.056,2.288,154.98,155.32
684,2.924,78.89,132.01,1275.3,34.42,Healthy,155,656,2.532,2.346,0.072,0.032,2.358,153.96,155.98
685,3.042,73.58,130.96,1191.9,38.08,Healthy,154,657,2.56,2.375,0.056,0.066,2.351,153.95,153.79
686,2.908,80.02,128.11,1261.54,35.71,Healthy,154,658,2.535,2.242,0.052,0.065,2.372,149.37,152.92
687,3.011,77.81,128.75,1169.24,36.1,Healthy,154,659,2.498,2.268,0.031,0.061,2.444,153.32,156.78
688,3.044,79.78,126.63,1241.09,31.41,Healthy,154,660,2.576,2.364,0.066,0.049,2.491,156.11,158.31
689,2.932,73.41,131.56,1221.74,38.24,Healthy,154,661,2.478,2.264,0.055,0.06,2.369,152.07,157.33
690,2.87,75.87,132.79,1200.87,36.06,Healthy,154,662,2.387,2.272,0.05,0.059,2.369,156.58,154.5
691,2.947,74.36,135.26,1224.01,32.74,Healthy,154,663,2.538,2.267,0.05,0.027,2.368,153.75,154.49
692,3.092,77.14,130.29,1236.4,36.16,Healthy,154,664,2.692,2.417,0.055,0.034,2.447,156.0,155.16
693,3.049,75.52,135.1,1229.1,37.16,Healthy,153,665,2.59,2.354,0.066,0.055,2.484,153.24,152.92
694,3.269,78.82,133.06,1243.84,37.29,Healthy,153,666,2.805,2.551,0.057,0.048,2.521,153.63,152.02
695,3.176,75.93,127.34,1239.65,32.79,Healthy,153,667,2.723,2.489,0.069,0.038,2.574,148.9,154.4
696,3.05,77.14,130.93,1251.12,38.64,Healthy,153,668,2.578,2.385,0.049,0.036,2.474,156.31,152.49
697,2.962,74.9,129.34,1247.97,31.83,Healthy,153,669,2.582,2.284,0.067,0.031,2.426,155.02,153.77
698,2.873,76.56,127.41,1234.13,37.41,Healthy,153,670,2.482,2.242,0.05,0.059,2.328,146.04,154.57
699,2.992,78.97,127.68,1160.88,35.78,Healthy,153,671,2.558,2.266,0.05,0.091,2.411,155.19,151.7
700,2.747,75.55,130.19,1230.15,34.93,Healthy,153,672,2.348,2.137,0.047,0.057,2.147,146.85,154.48
701,3.061,75.86,126.81,1222.3,34.62,Healthy,152,673,2.522,2.358,0.067,0.071,2.463,154.27,148.17
702,3.082,74.01,131.94,1233.66,38.12,Healthy,152,674,2.576,2.429,0.057,0.048,2.489,149.46,151.97
703,2.997,76.64,131.28,1259.65,37.27,Healthy,152,675,2.495,2.372,0.048,0.059,2.452,146.27,152.19
704,2.951,74.16,135.1,1223.21,33.48,Healthy,152,676,2.512,2.329,0.059,0.068,2.412,145.47,150.94
705,2.943,77.28,123.19,1303.13,36.44,Healthy,152,677,2.509,2.343,0.084,0.063,2.422,152.39,151.72
706,2.955,74.03,129.01,1205.49,35.12,Healthy,152,678,2.428,2.313,0.06,0.053,2.373,161.23,154.72
707,2.866,76.7,129.27,1213.74,32.36,Healthy,152,679,2.458,2.208,0.07,0.066,2.376,149.44,152.95
708,3.093,74.95,128.79,1279.19,35.83,Healthy,152,680,2.661,2.38,0.048,0.042,2.5,148.81,151.98
709,2.817,73.36,133.13,1253.89,34.48,Healthy,152,681,2.344,2.156,0.057,0.06,2.319,150.51,149.69
710,3.055,74.12,129.58,1271.78,37.18,Healthy,151,682,2.605,2.332,0.063,0.067,2.46,155.05,153.59
711,3.225,76.96,132.91,1273.85,36.36,Healthy,151,683,2.716,2.498,0.063,0.032,2.607,154.29,146.62
712,3.212,79.03,129.79,1251.93,35.4,Healthy,151,684,2.792,2.545,0.047,0.06,2.593,151.25,149.54
713,3.24,78.84,128.96,1204.83,34.57,Healthy,151,685,2.776,2.537,0.073,0.063,2.663,151.98,148.22
714,3.009,78.91,131.04,1250.63,34.73,Healthy,151,686,2.506,2.342,0.064,0.041,2.428,148.18,153.24
715,3.0,79.91,135.8,1235.87,33.23,Healthy,151,687,2.446,2.281,0.047,0.072,2.435,152.17,146.56
716,2.894,78.52,132.09,1234.07,36.71,Healthy,151,688,2.542,2.248,0.061,0.054,2.44,144.7,152.37
717,3.026,77.74,129.27,1236.38,37.05,Healthy,151,689,2.728,2.393,0.052,0.045,2.433,145.61,150.34
718,3.13,73.15,134.4,1249.64,33.89,Healthy,150,690,2.653,2.505,0.068,0.052,2.526,150.23,148.98
719,2.792,81.47,131.74,1247.25,35.4,Healthy,150,691,2.336,2.17,0.045,0.086,2.212,146.9,149.12
720,3.202,76.42,127.58,1268.51,37.15,Healthy,150,692,2.749,2.526,0.085,0.085,2.566,154.87,150.77
721,3.11,72.17,130.79,1216.68,37.38,Healthy,150,693,2.697,2.343,0.061,0.069,2.512,152.19,150.7
722,3.093,75.74,127.67,1208.81,37.14,Healthy,150,694,2.63,2.407,0.057,0.048,2.547,148.99,147.32
723,3.144,75.93,131.42,1276.89,35.55,Healthy,150,695,2.687,2.405,0.059,0.061,2.484,150.6,150.2
724,3.062,79.05,132.35,1273.5,33.43,Healthy,150,696,2.609,2.392,0.05,0.067,2.573,149.95,151.01
725,3.07,74.7,125.9,1218.76,32.57,Healthy,150,697,2.695,2.39,0.058,0.066,2.442,147.7,150.14
726,3.186,77.75,132.12,1238.2,36.53,Healthy,149,698,2.718,2.444,0.062,0.036,2.584,147.56,154.08
727,3.06,73.01,130.99,1249.08,39.35,Healthy,149,699,2.572,2.324,0.069,0.032,2.461,148.23,148.86
728,3.15,74.83,130.58,1235.59,36.02,Healthy,149,700,2.682,2.474,0.07,0.059,2.57,144.25,149.1
729,3.128,78.38,129.34,1219.32,34.44,Healthy,149,701,2.686,2.481,0.057,0.066,2.539,148.63,148.58
730,3.162,77.39,138.26,1214.34,36.86,Healthy,149,702,2.661,2.432,0.061,0.055,2.678,148.45,146.74
731,3.108,71.41,131.17,1235.9,37.49,Healthy,149,703,2.69,2.404,0.06,0.042,2.472,149.93,146.45
732,3.028,74.13,133.11,1280.39,32.89,Healthy,149,704,2.481,2.357,0.062,0.056,2.435,148.4,149.74
733,3.205,71.75,130.37,1240.55,33.76,Healthy,149,705,2.811,2.474,0.061,0.062,2.572,143.46,148.14
734,3.206,75.82,128.96,1258.19,35.07,Healthy,149,706,2.7,2.507,0.069,0.089,2.63,152.48,147.99
735,2.962,76.84,131.83,1207.94,35.43,Healthy,148,707,2.538,2.325,0.067,0.058,2.379,146.46,145.6
736,3.302,76.73,130.85,1211.53,42.29,Healthy,148,708,2.753,2.558,0.066,0.063,2.713,153.42,149.01
737,2.963,76.08,132.46,1286.31,32.77,Healthy,148,709,2.579,2.318,0.07,0.052,2.366,150.25,149.31
738,3.209,76.71,129.76,1195.48,37.67,Healthy,148,710,2.749,2.464,0.056,0.047,2.54,145.55,145.73
739,3.046,74.91,126.69,1284.86,38.64,Healthy,148,711,2.55,2.387,0.066,0.072,2.435,151.28,146.9
740,2.937,78.59,135.46,1298.85,33.26,Healthy,148,712,2.531,2.274,0.07,0.032,2.328,145.67,148.16
741,3.023,78.45,134.68,1248.99,39.48,Healthy,148,713,2.59,2.309,0.076,0.045,2.485,152.72,148.91
742,2.923,74.52,135.58,1229.62,36.11,Healthy,148,714,2.522,2.308,0.065,0.051,2.355,150.57,149.11
743,3.074,79.55,131.24,1212.41,34.29,Healthy,147,715,2.564,2.387,0.074,0.042,2.497,145.03,146.48
744,2.926,76.31,131.06,1247.06,36.47,Healthy,147,716,2.427,2.326,0.064,0.057,2.37,145.45,147.44
745,3.167,72.51,130.04,1227.03,36.56,Healthy,147,717,2.752,2.439,0.057,0.047,2.533,145.96,148.54
746,2.986,77.97,126.57,1219.22,35.29,Healthy,147,718,2.622,2.318,0.04,0.025,2.42,148.84,147.75
747,3.135,79.83,130.07,1255.47,32.44,Healthy,147,719,2.62,2.373,0.06,0.054,2.544,147.19,145.14
748,3.095,73.2,135.79,1225.36,34.97,Healthy,147,720,2.71,2.364,0.051,0.038,2.504,148.29,148.48
749,3.429,71.34,133.55,1218.87,34.77,Healthy,147,721,2.884,2.638,0.079,0.067,2.778,151.05,143.97
750,2.963,71.54,129.64,1236.69,36.31,Healthy,147,722,2.526,2.255,0.07,0.058,2.429,141.32,147.62
751,2.982,76.01,133.35,1234.78,34.23,Healthy,146,723,2.535,2.265,0.074,0.052,2.46,144.42,144.95
752,3.036,79.21,129.64,1248.46,35.28,Healthy,146,724,2.482,2.345,0.051,0.056,2.412,148.78,145.82
753,3.109,78.68,134.67,1231.7,34.44,Healthy,146,725,2.554,2.398,0.056,0.057,2.504,148.06,144.77
754,3.126,80.02,132.82,1230.55,34.83,Healthy,146,726,2.625,2.404,0.057,0.067,2.523,141.95,149.54
755,3.173,73.56,130.48,1234.67,39.92,Healthy,146,727,2.642,2.514,0.077,0.046,2.559,142.89,145.59
756,3.133,78.75,135.1,1213.05,31.86,Healthy,146,728,2.662,2.455,0.065,0.051,2.543,150.55,146.76
757,3.095,75.87,131.33,1272.52,35.8,Healthy,146,729,2.63,2.395,0.074,0.085,2.525,146.25,146.07
758,2.856,79.0,132.26,1242.16,34.66,Healthy,146,730,2.408,2.211,0.073,0.05,2.397,147.29,143.45
759,3.13,75.53,125.29,1271.29,37.79,Healthy,146,731,2.687,2.448,0.049,0.049,2.569,142.85,140.94
760,3.12,76.83,132.29,1249.36,37.66,Healthy,145,732,2.665,2.481,0.048,0.063,2.552,141.28,141.99
761,3.06,75.55,134.16,1215.64,34.4,Healthy,145,733,2.57,2.432,0.063,0.053,2.474,148.88,143.5
762,3.31,77.75,131.43,1293.37,33.98,Healthy,145,734,2.796,2.533,0.073,0.081,2.748,148.67,144.6
763,3.111,73.06,138.04,1242.42,35.23,Healthy,145,735,2.711,2.388,0.067,0.054,2.545,144.81,142.1
764,3.167,79.88,131.86,1249.93,34.03,Healthy,145,736,2.691,2.445,0.071,0.057,2.593,148.26,146.38
765,3.193,74.78,131.95,1217.07,35.6,Healthy,145,737,2.695,2.451,0.044,0.046,2.594,140.96,145.03
766,3.391,79.86,136.91,1240.03,38.94,Healthy,145,738,2.846,2.619,0.036,0.074,2.808,143.34,144.49
767,3.075,78.28,135.36,1186.53,37.29,Healthy,145,739,2.6,2.403,0.068,0.054,2.487,144.36,146.94
768,3.218,77.89,128.19,1220.49,38.38,Healthy,144,740,2.737,2.536,0.081,0.072,2.61,142.47,138.89
769,3.15,76.54,133.19,1225.95,35.72,Healthy,144,741,2.589,2.419,0.068,0.083,2.548,144.98,145.9
770,3.075,78.3,129.81,1251.27,36.78,Healthy,144,742,2.629,2.367,0.071,0.088,2.45,142.98,144.46
771,3.269,76.0,123.55,1263.48,38.13,Healthy,144,743,2.692,2.526,0.079,0.079,2.685,143.47,144.17
772,3.162,80.24,129.44,1209.21,38.7,Healthy,144,744,2.685,2.521,0.057,0.056,2.524,144.02,141.04
773,3.121,73.85,134.16,1247.11,32.69,Healthy,144,745,2.72,2.534,0.064,0.048,2.641,140.04,144.04
774,3.204,80.82,133.17,1216.58,34.42,Healthy,144,746,2.706,2.459,0.064,0.049,2.535,147.77,143.0
775,3.033,77.06,132.32,1185.24,37.26,Healthy,144,747,2.526,2.434,0.069,0.051,2.427,143.69,145.23
776,3.184,76.96,132.3,1213.65,35.79,Healthy,143,748,2.602,2.522,0.067,0.046,2.655,143.26,140.93
777,3.293,78.52,133.32,1217.96,37.56,Healthy,143,749,2.786,2.591,0.045,0.051,2.736,140.7,141.79
778,3.139,74.5,125.53,1222.69,36.88,Healthy,143,750,2.666,2.443,0.064,0.073,2.535,141.28,142.44
779,3.265,81.09,130.29,1230.77,37.35,Healthy,143,751,2.726,2.548,0.049,0.031,2.659,141.85,143.4
780,3.195,75.14,132.05,1197.32,39.68,Healthy,143,752,2.648,2.484,0.054,0.066,2.575,141.44,144.71
781,3.204,78.89,129.26,1192.88,36.88,Healthy,143,753,2.707,2.524,0.063,0.061,2.53,148.67,142.67
782,3.286,75.53,133.14,1195.28,37.65,Healthy,143,754,2.775,2.564,0.071,0.04,2.634,144.37,147.2
783,3.188,79.12,131.91,1276.26,32.83,Healthy,143,755,2.715,2.422,0.039,0.063,2.588,142.15,142.79
784,3.579,77.01,133.78,1211.32,37.34,Healthy,143,756,3.03,2.775,0.082,0.076,2.904,136.09,142.28
785,3.534,77.1,135.57,1263.45,37.19,Healthy,142,757,2.962,2.659,0.071,0.046,2.87,138.25,141.47
786,3.217,78.37,128.93,1257.17,35.42,Healthy,142,758,2.651,2.505,0.065,0.061,2.66,141.29,141.76
787,3.083,79.77,132.84,1216.6,32.56,Healthy,142,759,2.693,2.356,0.058,0.064,2.449,137.52,137.75
788,3.304,76.38,141.09,1202.09,34.74,Healthy,142,760,2.78,2.587,0.06,0.068,2.637,137.86,138.4
789,2.953,76.46,131.42,1211.01,39.52,Healthy,142,761,2.571,2.29,0.046,0.05,2.368,140.03,140.6
790,3.144,76.81,130.43,1231.86,37.59,Healthy,142,762,2.627,2.503,0.055,0.035,2.562,139.55,142.64
791,2.937,81.28,134.37,1188.99,33.57,Healthy,142,763,2.58,2.261,0.056,0.025,2.365,141.32,143.43
792,3.06,74.02,133.72,1251.52,33.38,Healthy,142,764,2.655,2.388,0.075,0.058,2.378,141.54,144.12
793,3.123,76.87,131.85,1153.71,40.53,Healthy,141,765,2.609,2.456,0.064,0.078,2.546,140.3,139.21
794,3.328,73.18,134.33,1198.57,39.63,Healthy,141,766,2.837,2.622,0.065,0.033,2.661,143.02,141.33
795,3.377,78.89,129.51,1206.0,37.12,Healthy,141,767,2.755,2.701,0.069,0.078,2.672,144.73,145.46
796,3.079,79.83,132.43,1187.14,37.99,Healthy,141,768,2.659,2.378,0.076,0.034,2.434,141.41,141.05
797,3.154,79.94,134.03,1247.05,36.66,Healthy,141,769,2.711,2.442,0.085,0.047,2.639,141.1,138.25
798,3.407,78.25,135.01,1256.05,37.69,Healthy,141,770,2.866,2.696,0.065,0.07,2.674,142.34,139.72
799,3.443,79.52,133.19,1237.46,34.77,Healthy,141,771,3.008,2.765,0.069,0.084,2.766,138.61,141.08
800,3.3,77.0,134.1,1232.81,34.79,Healthy,141,772,2.831,2.609,0.067,0.077,2.624,142.4,138.66
801,3.116,76.42,129.67,1211.3,36.53,Warning,140,773,2.69,2.418,0.049,0.077,2.49,139.82,140.89
802,3.276,80.76,133.95,1203.32,41.81,Warning,140,774,2.794,2.549,0.075,0.064,2.67,147.48,139.45
803,3.217,78.33,135.74,1187.04,32.71,Warning,140,775,2.705,2.444,0.061,0.068,2.57,135.72,140.14
804,3.361,73.82,135.01,1244.98,39.15,Warning,140,776,2.918,2.71,0.062,0.062,2.706,140.01,143.07
805,3.099,75.93,136.69,1249.9,36.27,Warning,140,777,2.677,2.431,0.08,0.062,2.551,147.93,141.2
806,3.268,79.91,131.48,1283.95,37.49,Warning,140,778,2.764,2.516,0.076,0.074,2.627,141.73,136.98
807,3.287,79.25,137.71,1204.83,34.3,Warning,140,779,2.749,2.51,0.079,0.084,2.675,143.66,140.27
808,3.256,77.31,131.67,1185.25,37.71,Warning,140,780,2.766,2.569,0.066,0.058,2.603,140.22,141.48
809,3.133,78.38,133.32,1205.85,35.85,Warning,140,781,2.675,2.398,0.069,0.047,2.58,147.01,138.28
810,3.337,76.36,135.76,1192.02,38.22,Warning,139,782,2.793,2.595,0.055,0.073,2.669,140.66,138.31
811,3.261,78.57,130.36,1228.76,40.55,Warning,139,783,2.733,2.59,0.08,0.049,2.583,139.91,137.91
812,3.502,78.31,130.26,1194.67,39.6,Warning,139,784,2.948,2.733,0.075,0.054,2.835,138.95,140.37
813,3.351,77.69,132.87,1213.91,33.97,Warning,139,785,2.861,2.689,0.057,0.05,2.679,141.17,139.9
814,3.263,75.96,132.97,1183.93,37.55,Warning,139,786,2.817,2.495,0.05,0.085,2.619,142.41,138.69
815,3.266,79.38,130.06,1226.21,36.41,Warning,139,787,2.71,2.561,0.063,0.059,2.597,143.77,140.75
816,3.403,77.54,127.54,1271.57,37.14,Warning,139,788,2.855,2.671,0.077,0.061,2.808,142.25,136.85
817,3.209,80.71,124.6,1218.86,34.14,Warning,139,789,2.704,2.491,0.062,0.053,2.555,145.88,142.73
818,3.153,82.3,131.56,1225.68,37.17,Warning,138,790,2.647,2.499,0.067,0.055,2.502,135.32,134.72
819,3.296,75.37,131.97,1256.55,39.96,Warning,138,791,2.8,2.567,0.085,0.07,2.657,133.72,138.79
820,3.397,76.8,133.66,1213.06,36.94,Warning,138,792,2.763,2.641,0.076,0.052,2.754,135.73,138.72
821,3.274,76.05,136.8,1245.22,36.03,Warning,138,793,2.808,2.575,0.072,0.037,2.692,136.29,137.28
822,3.619,79.17,131.66,1166.72,40.44,Warning,138,794,3.009,2.783,0.063,0.083,2.962,137.53,138.62
823,3.233,78.79,133.05,1245.92,39.52,Warning,138,795,2.773,2.507,0.074,0.061,2.575,136.79,138.17
824,3.417,78.0,129.22,1222.97,37.66,Warning,138,796,2.914,2.702,0.076,0.053,2.743,134.88,139.4
825,3.484,77.69,132.14,1258.07,38.54,Warning,138,797,2.983,2.67,0.073,0.048,2.777,136.96,136.83
826,3.286,74.9,135.75,1249.44,33.17,Warning,137,798,2.842,2.531,0.075,0.061,2.663,136.44,139.42
827,3.166,80.04,136.19,1239.01,42.58,Warning,137,799,2.665,2.508,0.065,0.081,2.564,135.84,139.61
828,3.259,75.01,131.35,1236.43,40.55,Warning,137,800,2.776,2.595,0.053,0.056,2.628,136.66,137.17
829,3.403,77.45,133.34,1219.67,35.47,Warning,137,801,2.887,2.649,0.065,0.063,2.759,135.7,139.55
830,3.182,76.78,141.27,1194.7,34.54,Warning,137,802,2.741,2.399,0.064,0.095,2.516,131.05,134.0
831,3.433,81.41,131.41,1237.58,40.6,Warning,137,803,3.007,2.668,0.043,0.051,2.764,136.22,136.62
832,3.462,81.81,132.45,1247.81,38.34,Warning,137,804,2.946,2.737,0.067,0.094,2.747,135.45,136.75
833,3.383,81.81,132.91,1184.64,39.43,Warning,137,805,2.913,2.561,0.067,0.039,2.714,134.29,138.62
834,3.347,75.45,135.64,1184.2,38.32,Warning,137,806,2.804,2.596,0.072,0.071,2.765,136.75,137.61
835,3.282,79.13,134.33,1217.44,33.64,Warning,136,807,2.806,2.575,0.06,0.044,2.717,137.47,135.54
836,3.201,76.65,136.93,1223.19,36.42,Warning,136,808,2.746,2.464,0.082,0.084,2.574,134.11,130.76
837,3.162,75.37,133.45,1211.44,34.69,Warning,136,809,2.674,2.487,0.072,0.035,2.556,131.85,137.8
838,3.437,76.49,130.76,1207.92,32.71,Warning,136,810,2.938,2.67,0.077,0.047,2.759,131.48,133.99
839,3.203,81.25,130.98,1222.4,36.85,Warning,136,811,2.659,2.492,0.073,0.046,2.627,133.45,135.03
840,3.411,77.12,133.2,1211.28,37.99,Warning,136,812,2.78,2.587,0.073,0.079,2.726,135.27,136.59
841,3.433,73.73,130.44,1210.69,39.27,Warning,136,813,3.043,2.669,0.053,0.07,2.834,136.32,134.19
842,3.467,80.48,130.04,1228.39,39.93,Warning,136,814,3.006,2.702,0.063,0.083,2.76,137.32,133.26
843,3.483,78.19,136.94,1230.99,35.06,Warning,135,815,3.032,2.779,0.076,0.053,2.809,135.44,133.59
844,3.561,79.22,125.03,1227.03,37.01,Warning,135,816,3.023,2.763,0.075,0.081,2.896,133.98,134.92
845,3.362,76.87,134.9,1229.9,41.18,Warning,135,817,2.92,2.595,0.075,0.05,2.751,133.45,132.95
846,3.396,72.21,127.92,1213.81,37.99,Warning,135,818,2.868,2.586,0.059,0.07,2.774,134.95,137.31
847,3.413,77.05,132.35,1183.03,37.59,Warning,135,819,2.957,2.69,0.081,0.06,2.818,134.42,137.94
848,3.365,80.71,137.63,1213.11,38.33,Warning,135,820,2.925,2.619,0.054,0.097,2.707,135.48,137.31
849,3.297,76.44,133.98,1172.97,37.23,Warning,135,821,2.815,2.561,0.052,0.089,2.675,139.29,134.48
850,3.267,79.65,132.59,1188.21,41.12,Warning,135,822,2.746,2.475,0.081,0.057,2.622,129.7,138.48
851,3.22,79.15,135.99,1228.04,37.77,Warning,134,823,2.652,2.479,0.069,0.053,2.616,136.05,135.93
852,3.23,84.51,135.57,1217.31,40.31,Warning,134,824,2.864,2.462,0.065,0.029,2.624,135.1,133.92
853,3.301,73.92,134.4,1253.59,36.64,Warning,134,825,2.828,2.512,0.072,0.059,2.643,131.72,133.21
854,3.428,75.78,132.1,1216.01,35.54,Warning,134,826,3.004,2.64,0.061,0.051,2.849,135.66,132.13
855,3.518,79.58,134.08,1208.29,36.32,Warning,134,827,3.007,2.722,0.086,0.046,2.911,133.67,134.6
856,3.487,77.52,135.92,1149.06,36.41,Warning,134,828,2.918,2.67,0.066,0.071,2.853,134.72,132.67
857,3.434,79.43,136.15,1236.02,38.08,Warning,134,829,2.874,2.652,0.062,0.061,2.792,136.15,133.9
858,3.394,79.5,131.81,1193.32,34.16,Warning,134,830,2.85,2.666,0.061,0.062,2.768,135.56,131.84
859,3.515,81.98,129.98,1195.7,40.66,Warning,134,831,2.98,2.653,0.054,0.062,2.801,132.76,134.06
860,3.573,78.45,136.6,1251.87,41.22,Warning,133,832,3.051,2.708,0.073,0.082,2.891,138.23,134.72
861,3.468,81.92,134.4,1153.68,36.98,Warning,133,833,3.008,2.673,0.066,0.05,2.88,138.04,131.23
862,3.42,77.52,135.26,1228.59,39.88,Warning,133,834,2.924,2.785,0.058,0.04,2.754,128.3,130.02
863,3.285,76.93,130.57,1228.66,37.0,Warning,133,835,2.783,2.598,0.06,0.062,2.675,127.18,128.23
864,3.449,80.49,139.64,1219.5,39.94,Warning,133,836,2.922,2.702,0.085,0.034,2.81,139.41,133.56
865,3.608,77.71,133.36,1216.24,33.27,Warning,133,837,3.008,2.77,0.076,0.079,2.935,135.47,132.67
866,3.557,79.32,133.65,1208.61,39.68,Warning,133,838,3.002,2.814,0.057,0.05,2.909,132.73,132.09
867,3.522,77.8,132.89,1250.08,41.57,Warning,133,839,3.072,2.736,0.081,0.052,2.817,125.95,136.35
868,3.314,79.02,130.77,1232.33,37.38,Warning,132,840,2.752,2.603,0.054,0.054,2.6,127.73,132.36
869,3.184,75.66,133.51,1201.21,42.61,Warning,132,841,2.798,2.449,0.074,0.078,2.555,127.51,131.98
870,3.402,78.29,134.86,1195.88,35.71,Warning,132,842,2.897,2.669,0.057,0.081,2.685,130.27,131.48
871,3.349,77.99,139.16,1193.23,43.63,Warning,132,843,2.869,2.616,0.073,0.105,2.673,128.64,130.49
872,3.431,75.11,133.63,1256.69,38.61,Warning,132,844,2.902,2.651,0.078,0.055,2.853,137.8,132.51
873,3.429,82.02,136.86,1194.05,37.14,Warning,132,845,2.849,2.691,0.075,0.047,2.759,127.96,130.2
874,3.499,77.63,132.69,1173.37,38.73,Warning,132,846,2.972,2.7,0.067,0.07,2.802,127.57,135.61
875,3.359,79.24,136.64,1302.13,35.59,Warning,132,847,2.878,2.592,0.063,0.057,2.676,131.88,129.05
876,3.551,79.64,134.89,1202.1,37.54,Warning,131,848,3.033,2.723,0.065,0.055,2.841,124.67,133.68
877,3.358,82.43,136.85,1181.45,35.97,Warning,131,849,2.982,2.689,0.068,0.071,2.695,132.3,129.57
878,3.199,76.24,133.72,1185.17,38.24,Warning,131,850,2.665,2.464,0.077,0.071,2.591,133.64,131.96
879,3.619,78.41,132.38,1180.77,37.46,Warning,131,851,3.124,2.875,0.079,0.041,2.975,125.48,132.8
880,3.403,81.34,129.69,1242.43,35.2,Warning,131,852,2.859,2.614,0.051,0.069,2.829,139.0,131.19
881,3.584,80.18,135.2,1204.45,38.87,Warning,131,853,3.073,2.772,0.068,0.067,2.936,127.8,130.9
882,3.682,82.53,137.76,1213.46,39.16,Warning,131,854,3.18,2.934,0.05,0.048,3.035,130.17,129.66
883,3.305,78.25,129.52,1264.98,38.43,Warning,131,855,2.806,2.601,0.079,0.082,2.72,129.11,130.4
884,3.55,78.34,133.73,1222.52,40.22,Warning,131,856,2.929,2.798,0.067,0.079,2.907,135.82,133.71
885,3.622,83.29,134.63,1213.2,40.43,Warning,130,857,3.115,2.813,0.073,0.068,2.9,133.87,130.11
886,3.708,75.64,132.1,1213.07,41.03,Warning,130,858,3.172,2.905,0.058,0.051,3.016,125.91,128.94
887,3.525,77.26,138.61,1242.7,35.09,Warning,130,859,2.95,2.658,0.061,0.08,2.839,131.38,126.96
888,3.563,78.35,133.84,1209.63,35.77,Warning,130,860,2.971,2.818,0.073,0.084,2.899,130.43,126.55
889,3.438,79.69,139.68,1228.97,41.96,Warning,130,861,2.952,2.653,0.071,0.072,2.747,128.85,129.59
890,3.665,74.58,137.45,1188.23,35.58,Warning,130,862,3.174,2.888,0.082,0.081,3.051,131.68,129.69
891,3.516,82.91,131.51,1195.2,37.94,Warning,130,863,2.883,2.748,0.051,0.07,2.883,128.57,133.35
892,3.302,82.8,135.89,1168.45,44.6,Warning,130,864,2.804,2.54,0.055,0.066,2.67,130.31,129.4
893,3.556,78.87,128.08,1207.47,33.45,Warning,129,865,3.04,2.735,0.071,0.089,2.842,132.18,128.13
894,3.693,78.95,131.37,1228.23,37.72,Warning,129,866,3.097,2.861,0.069,0.089,2.914,129.07,130.25
895,3.508,83.15,133.69,1206.29,40.0,Warning,129,867,2.987,2.721,0.075,0.06,2.817,127.42,131.71
896,3.101,80.89,134.03,1168.73,39.39,Warning,129,868,2.66,2.442,0.043,0.09,2.482,131.06,130.48
897,3.385,81.57,132.78,1158.82,41.3,Warning,129,869,2.838,2.606,0.066,0.074,2.74,130.64,126.32
898,3.403,79.65,139.65,1207.6,41.13,Warning,129,870,2.894,2.635,0.067,0.067,2.781,133.12,129.72
899,3.637,77.55,132.73,1192.19,39.46,Warning,129,871,3.074,2.866,0.061,0.07,2.973,122.8,133.24
900,3.464,74.92,134.46,1210.99,38.6,Warning,129,872,2.994,2.732,0.073,0.077,2.802,134.33,126.04
901,3.517,80.16,136.44,1188.9,34.96,Warning,128,873,2.997,2.755,0.085,0.051,2.895,135.1,127.24
902,3.348,79.0,134.06,1223.94,37.52,Warning,128,874,2.924,2.567,0.053,0.087,2.621,127.39,134.24
903,3.504,77.24,133.86,1208.43,39.19,Warning,128,875,3.012,2.692,0.087,0.074,2.867,126.12,130.57
904,3.477,80.75,131.25,1184.63,40.37,Warning,128,876,2.933,2.678,0.064,0.081,2.791,127.65,128.03
905,3.28,76.4,135.07,1190.97,41.2,Warning,128,877,2.836,2.587,0.088,0.069,2.683,126.25,132.9
906,3.751,80.13,135.23,1243.23,38.57,Warning,128,878,3.156,2.961,0.071,0.073,3.005,122.85,128.47
907,3.624,79.56,138.4,1191.5,36.59,Warning,128,879,3.077,2.823,0.078,0.059,2.99,133.9,127.92
908,3.667,77.5,137.33,1235.13,40.83,Warning,128,880,3.116,2.742,0.064,0.061,2.931,128.37,127.16
909,3.421,77.51,131.97,1236.84,37.49,Warning,128,881,2.882,2.65,0.074,0.078,2.649,131.06,130.87
910,3.396,77.75,132.78,1189.75,39.45,Warning,127,882,2.789,2.604,0.086,0.057,2.8,128.07,123.38
911,3.601,79.91,132.78,1214.62,40.02,Warning,127,883,3.096,2.856,0.075,0.05,2.898,135.83,128.45
912,3.812,83.71,134.89,1215.89,38.92,Warning,127,884,3.153,2.974,0.083,0.062,3.104,129.55,125.18
913,3.476,77.7,131.71,1176.01,37.04,Warning,127,885,3.026,2.675,0.072,0.064,2.863,130.93,128.73
914,3.569,79.68,130.62,1256.64,37.36,Warning,127,886,3.067,2.826,0.065,0.087,2.921,132.18,126.06
915,3.381,79.02,134.84,1209.36,38.19,Warning,127,887,2.778,2.656,0.09,0.078,2.763,128.72,127.79
916,3.649,81.29,133.29,1187.85,38.52,Warning,127,888,3.117,2.834,0.074,0.078,2.989,130.85,127.16
917,3.383,79.46,134.37,1161.71,42.14,Warning,127,889,2.883,2.654,0.084,0.062,2.763,126.67,126.63
918,3.45,84.5,133.13,1224.94,34.98,Warning,126,890,2.991,2.733,0.072,0.068,2.811,132.87,122.47
919,3.639,78.08,134.21,1201.1,38.18,Warning,126,891,3.093,2.793,0.081,0.045,2.969,125.02,123.66
920,3.572,76.49,134.4,1171.58,40.16,Warning,126,892,2.99,2.768,0.074,0.06,2.891,121.46,127.26
921,3.762,87.38,134.57,1226.71,35.24,Warning,126,893,3.273,2.965,0.066,0.091,3.037,124.63,126.95
922,3.425,82.97,131.15,1180.6,37.18,Warning,126,894,2.949,2.647,0.058,0.063,2.773,122.46,123.7
923,3.808,78.29,133.36,1197.52,38.27,Warning,126,895,3.268,3.008,0.068,0.054,3.135,125.71,129.46
924,3.288,80.95,140.1,1197.72,38.72,Warning,126,896,2.81,2.542,0.068,0.067,2.638,129.69,126.92
925,3.59,82.5,133.57,1187.04,37.91,Warning,126,897,3.052,2.758,0.066,0.065,2.993,117.68,125.64
926,3.77,80.8,136.64,1208.75,37.78,Warning,125,898,3.092,2.949,0.063,0.06,3.034,130.23,129.81
927,3.591,79.36,130.86,1217.81,43.19,Warning,125,899,3.04,2.706,0.078,0.087,2.845,125.53,125.9
928,3.559,78.56,137.45,1195.87,36.02,Warning,125,900,2.923,2.826,0.078,0.074,2.865,123.41,122.85
929,3.518,75.26,132.21,1198.03,40.65,Warning,125,901,2.988,2.776,0.085,0.089,2.868,125.04,123.04
930,3.661,84.78,135.46,1253.58,35.97,Warning,125,902,3.054,2.89,0.074,0.093,2.965,122.4,124.57
931,3.391,77.78,137.37,1227.32,40.14,Warning,125,903,2.796,2.631,0.059,0.091,2.723,121.74,125.06
932,3.501,84.33,132.26,1170.37,34.62,Warning,125,904,2.974,2.708,0.057,0.091,2.862,124.92,127.73
933,3.66,78.58,131.36,1225.65,40.25,Warning,125,905,3.119,2.821,0.078,0.062,2.961,129.34,123.68
934,3.394,78.03,137.48,1211.42,39.11,Warning,125,906,2.859,2.667,0.063,0.078,2.72,122.31,123.73
935,3.54,80.56,135.22,1112.69,37.64,Warning,124,907,2.989,2.821,0.061,0.076,2.927,120.06,124.79
936,3.491,79.44,132.12,1186.45,45.42,Warning,124,908,3.01,2.767,0.077,0.049,2.844,127.22,122.29
937,3.706,82.48,140.1,1194.16,37.03,Warning,124,909,3.132,2.948,0.054,0.043,3.005,122.67,124.02
938,3.706,79.36,128.94,1255.56,37.27,Warning,124,910,3.097,2.935,0.068,0.073,3.021,127.25,123.33
939,3.777,75.42,136.85,1183.31,42.5,Warning,124,911,3.218,2.919,0.079,0.087,3.085,120.91,123.03
940,3.597,80.68,136.83,1153.78,40.24,Warning,124,912,3.043,2.772,0.065,0.071,2.77,121.9,122.25
941,3.664,78.79,133.95,1242.56,41.71,Warning,124,913,3.16,2.838,0.077,0.07,2.96,125.23,122.81
942,3.782,80.42,136.47,1240.24,41.81,Warning,124,914,3.144,2.968,0.081,0.087,3.019,122.03,125.99
943,3.514,80.09,139.36,1202.51,37.96,Warning,123,915,2.943,2.754,0.059,0.07,2.86,126.9,124.34
944,3.522,83.81,133.75,1172.66,39.2,Warning,123,916,3.066,2.754,0.072,0.099,2.796,119.14,119.77
945,3.655,81.3,139.29,1209.49,38.7,Warning,123,917,3.107,2.856,0.055,0.115,2.981,123.63,124.23
946,3.698,80.55,132.78,1218.24,40.46,Warning,123,918,3.103,2.941,0.075,0.085,3.051,123.07,123.63
947,3.712,79.11,134.85,1206.24,37.52,Warning,123,919,3.271,2.839,0.059,0.094,3.035,119.92,124.21
948,3.794,80.86,142.5,1159.85,41.17,Warning,123,920,3.283,2.995,0.07,0.07,3.091,125.45,124.2
949,3.745,78.41,134.04,1179.3,38.81,Warning,123,921,3.234,2.925,0.098,0.078,3.036,123.32,121.72
950,3.616,83.8,135.08,1182.81,37.65,Warning,123,922,3.051,2.823,0.084,0.055,2.916,123.43,119.33
951,3.525,79.3,132.36,1207.3,39.35,Warning,122,923,2.968,2.767,0.09,0.1,2.778,123.73,121.64
952,3.646,80.02,135.12,1206.14,38.44,Warning,122,924,3.054,2.826,0.075,0.084,2.987,120.52,122.57
953,3.746,83.95,134.6,1196.68,40.16,Warning,122,925,3.127,2.914,0.08,0.085,3.023,122.65,120.35
954,3.717,80.87,133.97,1193.01,39.62,Warning,122,926,3.137,2.926,0.069,0.099,3.069,119.33,122.14
955,3.557,80.26,140.82,1194.21,40.56,Warning,122,927,3.051,2.734,0.064,0.057,2.846,113.45,123.09
956,3.884,81.47,130.58,1185.68,38.78,Warning,122,928,3.251,3.064,0.081,0.058,3.175,126.58,125.81
957,3.984,78.87,143.31,1192.74,38.5,Warning,122,929,3.403,3.084,0.077,0.056,3.217,125.86,121.89
958,3.659,82.33,138.37,1160.07,41.11,Warning,122,930,3.097,2.861,0.083,0.058,2.923,116.19,120.9
959,3.805,80.86,130.85,1189.16,36.57,Warning,122,931,3.178,2.983,0.061,0.092,3.079,122.26,121.44
960,3.74,83.14,135.89,1215.27,39.4,Warning,121,932,3.206,2.904,0.073,0.072,3.011,118.93,121.94
961,3.807,84.13,131.13,1233.23,39.18,Warning,121,933,3.266,2.933,0.074,0.081,3.024,122.82,123.69
962,3.632,84.62,134.35,1222.09,35.02,Warning,121,934,3.208,2.893,0.07,0.047,2.953,116.67,121.89
963,3.704,78.89,138.29,1220.84,42.06,Warning,121,935,3.149,2.832,0.083,0.072,2.945,125.06,125.2
964,3.653,86.66,135.22,1191.04,38.55,Warning,121,936,3.187,2.818,0.081,0.068,2.941,124.09,120.24
965,3.611,84.11,139.75,1216.52,38.51,Warning,121,937,3.044,2.82,0.076,0.062,2.954,121.26,117.57
966,3.551,80.04,134.76,1247.48,40.49,Warning,121,938,2.976,2.779,0.07,0.081,2.9,124.63,120.95
967,3.862,83.59,132.87,1255.35,40.71,Warning,121,939,3.241,3.078,0.094,0.076,3.108,120.48,122.43
968,3.821,82.77,135.31,1237.4,39.32,Warning,120,940,3.299,2.969,0.078,0.075,3.093,118.87,122.69
969,3.582,79.51,141.38,1224.25,34.78,Warning,120,941,3.016,2.721,0.064,0.03,2.896,116.57,120.12
970,3.477,81.59,133.79,1237.2,43.15,Warning,120,942,2.995,2.699,0.093,0.054,2.76,119.75,124.51
971,3.651,80.94,130.72,1223.15,42.16,Warning,120,943,3.143,2.823,0.066,0.058,2.961,116.76,117.65
972,3.627,80.2,133.45,1211.01,40.25,Warning,120,944,3.069,2.836,0.064,0.079,2.944,115.49,121.99
973,3.574,81.67,138.57,1222.34,40.17,Warning,120,945,3.02,2.826,0.08,0.068,2.863,113.78,120.31
974,3.673,84.3,136.17,1232.41,38.58,Warning,120,946,3.179,2.844,0.081,0.055,2.985,114.05,119.47
975,3.738,80.18,131.96,1220.05,39.9,Warning,120,947,3.153,2.917,0.1,0.095,3.074,121.31,120.33
976,3.4,79.8,133.68,1151.88,37.6,Warning,119,948,2.791,2.65,0.082,0.094,2.771,116.11,115.14
977,3.479,78.35,132.47,1194.61,37.94,Warning,119,949,2.974,2.704,0.074,0.095,2.771,120.26,118.97
978,3.652,83.75,137.79,1174.79,39.79,Warning,119,950,3.118,2.838,0.08,0.082,3.031,114.41,118.76
979,3.586,83.07,130.32,1206.96,38.82,Warning,119,951,3.011,2.739,0.069,0.094,2.904,120.88,122.33
980,3.729,80.18,136.59,1184.54,39.11,Warning,119,952,3.094,2.946,0.07,0.081,2.979,120.31,117.48
981,3.683,83.79,137.57,1197.45,36.35,Warning,119,953,3.28,2.943,0.081,0.067,2.979,117.37,121.53
982,3.734,79.66,133.8,1225.88,43.78,Warning,119,954,3.25,2.943,0.072,0.029,3.036,118.99,119.28
983,3.711,78.32,136.9,1213.51,41.78,Warning,119,955,3.202,2.919,0.07,0.077,3.01,119.32,121.0
984,3.785,86.85,141.86,1199.54,31.85,Warning,119,956,3.279,2.931,0.066,0.072,3.048,120.84,115.88
985,3.581,82.54,137.13,1213.44,38.58,Warning,118,957,2.995,2.773,0.077,0.101,2.819,117.34,115.33
986,3.514,84.12,136.91,1208.49,42.36,Warning,118,958,2.963,2.724,0.096,0.075,2.876,118.02,114.3
987,3.47,80.27,138.46,1216.81,42.36,Warning,118,959,2.9,2.771,0.065,0.082,2.81,117.48,120.68
988,3.633,78.37,135.36,1186.95,47.8,Warning,118,960,3.122,2.817,0.064,0.05,2.902,118.34,120.85
989,3.855,82.33,134.35,1203.52,39.24,Warning,118,961,3.363,2.999,0.074,0.046,3.115,120.51,115.86
990,3.632,83.76,130.91,1223.1,39.23,Warning,118,962,3.068,2.788,0.078,0.116,2.973,115.41,120.27
991,3.687,85.24,137.77,1122.92,38.21,Warning,118,963,3.181,2.882,0.064,0.069,2.91,117.73,122.42
992,3.824,87.3,138.01,1222.04,44.78,Warning,118,964,3.269,2.975,0.085,0.101,3.078,115.84,118.28
993,3.83,83.84,131.11,1243.99,39.05,Warning,117,965,3.242,2.951,0.102,0.083,3.068,119.59,118.54
994,3.71,83.96,132.92,1183.73,36.05,Warning,117,966,3.087,2.966,0.091,0.08,3.072,116.52,116.51
995,3.742,81.57,134.76,1224.48,40.82,Warning,117,967,3.216,2.96,0.079,0.065,2.977,117.45,116.66
996,3.748,81.86,143.18,1162.49,36.13,Warning,117,968,3.202,2.908,0.078,0.088,3.087,112.48,115.89
997,3.791,83.85,142.02,1219.49,40.4,Warning,117,969,3.178,2.934,0.069,0.089,3.081,113.03,116.13
998,3.848,82.82,137.16,1205.02,44.12,Warning,117,970,3.283,2.986,0.066,0.083,3.019,116.45,116.59
999,3.581,79.64,137.9,1201.07,40.79,Warning,117,971,3.059,2.797,0.087,0.082,2.842,121.89,117.74
1000,3.677,78.85,136.67,1192.22,44.05,Warning,117,972,3.108,2.835,0.084,0.094,2.985,119.03,116.92
1001,3.778,84.91,137.38,1190.77,43.58,Warning,116,973,3.093,3.029,0.058,0.071,3.059,115.56,118.01
1002,3.626,82.67,133.78,1202.23,40.48,Warning,116,974,3.087,2.806,0.07,0.084,2.975,114.21,114.26
1003,3.829,81.96,138.02,1172.06,36.72,Warning,116,975,3.228,2.956,0.074,0.071,3.131,115.14,116.3
1004,3.776,82.55,135.47,1207.32,38.9,Warning,116,976,3.28,2.936,0.062,0.083,3.025,118.0,120.42
1005,3.666,82.91,130.29,1205.75,38.72,Warning,116,977,3.085,2.815,0.083,0.096,2.97,113.41,119.18
1006,3.672,76.69,136.95,1166.63,42.86,Warning,116,978,3.102,2.888,0.089,0.062,2.952,115.77,119.08
1007,3.686,80.63,137.02,1179.67,41.04,Warning,116,979,3.056,2.964,0.062,0.076,2.984,121.74,113.35
1008,4.006,84.03,136.86,1169.33,41.98,Warning,116,980,3.369,3.175,0.066,0.079,3.223,113.04,117.48
1009,3.834,85.18,130.28,1220.4,46.26,Warning,116,981,3.236,3.066,0.073,0.06,3.093,119.14,114.32
1010,3.7,83.66,135.64,1208.27,41.29,Warning,115,982,3.169,2.869,0.078,0.067,3.049,113.1,117.26
1011,3.747,82.7,134.17,1168.1,36.94,Warning,115,983,3.132,2.91,0.078,0.096,3.017,112.35,112.11
1012,3.835,85.68,139.46,1211.1,42.2,Warning,115,984,3.345,3.005,0.082,0.076,3.052,112.95,114.98
1013,3.787,87.06,135.92,1222.67,39.86,Warning,115,985,3.203,2.901,0.068,0.089,3.068,117.83,115.36
1014,3.74,87.63,135.41,1222.13,39.95,Warning,115,986,3.214,2.954,0.078,0.046,3.03,118.69,116.05
1015,3.839,77.97,133.55,1203.18,41.75,Warning,115,987,3.324,2.989,0.08,0.082,3.07,108.23,115.86
1016,3.808,80.75,130.87,1208.49,40.28,Warning,115,988,3.265,3.045,0.054,0.071,3.076,119.36,111.73
1017,4.022,82.66,135.45,1187.65,39.93,Warning,115,989,3.471,3.094,0.079,0.076,3.227,122.76,115.84
1018,3.866,85.18,131.49,1236.26,35.39,Warning,114,990,3.248,2.997,0.082,0.085,3.125,113.96,112.04
1019,3.615,84.18,137.85,1231.91,39.19,Warning,114,991,3.107,2.808,0.088,0.097,2.937,112.98,115.92
1020,3.875,80.67,131.8,1184.94,44.28,Warning,114,992,3.351,2.978,0.064,0.101,3.093,115.53,112.77
1021,3.994,80.47,139.23,1196.62,41.51,Warning,114,993,3.296,3.027,0.074,0.086,3.19,110.73,115.12
1022,3.87,82.08,138.16,1162.49,40.19,Warning,114,994,3.372,3.021,0.077,0.117,3.079,116.39,117.33
1023,3.766,84.59,132.88,1174.53,41.84,Warning,114,995,3.241,2.982,0.092,0.081,3.098,112.97,115.8
1024,3.832,83.57,137.12,1151.43,38.54,Warning,114,996,3.262,2.921,0.084,0.095,3.117,110.64,116.76
1025,4.054,82.85,137.39,1196.44,42.2,Warning,114,997,3.44,3.161,0.085,0.118,3.228,113.69,111.64
1026,4.004,81.03,131.55,1207.2,44.89,Warning,113,998,3.437,3.131,0.08,0.104,3.208,112.66,112.09
1027,3.675,81.7,139.21,1205.27,42.49,Warning,113,999,3.131,2.887,0.068,0.078,2.984,113.83,113.64
1028,3.801,81.6,145.38,1213.62,41.99,Warning,113,1000,3.219,2.947,0.075,0.087,3.004,108.29,111.73
1029,3.845,81.96,140.35,1153.74,39.45,Warning,113,1001,3.344,3.004,0.085,0.114,3.087,112.7,112.46
1030,3.588,81.8,138.58,1204.16,42.48,Warning,113,1002,3.031,2.772,0.089,0.075,2.918,113.49,115.92
1031,3.942,79.36,132.39,1204.97,41.0,Warning,113,1003,3.328,3.115,0.078,0.084,3.224,111.87,116.14
1032,3.733,84.26,140.27,1155.92,40.4,Warning,113,1004,3.23,2.958,0.075,0.072,3.062,116.55,110.67
1033,3.686,83.2,137.87,1182.72,42.67,Warning,113,1005,3.098,2.79,0.072,0.084,2.975,109.52,109.37
1034,3.771,84.9,139.76,1219.74,39.4,Warning,113,1006,3.148,2.961,0.083,0.089,2.974,110.4,112.94
1035,3.893,84.6,136.44,1198.17,41.4,Warning,112,1007,3.343,3.049,0.077,0.079,3.157,113.45,112.53
1036,3.883,86.06,136.82,1173.53,43.17,Warning,112,1008,3.232,2.985,0.08,0.091,3.095,110.85,110.79
1037,3.782,85.08,138.16,1189.12,40.05,Warning,112,1009,3.147,3.007,0.083,0.073,3.092,111.79,111.43
1038,3.895,80.89,135.02,1192.49,40.17,Warning,112,1010,3.344,3.113,0.069,0.059,3.075,111.55,110.67
1039,3.87,83.09,131.26,1143.93,41.94,Warning,112,1011,3.296,3.002,0.06,0.091,3.186,112.83,110.31
1040,3.853,79.36,139.26,1191.2,37.41,Warning,112,1012,3.26,3.024,0.074,0.08,3.072,113.7,110.7
1041,3.591,81.87,139.04,1179.33,45.14,Warning,112,1013,3.074,2.815,0.076,0.083,2.898,111.09,113.06
1042,3.74,80.13,132.75,1239.99,42.5,Warning,112,1014,3.194,2.875,0.083,0.082,3.038,109.07,112.32
1043,3.804,80.93,138.33,1150.26,42.6,Warning,111,1015,3.268,2.932,0.069,0.081,3.093,110.54,111.87
1044,4.069,81.59,131.0,1209.2,45.08,Warning,111,1016,3.478,3.13,0.076,0.068,3.322,106.95,110.4
1045,3.739,83.2,135.06,1192.82,41.44,Warning,111,1017,3.129,2.941,0.077,0.07,3.118,112.43,110.69
1046,4.032,87.5,135.74,1196.93,39.24,Warning,111,1018,3.42,3.137,0.079,0.089,3.288,111.71,108.58
1047,3.752,81.55,135.34,1214.37,38.87,Warning,111,1019,3.171,2.965,0.074,0.092,3.034,111.77,110.54
1048,3.948,79.08,135.12,1195.36,42.62,Warning,111,1020,3.43,3.064,0.092,0.075,3.251,113.45,109.17
1049,3.907,82.83,138.1,1182.22,40.79,Warning,111,1021,3.389,3.044,0.086,0.081,3.231,108.96,109.77
1050,4.055,81.87,141.04,1209.95,41.14,Warning,111,1022,3.356,3.162,0.078,0.102,3.348,108.95,112.6
1051,3.967,85.68,137.75,1138.94,41.16,Warning,110,1023,3.314,3.086,0.087,0.09,3.259,111.03,107.4
1052,3.575,83.39,135.62,1162.93,37.78,Warning,110,1024,3.002,2.781,0.084,0.088,2.96,106.89,111.76
1053,3.886,84.78,134.97,1213.99,42.19,Warning,110,1025,3.269,3.031,0.075,0.093,3.1,109.91,110.79
1054,3.886,86.43,138.62,1186.86,42.03,Warning,110,1026,3.318,3.047,0.059,0.081,3.088,113.83,109.88
1055,3.862,85.32,137.58,1158.68,41.42,Warning,110,1027,3.266,2.943,0.071,0.083,3.124,105.55,112.3
1056,3.875,83.19,137.53,1167.05,42.59,Warning,110,1028,3.275,2.987,0.083,0.108,3.168,112.77,108.96
1057,3.698,86.85,142.5,1225.17,40.87,Warning,110,1029,3.086,2.842,0.061,0.084,3.06,109.58,110.6
1058,4.058,82.13,142.46,1236.25,41.34,Warning,110,1030,3.42,3.193,0.074,0.068,3.338,113.65,110.31
1059,3.743,80.09,136.69,1173.8,40.89,Warning,110,1031,3.233,2.949,0.092,0.071,3.018,112.28,110.9
1060,4.081,84.23,141.93,1199.65,44.0,Warning,109,1032,3.453,3.184,0.087,0.11,3.335,108.75,111.75
1061,3.637,79.64,138.44,1186.35,43.01,Warning,109,1033,3.095,2.86,0.07,0.095,2.986,112.66,113.03
1062,3.932,83.9,131.85,1172.56,41.27,Warning,109,1034,3.395,3.043,0.086,0.086,3.178,109.75,108.22
1063,3.854,78.98,135.69,1173.7,40.58,Warning,109,1035,3.297,3.032,0.08,0.101,3.145,108.11,108.07
1064,3.945,84.69,140.64,1215.33,40.54,Warning,109,1036,3.348,3.104,0.089,0.1,3.193,105.24,107.0
1065,3.943,84.14,133.16,1186.51,43.14,Warning,109,1037,3.294,3.12,0.074,0.105,3.172,105.92,108.08
1066,3.901,82.33,135.83,1193.6,41.39,Warning,109,1038,3.313,2.974,0.082,0.085,3.224,106.18,105.38
1067,3.989,84.19,133.46,1146.86,45.17,Warning,109,1039,3.461,3.012,0.074,0.112,3.212,107.53,108.43
1068,3.783,79.08,139.66,1138.88,42.35,Warning,108,1040,3.26,2.893,0.069,0.105,3.086,106.15,110.4
1069,4.065,84.03,133.82,1174.46,42.45,Warning,108,1041,3.446,3.208,0.063,0.064,3.3,106.53,106.75
1070,3.71,83.43,136.38,1200.99,41.99,Warning,108,1042,3.147,2.941,0.065,0.095,2.938,105.48,105.57
1071,4.019,83.24,136.51,1156.83,41.2,Warning,108,1043,3.378,3.15,0.069,0.107,3.188,105.58,111.35
1072,3.875,80.13,137.22,1172.47,40.04,Warning,108,1044,3.239,3.133,0.076,0.058,3.198,109.83,106.47
1073,3.818,85.12,135.84,1136.05,45.83,Warning,108,1045,3.224,3.038,0.091,0.072,3.134,106.05,104.27
1074,3.882,84.45,135.21,1176.37,44.43,Warning,108,1046,3.305,2.994,0.086,0.09,3.044,109.29,108.78
1075,3.937,85.71,134.59,1192.31,38.48,Warning,108,1047,3.367,3.149,0.069,0.076,3.161,108.39,105.87
1076,3.988,85.62,138.23,1139.54,44.14,Warning,107,1048,3.437,3.144,0.082,0.091,3.272,112.77,105.09
1077,4.069,83.3,136.25,1145.19,41.34,Warning,107,1049,3.409,3.155,0.068,0.081,3.28,107.29,103.77
1078,3.769,84.44,134.26,1210.31,42.48,Warning,107,1050,3.234,2.996,0.076,0.079,3.088,108.53,106.63
1079,4.112,83.03,136.77,1183.83,39.95,Warning,107,1051,3.499,3.263,0.083,0.088,3.324,107.99,108.5
1080,4.021,82.75,137.66,1195.15,39.81,Warning,107,1052,3.426,3.05,0.084,0.098,3.287,105.81,107.62
1081,4.121,87.13,136.61,1186.48,44.48,Warning,107,1053,3.428,3.201,0.092,0.103,3.353,102.48,106.9
1082,3.882,84.45,134.29,1157.21,37.52,Warning,107,1054,3.361,3.012,0.081,0.088,3.102,103.22,104.99
1083,3.868,84.56,134.34,1226.36,44.34,Warning,107,1055,3.328,3.012,0.094,0.085,3.132,107.51,108.4
1084,4.034,82.47,135.15,1198.55,43.67,Warning,107,1056,3.409,3.083,0.077,0.098,3.34,103.41,106.15
1085,3.913,87.07,136.66,1159.72,43.34,Warning,106,1057,3.306,3.003,0.07,0.114,3.185,106.32,105.5
1086,3.998,84.4,137.65,1185.12,44.04,Warning,106,1058,3.399,3.079,0.073,0.059,3.319,108.59,104.34
1087,3.931,82.13,141.42,1146.6,42.4,Warning,106,1059,3.336,3.099,0.078,0.062,3.174,103.08,106.16
1088,4.14,79.39,134.4,1168.13,41.33,Warning,106,1060,3.556,3.222,0.084,0.079,3.363,108.33,104.54
1089,4.064,83.89,139.96,1176.76,43.02,Warning,106,1061,3.452,3.166,0.082,0.097,3.242,110.3,102.28
1090,3.89,83.54,138.07,1221.05,38.11,Warning,106,1062,3.281,2.949,0.08,0.093,3.215,106.36,108.09
1091,4.045,82.71,132.62,1188.38,38.94,Warning,106,1063,3.503,3.149,0.091,0.082,3.287,106.63,105.91
1092,3.926,84.8,134.09,1151.11,44.97,Warning,106,1064,3.373,3.065,0.096,0.085,3.233,106.53,103.95
1093,4.202,86.32,136.52,1199.38,41.37,Warning,105,1065,3.613,3.182,0.069,0.104,3.394,105.62,102.31
1094,4.204,86.84,136.29,1170.93,44.54,Warning,105,1066,3.673,3.317,0.101,0.075,3.372,101.43,105.88
1095,4.006,83.5,139.34,1211.71,38.94,Warning,105,1067,3.375,3.157,0.075,0.077,3.286,101.13,104.4
1096,4.027,82.47,139.27,1166.53,45.41,Warning,105,1068,3.417,3.168,0.087,0.08,3.18,106.08,105.14
1097,4.057,83.35,135.65,1230.81,39.09,Warning,105,1069,3.485,3.141,0.076,0.085,3.254,106.71,107.78
1098,4.049,84.2,134.0,1193.37,47.09,Warning,105,1070,3.423,3.143,0.074,0.082,3.17,106.22,103.31
1099,3.802,85.84,133.72,1171.83,45.59,Warning,105,1071,3.161,2.904,0.083,0.107,3.017,106.22,106.16
1100,3.75,85.98,139.61,1172.36,45.14,Warning,105,1072,3.244,2.929,0.075,0.075,3.036,106.71,104.35
1101,3.736,87.17,137.57,1170.51,44.29,Warning,104,1073,3.252,2.802,0.084,0.069,3.046,104.38,105.27
1102,3.943,79.34,135.66,1190.02,44.65,Warning,104,1074,3.293,3.117,0.074,0.096,3.173,104.55,105.78
1103,3.858,82.34,137.58,1239.74,40.54,Warning,104,1075,3.381,3.089,0.079,0.086,3.097,103.8,101.19
1104,3.998,87.8,135.21,1173.53,38.71,Warning,104,1076,3.417,3.129,0.081,0.087,3.227,105.51,103.94
1105,4.048,84.62,140.43,1196.32,42.9,Warning,104,1077,3.517,3.174,0.093,0.1,3.205,107.91,104.27
1106,4.006,84.8,136.04,1184.93,41.19,Warning,104,1078,3.469,3.12,0.076,0.077,3.256,104.56,104.78
1107,3.892,80.12,138.97,1216.22,40.25,Warning,104,1079,3.388,3.047,0.08,0.085,3.097,106.96,102.45
1108,3.924,86.62,131.46,1140.86,42.49,Warning,104,1080,3.35,3.08,0.077,0.129,3.169,103.31,102.41
1109,4.035,85.7,140.73,1141.57,42.0,Warning,104,1081,3.452,3.171,0.08,0.099,3.236,108.67,105.99
1110,3.861,81.49,133.99,1195.6,39.74,Warning,103,1082,3.265,3.03,0.08,0.095,3.085,104.78,101.77
1111,3.986,84.79,137.46,1179.1,40.93,Warning,103,1083,3.373,3.109,0.067,0.084,3.244,99.17,105.31
1112,4.18,81.11,141.24,1174.76,43.52,Warning,103,1084,3.528,3.297,0.085,0.079,3.339,98.62,103.38
1113,4.099,85.87,136.83,1149.28,41.12,Warning,103,1085,3.542,3.178,0.082,0.075,3.334,101.63,105.09
1114,4.125,83.02,136.82,1164.27,39.51,Warning,103,1086,3.463,3.225,0.084,0.094,3.329,105.8,103.13
1115,4.119,79.85,125.44,1184.99,39.52,Warning,103,1087,3.491,3.201,0.097,0.097,3.343,105.51,103.74
1116,3.983,86.98,133.9,1185.83,39.27,Warning,103,1088,3.396,3.114,0.098,0.068,3.202,105.47,103.67
1117,4.062,81.93,135.47,1208.73,42.57,Warning,103,1089,3.471,3.164,0.069,0.106,3.31,109.92,100.97
1118,4.141,81.06,137.73,1201.86,38.15,Warning,102,1090,3.51,3.207,0.074,0.097,3.399,101.6,102.41
1119,4.059,84.36,134.0,1205.01,43.37,Warning,102,1091,3.47,3.134,0.076,0.089,3.226,96.94,100.8
1120,4.11,82.75,134.23,1156.78,41.74,Warning,102,1092,3.476,3.292,0.091,0.107,3.376,99.0,99.56
1121,3.917,87.74,135.66,1145.72,41.81,Warning,102,1093,3.318,3.066,0.084,0.08,3.2,100.08,101.69
1122,4.135,82.82,135.61,1191.64,40.89,Warning,102,1094,3.496,3.248,0.102,0.101,3.368,103.59,99.85
1123,4.069,84.37,138.29,1179.61,43.63,Warning,102,1095,3.443,3.176,0.069,0.087,3.352,102.96,101.96
1124,4.285,81.06,134.02,1219.37,42.92,Warning,102,1096,3.63,3.294,0.086,0.1,3.427,101.58,101.33
1125,4.091,81.68,141.12,1199.3,42.03,Warning,102,1097,3.467,3.186,0.073,0.086,3.303,106.84,103.89
1126,4.175,85.42,134.02,1175.21,44.99,Warning,101,1098,3.486,3.282,0.104,0.108,3.438,101.66,102.94
1127,3.979,86.51,139.35,1183.35,45.76,Warning,101,1099,3.355,3.096,0.082,0.077,3.232,95.84,103.09
1128,4.073,83.24,134.9,1170.09,44.4,Warning,101,1100,3.489,3.149,0.073,0.103,3.27,101.18,101.25
1129,4.107,86.71,133.63,1128.02,41.66,Warning,101,1101,3.581,3.284,0.1,0.09,3.255,93.97,99.77
1130,4.049,87.83,140.04,1181.34,40.96,Warning,101,1102,3.394,3.168,0.088,0.099,3.238,102.95,101.85
1131,3.947,82.64,139.52,1169.64,46.44,Warning,101,1103,3.38,3.059,0.081,0.094,3.168,98.26,102.4
1132,4.179,86.13,142.01,1161.81,46.64,Warning,101,1104,3.507,3.219,0.064,0.086,3.365,102.58,101.49
1133,3.937,83.66,136.37,1130.8,40.82,Warning,101,1105,3.308,3.128,0.084,0.103,3.129,104.58,103.6
1134,3.843,82.9,138.98,1191.16,41.5,Warning,101,1106,3.251,2.974,0.083,0.111,3.082,104.0,99.44
1135,3.983,86.73,140.28,1196.19,40.12,Warning,100,1107,3.362,3.14,0.082,0.077,3.245,97.86,103.59
1136,4.273,86.21,141.61,1176.37,44.71,Warning,100,1108,3.706,3.343,0.079,0.068,3.458,102.47,101.89
1137,4.151,83.37,131.61,1162.22,42.38,Warning,100,1109,3.513,3.263,0.102,0.095,3.354,99.22,100.25
1138,3.993,85.04,138.91,1179.69,44.07,Warning,100,1110,3.416,3.044,0.088,0.084,3.19,96.69,100.87
1139,4.068,80.56,139.0,1138.31,43.39,Warning,100,1111,3.47,3.208,0.1,0.073,3.293,99.17,100.87
1140,4.123,83.9,136.26,1146.24,45.28,Warning,100,1112,3.528,3.253,0.079,0.084,3.296,101.08,97.92
1141,4.322,81.53,138.42,1213.17,44.44,Warning,100,1113,3.682,3.332,0.068,0.106,3.561,98.68,97.72
1142,3.808,82.37,137.27,1213.83,44.62,Warning,100,1114,3.252,2.954,0.076,0.115,3.093,93.69,98.65
1143,4.002,83.47,139.32,1171.01,42.99,Warning,99,1115,3.467,3.094,0.101,0.084,3.245,98.16,99.25
1144,4.161,85.94,135.39,1145.48,48.68,Warning,99,1116,3.513,3.274,0.066,0.09,3.365,100.42,93.56
1145,4.13,82.01,138.63,1147.49,41.31,Warning,99,1117,3.497,3.179,0.077,0.076,3.272,102.05,96.41
1146,4.091,86.78,135.83,1152.62,43.71,Warning,99,1118,3.533,3.144,0.081,0.069,3.298,99.1,97.29
1147,4.06,81.4,137.92,1199.49,40.81,Warning,99,1119,3.42,3.187,0.094,0.072,3.282,99.85,98.8
1148,3.82,86.19,142.26,1175.87,40.98,Warning,99,1120,3.221,3.05,0.091,0.104,3.108,97.02,98.6
1149,4.111,86.33,142.25,1200.76,40.14,Warning,99,1121,3.506,3.236,0.089,0.085,3.446,95.17,96.83
1150,4.151,90.27,135.23,1166.0,45.65,Warning,99,1122,3.527,3.224,0.088,0.099,3.404,102.87,99.61
1151,4.16,85.54,139.22,1173.88,43.3,Warning,98,1123,3.596,3.305,0.067,0.095,3.342,97.07,98.81
1152,4.208,84.74,132.02,1148.22,45.29,Warning,98,1124,3.44,3.33,0.088,0.115,3.401,91.82,98.86
1153,4.283,87.35,135.79,1174.37,42.16,Warning,98,1125,3.6,3.379,0.071,0.082,3.425,93.53,98.29
1154,4.272,84.6,133.28,1193.05,47.06,Warning,98,1126,3.599,3.313,0.088,0.12,3.44,94.0,99.26
1155,4.231,85.1,136.14,1196.76,44.53,Warning,98,1127,3.558,3.302,0.069,0.106,3.417,96.69,97.93
1156,4.142,87.34,139.6,1167.84,45.07,Warning,98,1128,3.541,3.214,0.082,0.093,3.375,96.9,97.22
1157,4.376,87.47,135.56,1185.87,43.67,Warning,98,1129,3.739,3.419,0.095,0.101,3.542,101.13,98.47
1158,4.157,85.93,137.57,1171.68,42.14,Warning,98,1130,3.496,3.203,0.069,0.083,3.36,98.31,97.46
1159,3.862,89.1,141.13,1182.44,47.64,Warning,98,1131,3.234,3.088,0.073,0.099,3.077,98.04,98.77
1160,4.129,86.96,138.18,1158.09,42.22,Warning,97,1132,3.55,3.194,0.092,0.114,3.278,100.4,101.12
1161,4.18,86.7,141.01,1164.11,43.88,Warning,97,1133,3.487,3.266,0.088,0.104,3.428,94.68,95.93
1162,4.38,84.84,138.52,1169.17,41.69,Warning,97,1134,3.804,3.395,0.072,0.089,3.468,95.05,95.06
1163,4.229,83.56,140.59,1205.66,45.23,Warning,97,1135,3.584,3.304,0.068,0.094,3.391,99.08,102.15
1164,4.217,80.28,136.86,1173.61,43.73,Warning,97,1136,3.548,3.299,0.071,0.082,3.442,93.95,98.08
1165,3.996,89.69,135.64,1164.81,44.28,Warning,97,1137,3.368,3.123,0.089,0.111,3.268,96.48,96.71
1166,4.444,87.67,135.21,1172.75,42.83,Warning,97,1138,3.771,3.417,0.079,0.124,3.623,89.53,99.43
1167,4.296,84.42,140.14,1148.62,42.55,Warning,97,1139,3.727,3.34,0.065,0.096,3.477,100.6,97.03
1168,4.117,87.95,138.37,1151.2,46.15,Warning,96,1140,3.509,3.211,0.085,0.081,3.314,96.01,95.61
1169,4.323,85.9,140.58,1170.03,45.95,Warning,96,1141,3.694,3.372,0.083,0.082,3.522,95.88,95.0
1170,4.305,82.25,136.77,1195.34,44.34,Warning,96,1142,3.657,3.368,0.085,0.074,3.473,100.85,94.68
1171,4.137,84.05,137.79,1154.92,44.73,Warning,96,1143,3.526,3.258,0.073,0.092,3.342,97.37,94.41
1172,4.287,88.39,135.1,1157.08,42.51,Warning,96,1144,3.776,3.327,0.1,0.078,3.433,93.94,94.31
1173,4.148,83.67,135.62,1198.16,46.39,Warning,96,1145,3.573,3.256,0.085,0.09,3.322,97.09,93.65
1174,4.063,88.34,143.8,1178.88,46.15,Warning,96,1146,3.441,3.116,0.09,0.106,3.294,95.27,97.92
1175,4.067,83.55,135.09,1171.02,41.34,Warning,96,1147,3.423,3.144,0.081,0.075,3.298,99.74,96.27
1176,4.372,88.83,140.46,1170.62,43.8,Warning,95,1148,3.754,3.394,0.065,0.105,3.496,92.11,95.0
1177,4.179,81.99,138.64,1192.75,41.29,Warning,95,1149,3.616,3.197,0.105,0.091,3.391,89.32,94.88
1178,4.22,85.32,136.47,1144.79,46.27,Warning,95,1150,3.589,3.353,0.079,0.091,3.451,90.13,92.57
1179,4.327,82.63,132.71,1215.01,40.74,Warning,95,1151,3.687,3.378,0.056,0.094,3.523,96.06,96.81
1180,4.151,87.36,136.12,1132.89,40.97,Warning,95,1152,3.455,3.278,0.069,0.102,3.352,94.69,97.73
1181,4.147,87.13,138.31,1164.2,48.9,Warning,95,1153,3.453,3.286,0.091,0.091,3.424,89.46,93.96
1182,4.057,86.65,134.88,1178.68,43.45,Warning,95,1154,3.424,3.18,0.081,0.082,3.398,93.54,90.56
1183,4.104,82.47,140.71,1175.74,44.75,Warning,95,1155,3.47,3.19,0.08,0.097,3.358,96.01,96.0
1184,4.267,87.87,139.11,1176.52,46.51,Warning,95,1156,3.594,3.294,0.072,0.101,3.382,96.39,94.78
1185,4.346,84.0,137.65,1195.46,46.95,Warning,94,1157,3.66,3.397,0.087,0.104,3.51,97.84,90.22
1186,4.162,86.82,139.65,1201.07,46.57,Warning,94,1158,3.523,3.298,0.077,0.112,3.444,97.64,94.21
1187,4.175,81.9,139.22,1139.22,42.2,Warning,94,1159,3.489,3.238,0.084,0.103,3.358,97.21,93.58
1188,4.123,86.31,144.2,1175.33,43.17,Warning,94,1160,3.428,3.207,0.087,0.093,3.273,91.45,96.91
1189,4.392,83.54,140.34,1137.34,47.07,Warning,94,1161,3.745,3.464,0.067,0.109,3.557,96.56,95.83
1190,4.23,84.28,140.67,1165.15,42.08,Warning,94,1162,3.549,3.24,0.079,0.115,3.433,92.41,95.61
1191,4.125,86.04,137.81,1185.98,40.55,Warning,94,1163,3.464,3.152,0.082,0.117,3.321,92.47,95.74
1192,4.356,85.6,140.42,1139.43,47.07,Warning,94,1164,3.81,3.419,0.064,0.091,3.553,92.74,96.54
1193,4.301,84.07,138.48,1143.85,43.65,Warning,93,1165,3.628,3.402,0.106,0.078,3.407,92.26,89.96
1194,4.238,87.73,142.88,1171.08,43.65,Warning,93,1166,3.503,3.307,0.085,0.109,3.404,91.69,90.04
1195,3.96,83.11,133.7,1174.32,42.95,Warning,93,1167,3.339,3.049,0.052,0.122,3.168,91.76,90.09
1196,4.354,86.26,135.95,1155.94,47.8,Warning,93,1168,3.697,3.389,0.075,0.071,3.52,93.98,95.2
1197,3.97,83.11,136.7,1165.51,43.81,Warning,93,1169,3.368,3.113,0.076,0.114,3.233,92.04,96.2
1198,4.429,88.27,129.4,1204.92,45.89,Warning,93,1170,3.865,3.504,0.101,0.113,3.641,98.98,93.43
1199,4.056,85.19,139.64,1167.17,41.42,Warning,93,1171,3.366,3.134,0.093,0.124,3.322,96.17,92.84
1200,4.038,84.84,137.71,1152.72,44.3,Warning,93,1172,3.454,3.184,0.082,0.071,3.251,93.13,95.45
1201,4.182,87.28,139.37,1166.1,46.25,Warning,92,1173,3.522,3.239,0.085,0.09,3.408,89.86,92.45
1202,4.24,86.56,137.14,1156.37,44.43,Warning,92,1174,3.614,3.307,0.102,0.085,3.432,87.28,92.74
1203,4.121,85.34,137.41,1171.72,43.02,Warning,92,1175,3.473,3.272,0.088,0.092,3.328,96.94,91.53
1204,4.175,84.35,136.9,1149.69,41.44,Warning,92,1176,3.493,3.223,0.091,0.095,3.373,95.81,94.59
1205,4.226,84.5,135.97,1181.72,43.82,Warning,92,1177,3.573,3.264,0.078,0.105,3.37,94.98,90.93
1206,4.245,82.76,138.54,1156.04,44.18,Warning,92,1178,3.682,3.318,0.077,0.09,3.462,95.9,92.56
1207,4.348,87.64,142.85,1115.36,45.78,Warning,92,1179,3.745,3.338,0.076,0.088,3.493,90.55,92.49
1208,4.371,88.84,136.09,1142.83,47.22,Warning,92,1180,3.748,3.413,0.09,0.1,3.561,90.99,92.54
1209,4.089,84.44,136.59,1154.44,42.31,Warning,92,1181,3.449,3.129,0.091,0.1,3.244,89.5,92.67
1210,4.207,84.44,138.41,1172.24,41.2,Warning,91,1182,3.603,3.249,0.085,0.1,3.387,87.93,90.43
1211,4.47,82.8,143.73,1157.01,44.46,Warning,91,1183,3.745,3.456,0.08,0.085,3.612,89.78,94.7
1212,4.138,86.48,139.41,1136.59,45.91,Warning,91,1184,3.497,3.128,0.092,0.084,3.31,93.06,90.31
1213,4.39,89.27,136.75,1183.03,42.75,Warning,91,1185,3.843,3.396,0.096,0.114,3.569,88.99,90.7
1214,4.024,86.82,139.74,1166.39,37.89,Warning,91,1186,3.357,3.109,0.089,0.106,3.253,92.91,88.95
1215,4.358,87.47,139.84,1158.35,48.48,Warning,91,1187,3.729,3.361,0.088,0.113,3.506,94.27,91.76
1216,4.006,87.05,137.51,1176.18,46.55,Warning,91,1188,3.415,3.191,0.084,0.111,3.277,90.71,92.56
1217,4.219,85.26,134.8,1168.64,45.2,Warning,91,1189,3.645,3.322,0.083,0.084,3.435,94.33,92.51
1218,4.423,85.81,137.36,1144.03,44.38,Warning,90,1190,3.756,3.458,0.085,0.1,3.552,92.82,90.15
1219,4.274,84.49,134.77,1195.0,45.74,Warning,90,1191,3.552,3.364,0.095,0.104,3.526,90.65,87.17
1220,4.341,86.99,136.98,1176.49,40.87,Warning,90,1192,3.739,3.351,0.076,0.1,3.534,90.49,88.51
1221,4.239,83.57,138.13,1188.88,44.55,Warning,90,1193,3.646,3.365,0.08,0.099,3.52,94.33,86.66
1222,4.349,86.42,141.29,1143.23,42.73,Warning,90,1194,3.663,3.369,0.094,0.084,3.498,84.63,92.01
1223,4.458,85.62,137.94,1173.03,47.84,Warning,90,1195,3.81,3.449,0.07,0.085,3.614,88.03,90.39
1224,4.241,83.81,135.31,1200.61,46.57,Warning,90,1196,3.691,3.33,0.082,0.122,3.434,90.66,89.91
1225,3.956,90.49,140.33,1169.65,44.5,Warning,90,1197,3.371,3.062,0.092,0.083,3.212,91.68,89.6
1226,4.357,84.02,135.98,1167.17,46.14,Warning,89,1198,3.61,3.419,0.081,0.1,3.476,86.45,90.93
1227,4.319,85.56,138.54,1173.33,45.64,Warning,89,1199,3.667,3.413,0.096,0.109,3.501,90.97,89.63
1228,4.445,88.79,135.85,1133.8,43.14,Warning,89,1200,3.827,3.404,0.09,0.108,3.647,89.54,86.31
1229,4.205,83.61,137.31,1156.23,42.14,Warning,89,1201,3.648,3.227,0.1,0.121,3.442,86.92,89.68
1230,4.169,88.86,138.71,1150.42,42.03,Warning,89,1202,3.42,3.21,0.098,0.097,3.37,90.97,92.61
1231,4.484,84.17,133.12,1219.49,49.73,Warning,89,1203,3.821,3.447,0.096,0.101,3.628,91.68,89.67
1232,4.185,85.81,140.95,1173.11,45.33,Warning,89,1204,3.604,3.25,0.088,0.052,3.372,91.29,88.22
1233,4.274,84.04,141.99,1173.91,46.59,Warning,89,1205,3.547,3.327,0.084,0.099,3.437,87.96,90.7
1234,4.103,91.1,140.45,1158.99,46.79,Warning,89,1206,3.415,3.174,0.085,0.124,3.322,90.35,87.82
1235,4.393,90.87,142.0,1157.86,46.3,Warning,88,1207,3.763,3.447,0.098,0.12,3.553,89.93,87.23
1236,4.227,86.03,138.8,1118.21,46.72,Warning,88,1208,3.455,3.406,0.102,0.1,3.424,88.91,86.82
1237,4.363,86.36,138.76,1164.14,41.96,Warning,88,1209,3.711,3.41,0.088,0.1,3.58,86.94,88.45
1238,4.498,86.54,139.7,1157.04,47.59,Warning,88,1210,3.81,3.56,0.086,0.091,3.671,87.09,89.24
1239,4.017,86.77,137.69,1132.72,43.67,Warning,88,1211,3.386,3.131,0.073,0.109,3.308,88.84,89.62
1240,4.479,89.87,144.7,1146.67,43.32,Warning,88,1212,3.846,3.522,0.095,0.132,3.628,89.28,86.04
1241,4.606,85.96,138.18,1150.33,43.5,Warning,88,1213,3.879,3.572,0.073,0.092,3.809,90.21,89.85
1242,4.494,91.41,133.8,1128.1,43.17,Warning,88,1214,3.796,3.493,0.083,0.107,3.642,85.83,83.65
1243,4.236,85.47,138.39,1130.46,43.88,Warning,87,1215,3.544,3.299,0.076,0.091,3.379,86.54,85.27
1244,4.466,87.87,138.94,1138.61,45.81,Warning,87,1216,3.831,3.489,0.103,0.111,3.654,87.4,88.35
1245,4.264,85.73,140.21,1166.95,46.11,Warning,87,1217,3.679,3.269,0.077,0.108,3.425,97.13,88.03
1246,4.353,85.61,137.73,1159.0,45.26,Warning,87,1218,3.677,3.384,0.101,0.125,3.536,82.98,88.08
1247,4.552,90.34,141.39,1193.66,45.15,Warning,87,1219,3.901,3.523,0.09,0.125,3.664,84.42,87.19
1248,4.34,88.56,137.85,1200.91,42.21,Warning,87,1220,3.752,3.355,0.069,0.108,3.505,83.67,83.64
1249,4.369,89.4,140.97,1159.22,46.12,Warning,87,1221,3.712,3.351,0.073,0.102,3.532,89.55,88.51
1250,4.445,86.28,135.09,1167.95,46.24,Warning,87,1222,3.659,3.434,0.081,0.107,3.568,86.89,86.58
1251,4.356,85.21,137.33,1130.49,45.94,Warning,86,1223,3.731,3.367,0.103,0.1,3.59,84.07,81.95
1252,4.426,87.64,139.37,1141.29,45.04,Warning,86,1224,3.737,3.44,0.096,0.108,3.609,85.3,85.32
1253,4.242,86.11,129.32,1142.44,44.96,Warning,86,1225,3.634,3.298,0.091,0.073,3.434,80.96,83.58
1254,4.36,90.25,140.41,1157.51,45.11,Warning,86,1226,3.67,3.379,0.092,0.085,3.555,84.83,87.65
1255,4.5,82.9,137.57,1135.51,41.18,Warning,86,1227,3.773,3.608,0.094,0.134,3.678,83.77,85.24
1256,4.458,88.19,137.59,1119.0,52.42,Warning,86,1228,3.782,3.464,0.089,0.102,3.616,89.86,85.75
1257,4.25,86.72,137.95,1192.2,47.78,Warning,86,1229,3.618,3.264,0.076,0.106,3.456,84.88,85.04
1258,4.321,87.08,132.21,1128.92,43.85,Warning,86,1230,3.733,3.338,0.09,0.109,3.552,89.79,85.88
1259,4.338,85.5,138.65,1145.45,46.46,Warning,86,1231,3.708,3.407,0.1,0.134,3.519,89.3,85.3
1260,4.54,89.83,142.41,1158.5,43.79,Warning,85,1232,3.789,3.54,0.103,0.101,3.709,87.53,84.43
1261,4.558,79.93,135.73,1133.11,43.48,Warning,85,1233,3.891,3.567,0.092,0.115,3.654,81.35,85.79
1262,4.327,83.29,142.33,1190.73,48.72,Warning,85,1234,3.687,3.4,0.102,0.096,3.549,85.83,86.83
1263,4.427,90.48,140.1,1118.6,48.51,Warning,85,1235,3.716,3.503,0.087,0.124,3.631,86.29,86.02
1264,4.458,82.23,139.8,1127.65,45.71,Warning,85,1236,3.732,3.43,0.104,0.122,3.611,85.55,84.5
1265,4.478,85.59,142.44,1149.07,44.43,Warning,85,1237,3.807,3.469,0.091,0.098,3.646,88.65,83.56
1266,4.397,88.45,138.17,1166.86,46.59,Warning,85,1238,3.792,3.405,0.079,0.102,3.523,86.69,82.68
1267,4.695,90.56,139.53,1176.78,41.79,Warning,85,1239,4.117,3.638,0.087,0.079,3.822,81.68,85.2
1268,4.352,84.65,137.09,1160.59,42.59,Warning,84,1240,3.662,3.421,0.114,0.114,3.488,82.9,84.06
1269,4.378,89.62,140.17,1177.5,44.73,Warning,84,1241,3.788,3.408,0.079,0.139,3.473,81.78,82.75
1270,4.723,91.9,144.02,1146.38,50.78,Warning,84,1242,4.033,3.723,0.09,0.106,3.816,83.37,85.22
1271,4.469,87.32,144.08,1080.33,46.58,Warning,84,1243,3.835,3.532,0.088,0.11,3.659,88.47,83.4
1272,4.46,91.62,133.19,1137.1,48.7,Warning,84,1244,3.846,3.5,0.084,0.094,3.589,88.64,82.74
1273,4.442,85.56,142.11,1140.73,45.28,Warning,84,1245,3.692,3.4,0.089,0.087,3.682,77.82,82.4
1274,4.435,86.55,136.28,1130.1,43.33,Warning,84,1246,3.755,3.537,0.089,0.125,3.613,87.34,78.4
1275,4.398,90.75,137.89,1197.96,48.8,Warning,84,1247,3.715,3.41,0.079,0.098,3.513,85.29,81.09
1276,4.51,89.07,134.64,1192.5,46.68,Warning,83,1248,3.871,3.487,0.095,0.124,3.649,89.01,83.09
1277,4.577,88.25,141.4,1111.82,46.38,Warning,83,1249,3.854,3.536,0.106,0.104,3.667,81.92,80.4
1278,4.615,85.8,141.24,1187.35,44.49,Warning,83,1250,3.949,3.558,0.113,0.122,3.73,80.68,82.77
1279,4.404,92.44,135.99,1156.67,45.56,Warning,83,1251,3.738,3.431,0.088,0.121,3.592,84.26,76.93
1280,4.483,83.44,141.62,1190.01,43.58,Warning,83,1252,3.797,3.473,0.101,0.109,3.7,84.24,83.48
1281,4.458,89.64,134.49,1155.13,45.49,Warning,83,1253,3.826,3.47,0.079,0.108,3.568,77.22,84.45
1282,4.522,88.79,143.62,1136.22,42.51,Warning,83,1254,3.84,3.513,0.081,0.107,3.638,77.49,82.12
1283,4.319,88.22,137.76,1180.49,49.2,Warning,83,1255,3.705,3.307,0.104,0.132,3.499,86.97,81.9
1284,4.234,85.76,144.93,1115.27,45.69,Warning,83,1256,3.601,3.282,0.085,0.109,3.407,78.73,83.43
1285,4.589,89.85,137.33,1121.12,45.09,Warning,82,1257,3.979,3.605,0.096,0.122,3.734,82.36,83.32
1286,4.397,84.16,141.94,1183.19,43.27,Warning,82,1258,3.779,3.497,0.089,0.096,3.566,80.35,80.77
1287,4.517,83.71,135.46,1152.58,45.7,Warning,82,1259,3.857,3.598,0.09,0.118,3.62,84.3,80.95
1288,4.476,87.47,142.9,1119.2,40.74,Warning,82,1260,3.794,3.51,0.091,0.127,3.643,80.31,77.35
1289,4.442,90.33,138.64,1152.51,46.71,Warning,82,1261,3.725,3.49,0.106,0.106,3.553,81.8,77.55
1290,4.513,88.91,144.86,1146.8,46.7,Warning,82,1262,3.793,3.506,0.074,0.106,3.643,82.9,80.75
1291,4.485,86.97,138.86,1153.51,45.91,Warning,82,1263,3.85,3.493,0.086,0.106,3.604,80.92,86.06
1292,4.368,87.12,138.7,1145.17,45.11,Warning,82,1264,3.727,3.339,0.1,0.119,3.488,75.19,80.05
1293,4.451,94.29,141.51,1106.01,44.34,Warning,81,1265,3.781,3.482,0.076,0.107,3.577,77.69,81.52
1294,4.575,89.96,141.62,1138.62,47.45,Warning,81,1266,3.904,3.574,0.084,0.102,3.709,88.32,81.6
1295,4.412,85.8,138.43,1205.33,45.01,Warning,81,1267,3.796,3.426,0.092,0.121,3.551,79.08,84.32
1296,4.606,89.88,142.29,1162.24,50.35,Warning,81,1268,3.917,3.616,0.075,0.097,3.683,84.82,75.89
1297,4.442,80.44,137.45,1138.33,48.97,Warning,81,1269,3.796,3.431,0.1,0.11,3.6,77.39,79.02
1298,4.393,88.06,140.19,1189.05,46.79,Warning,81,1270,3.599,3.437,0.075,0.095,3.526,79.01,78.25
1299,4.519,84.43,141.04,1206.22,43.04,Warning,81,1271,3.827,3.424,0.087,0.119,3.689,81.23,82.78
1300,4.803,92.26,138.42,1113.87,45.09,Warning,81,1272,4.035,3.764,0.078,0.109,3.924,80.7,79.11
1301,4.641,83.3,139.02,1148.96,46.03,Warning,80,1273,3.954,3.644,0.09,0.104,3.743,78.17,81.58
1302,4.425,90.14,140.07,1136.82,47.38,Warning,80,1274,3.725,3.477,0.092,0.101,3.605,81.64,82.32
1303,4.621,89.27,136.65,1210.91,42.95,Warning,80,1275,3.975,3.622,0.078,0.108,3.74,83.92,78.57
1304,4.476,82.22,145.25,1122.79,46.77,Warning,80,1276,3.8,3.487,0.098,0.135,3.636,81.97,80.66
1305,4.632,86.92,143.29,1177.16,48.45,Warning,80,1277,3.904,3.606,0.093,0.09,3.816,79.96,80.57
1306,4.443,84.78,138.26,1154.73,47.57,Warning,80,1278,3.785,3.479,0.087,0.118,3.658,82.11,81.62
1307,4.55,84.36,136.96,1160.47,46.08,Warning,80,1279,3.889,3.616,0.098,0.129,3.689,77.58,79.88
1308,4.421,92.04,142.48,1161.96,48.85,Warning,80,1280,3.657,3.472,0.077,0.111,3.569,81.99,80.46
1309,4.681,86.66,142.25,1152.86,42.55,Warning,80,1281,3.933,3.645,0.102,0.118,3.745,79.58,84.04
1310,4.536,87.36,141.61,1167.73,45.16,Warning,79,1282,3.881,3.525,0.098,0.113,3.693,76.72,77.36
1311,4.638,88.0,141.01,1140.84,48.16,Warning,79,1283,3.912,3.612,0.098,0.129,3.736,84.88,79.63
1312,4.402,89.14,139.02,1159.2,46.1,Warning,79,1284,3.745,3.397,0.1,0.094,3.521,80.1,82.21
1313,4.488,89.99,143.4,1168.57,45.53,Warning,79,1285,3.76,3.412,0.088,0.129,3.59,81.1,77.1
1314,4.545,90.03,138.22,1152.31,45.32,Warning,79,1286,3.899,3.555,0.091,0.135,3.708,76.93,78.83
1315,4.526,88.48,147.78,1157.17,41.77,Warning,79,1287,3.82,3.453,0.087,0.082,3.631,74.44,79.77
1316,4.538,89.06,139.91,1112.89,47.4,Warning,79,1288,3.953,3.556,0.086,0.09,3.639,80.36,81.15
1317,4.571,90.32,142.36,1160.26,44.84,Warning,79,1289,3.894,3.531,0.091,0.117,3.77,75.07,79.96
1318,4.72,90.24,142.75,1162.14,49.16,Warning,78,1290,3.958,3.626,0.091,0.079,3.872,81.66,77.13
1319,4.501,88.18,140.43,1150.48,47.55,Warning,78,1291,3.817,3.549,0.095,0.103,3.699,73.93,77.82
1320,4.664,86.57,141.21,1160.73,44.45,Warning,78,1292,3.961,3.632,0.085,0.146,3.747,81.01,77.21
1321,4.42,88.66,142.25,1170.01,49.8,Warning,78,1293,3.904,3.458,0.084,0.119,3.57,80.78,75.41
1322,4.837,90.56,135.26,1129.12,48.17,Warning,78,1294,4.17,3.722,0.098,0.083,3.914,81.34,76.9
1323,4.374,88.81,138.52,1162.44,44.45,Warning,78,1295,3.679,3.331,0.093,0.11,3.495,78.58,80.05
1324,4.532,89.13,141.16,1116.44,50.94,Warning,78,1296,3.829,3.561,0.099,0.11,3.695,78.74,75.16
1325,4.52,86.95,138.97,1113.8,48.91,Warning,78,1297,3.922,3.565,0.104,0.107,3.636,75.66,79.29
1326,4.59,88.31,144.26,1156.37,44.6,Warning,77,1298,3.867,3.607,0.102,0.121,3.794,81.91,77.88
1327,4.464,85.25,139.23,1164.93,50.49,Warning,77,1299,3.815,3.529,0.089,0.122,3.649,71.06,76.17
1328,4.681,89.23,136.82,1085.2,45.68,Warning,77,1300,3.975,3.616,0.093,0.12,3.818,69.93,74.37
1329,4.533,89.99,141.89,1157.6,45.66,Warning,77,1301,3.837,3.507,0.099,0.099,3.706,77.62,76.91
1330,4.494,85.19,138.49,1137.4,41.31,Warning,77,1302,3.81,3.542,0.097,0.105,3.642,75.33,77.3
1331,4.76,91.02,142.01,1133.18,48.19,Warning,77,1303,3.962,3.703,0.097,0.124,3.882,77.88,76.61
1332,4.642,86.24,137.93,1146.89,46.94,Warning,77,1304,3.854,3.639,0.099,0.112,3.855,74.95,76.28
1333,4.533,88.45,139.49,1110.03,45.37,Warning,77,1305,3.848,3.585,0.114,0.133,3.641,74.91,76.68
1334,4.797,88.25,136.51,1132.52,48.26,Warning,77,1306,4.112,3.734,0.098,0.079,3.89,79.58,75.33
1335,4.485,84.01,145.28,1126.9,47.14,Warning,76,1307,3.842,3.559,0.09,0.105,3.64,79.85,75.66
1336,4.473,84.85,136.86,1166.36,45.92,Warning,76,1308,3.772,3.46,0.093,0.11,3.612,80.05,79.08
1337,4.397,89.54,138.21,1138.39,47.33,Warning,76,1309,3.727,3.439,0.099,0.118,3.536,74.11,73.12
1338,4.49,93.65,138.18,1114.62,47.37,Warning,76,1310,3.811,3.494,0.106,0.122,3.616,74.73,74.99
1339,4.7,87.99,135.19,1143.09,43.3,Warning,76,1311,4.104,3.627,0.09,0.118,3.795,75.13,76.84
1340,4.781,90.7,145.02,1117.98,47.4,Warning,76,1312,4.072,3.743,0.106,0.111,3.856,77.6,72.44
1341,4.572,88.46,137.84,1170.43,44.38,Warning,76,1313,3.879,3.578,0.106,0.114,3.741,78.1,76.25
1342,4.472,85.23,140.93,1130.28,48.76,Warning,76,1314,3.838,3.481,0.08,0.122,3.582,73.72,74.04
1343,4.588,91.77,140.61,1132.62,43.4,Warning,75,1315,3.927,3.547,0.093,0.109,3.75,74.53,74.88
1344,4.666,94.13,143.31,1141.33,46.78,Warning,75,1316,3.94,3.601,0.087,0.103,3.806,71.79,77.67
1345,4.7,88.93,140.66,1129.47,47.39,Warning,75,1317,4.049,3.638,0.077,0.125,3.82,71.64,73.53
1346,4.509,87.09,139.7,1136.59,45.38,Warning,75,1318,3.795,3.508,0.094,0.11,3.699,76.52,71.82
1347,4.678,90.43,139.39,1105.72,46.85,Warning,75,1319,3.976,3.604,0.078,0.113,3.78,73.75,74.83
1348,4.485,87.85,142.3,1134.2,43.17,Warning,75,1320,3.789,3.455,0.095,0.119,3.566,77.28,72.78
1349,4.807,88.84,136.98,1114.25,47.63,Warning,75,1321,4.066,3.746,0.109,0.104,3.896,79.26,75.54
1350,4.43,90.24,137.25,1177.82,45.07,Warning,75,1322,3.914,3.514,0.084,0.115,3.618,77.35,75.88
1351,4.775,88.69,139.65,1133.83,48.79,Warning,74,1323,4.077,3.736,0.1,0.084,3.88,74.66,77.34
1352,4.444,92.91,140.99,1154.57,50.61,Warning,74,1324,3.805,3.482,0.095,0.108,3.599,71.85,73.91
1353,4.35,90.11,140.41,1133.79,47.42,Warning,74,1325,3.626,3.47,0.092,0.113,3.485,74.07,76.77
1354,4.757,91.2,142.43,1133.09,43.76,Warning,74,1326,4.033,3.701,0.103,0.12,3.918,77.59,73.09
1355,4.42,92.54,144.89,1107.74,50.29,Warning,74,1327,3.776,3.454,0.109,0.136,3.606,75.42,75.23
1356,4.589,88.96,138.12,1133.42,46.18,Warning,74,1328,3.869,3.585,0.09,0.123,3.652,73.66,74.26
1357,4.603,88.69,136.08,1150.51,48.43,Warning,74,1329,3.937,3.632,0.095,0.123,3.735,76.06,70.85
1358,4.535,93.11,133.47,1137.95,49.61,Warning,74,1330,3.85,3.521,0.094,0.11,3.675,71.95,76.22
1359,4.816,88.83,136.71,1128.2,46.64,Warning,74,1331,4.119,3.716,0.085,0.123,3.939,72.14,71.33
1360,5.042,91.14,140.08,1162.88,46.79,Warning,73,1332,4.329,3.939,0.094,0.114,4.026,78.81,71.12
1361,4.487,88.67,138.02,1139.71,48.59,Warning,73,1333,3.864,3.532,0.09,0.117,3.651,67.73,74.14
1362,4.478,94.32,139.7,1136.23,45.4,Warning,73,1334,3.775,3.584,0.102,0.093,3.687,76.58,72.44
1363,4.692,89.2,146.85,1120.79,47.44,Warning,73,1335,3.967,3.602,0.115,0.098,3.809,67.78,72.2
1364,4.708,87.2,142.71,1133.82,49.69,Warning,73,1336,4.07,3.649,0.094,0.119,3.838,73.04,73.38
1365,4.631,89.57,144.85,1156.55,48.69,Warning,73,1337,3.973,3.606,0.096,0.1,3.802,64.65,72.83
1366,4.799,85.89,142.17,1123.23,46.36,Warning,73,1338,4.126,3.751,0.073,0.102,3.926,74.35,76.5
1367,4.867,88.46,148.5,1140.71,45.07,Warning,73,1339,4.105,3.706,0.109,0.141,3.902,72.32,73.19
1368,4.552,84.95,140.37,1131.92,46.35,Warning,72,1340,3.88,3.608,0.09,0.119,3.716,73.66,70.77
1369,4.682,90.73,137.63,1171.39,50.37,Warning,72,1341,3.944,3.66,0.1,0.109,3.812,72.49,69.06
1370,4.728,86.63,143.85,1122.87,46.89,Warning,72,1342,4.087,3.708,0.083,0.102,3.806,73.18,72.72
1371,4.574,86.48,141.89,1134.95,52.01,Warning,72,1343,3.89,3.64,0.082,0.093,3.66,75.57,75.51
1372,4.584,88.27,137.56,1094.06,48.86,Warning,72,1344,3.908,3.576,0.08,0.142,3.693,73.6,69.09
1373,4.657,90.17,142.06,1143.07,48.38,Warning,72,1345,3.902,3.64,0.095,0.121,3.775,68.18,69.36
1374,4.417,91.5,143.58,1160.14,47.99,Warning,72,1346,3.648,3.404,0.095,0.119,3.569,73.11,72.02
1375,4.699,87.88,144.06,1128.13,44.4,Warning,72,1347,3.956,3.651,0.104,0.117,3.799,68.25,73.57
1376,4.609,89.25,145.57,1151.47,43.77,Warning,71,1348,3.829,3.592,0.082,0.127,3.735,71.5,69.59
1377,4.899,96.63,140.3,1147.43,47.58,Warning,71,1349,4.151,3.788,0.083,0.101,3.984,69.44,65.84
1378,4.746,89.44,145.2,1147.78,44.13,Warning,71,1350,3.923,3.673,0.088,0.132,3.844,74.4,68.35
1379,4.811,91.36,135.12,1171.37,47.61,Warning,71,1351,4.109,3.718,0.107,0.1,3.93,73.46,69.05
1380,4.936,90.16,143.15,1099.97,52.08,Warning,71,1352,4.134,3.891,0.084,0.109,4.03,74.08,68.46
1381,4.831,92.21,138.39,1177.97,44.23,Warning,71,1353,4.075,3.787,0.085,0.122,3.923,70.44,72.66
1382,4.675,90.2,144.65,1157.62,49.19,Warning,71,1354,3.916,3.667,0.085,0.099,3.784,68.29,72.58
1383,4.803,84.88,138.75,1101.21,46.46,Warning,71,1355,4.105,3.737,0.088,0.138,3.798,74.71,69.91
1384,4.698,88.34,145.87,1106.78,47.52,Warning,71,1356,4.02,3.6,0.085,0.116,3.77,68.55,70.3
1385,4.788,88.82,144.5,1112.46,44.76,Critical,70,1357,4.166,3.708,0.081,0.092,3.921,68.98,69.49
1386,4.693,92.23,140.74,1195.85,47.82,Critical,70,1358,4.042,3.693,0.094,0.11,3.815,71.53,68.85
1387,4.735,92.81,147.5,1158.46,51.65,Critical,70,1359,3.993,3.721,0.108,0.105,3.816,75.21,68.05
1388,4.557,93.56,144.9,1147.75,47.47,Critical,70,1360,3.852,3.566,0.11,0.122,3.778,67.31,69.96
1389,4.675,87.05,140.86,1147.23,48.74,Critical,70,1361,4.082,3.665,0.106,0.12,3.854,77.2,71.06
1390,4.603,88.41,142.18,1148.06,49.14,Critical,70,1362,3.936,3.591,0.088,0.125,3.803,73.06,71.07
1391,4.849,88.87,139.83,1117.81,47.34,Critical,70,1363,4.101,3.831,0.09,0.107,4.005,68.65,70.31
1392,4.782,86.98,145.07,1152.28,51.07,Critical,70,1364,4.031,3.734,0.095,0.123,3.815,70.33,67.15
1393,4.773,84.52,135.83,1156.66,46.45,Critical,69,1365,4.008,3.774,0.098,0.132,3.859,77.04,67.79
1394,4.942,89.71,136.43,1148.12,48.37,Critical,69,1366,4.148,3.818,0.094,0.125,3.904,72.16,68.01
1395,4.575,92.23,141.34,1166.3,48.66,Critical,69,1367,3.889,3.562,0.1,0.113,3.672,70.83,68.71
1396,4.742,92.62,141.08,1136.13,46.39,Critical,69,1368,4.052,3.713,0.104,0.111,3.823,71.38,69.5
1397,4.631,93.19,136.34,1155.21,44.94,Critical,69,1369,4.031,3.55,0.106,0.118,3.736,69.56,70.26
1398,4.634,87.9,143.4,1092.77,46.46,Critical,69,1370,4.091,3.576,0.106,0.111,3.774,70.96,71.26
1399,4.721,94.93,139.7,1141.16,48.3,Critical,69,1371,3.957,3.671,0.097,0.113,3.922,66.48,71.36
1400,4.85,89.95,138.89,1115.94,46.64,Critical,69,1372,4.033,3.743,0.08,0.14,3.953,71.36,70.18
1401,4.77,93.65,139.67,1137.67,49.44,Critical,68,1373,3.988,3.844,0.095,0.122,3.914,70.74,68.08
1402,4.768,86.26,139.85,1147.78,48.79,Critical,68,1374,4.114,3.714,0.081,0.136,3.92,70.69,67.67
1403,4.88,98.61,141.88,1101.91,46.55,Critical,68,1375,4.179,3.742,0.097,0.126,4.014,71.93,69.73
1404,4.498,92.36,143.66,1140.95,44.05,Critical,68,1376,3.784,3.462,0.075,0.12,3.611,75.88,67.66
1405,4.915,86.16,139.97,1136.82,45.87,Critical,68,1377,4.157,3.825,0.093,0.148,3.996,69.44,69.08
1406,4.836,89.89,140.61,1138.42,50.43,Critical,68,1378,4.167,3.762,0.103,0.118,3.919,66.58,67.64
1407,4.926,90.35,142.0,1097.92,47.23,Critical,68,1379,4.175,3.809,0.096,0.114,3.993,68.36,66.09
1408,4.72,90.33,145.16,1140.37,46.47,Critical,68,1380,4.032,3.75,0.105,0.129,3.852,72.32,70.15
1409,4.838,92.83,138.38,1096.24,48.29,Critical,68,1381,4.116,3.752,0.104,0.093,3.897,66.55,64.73
1410,4.952,86.78,139.87,1156.35,49.38,Critical,67,1382,4.154,3.89,0.098,0.156,4.027,66.58,65.29
1411,4.686,88.14,145.76,1133.95,49.22,Critical,67,1383,4.059,3.561,0.108,0.122,3.813,64.51,65.49
1412,4.836,96.18,144.67,1164.99,47.58,Critical,67,1384,4.081,3.741,0.091,0.09,3.888,65.32,66.65
1413,4.796,91.15,141.64,1118.66,43.7,Critical,67,1385,4.048,3.702,0.1,0.135,3.922,69.27,66.73
1414,4.72,88.39,137.17,1157.85,47.65,Critical,67,1386,3.95,3.649,0.087,0.122,3.866,65.96,62.49
1415,4.762,89.89,141.04,1117.21,48.53,Critical,67,1387,4.051,3.713,0.1,0.115,3.838,71.14,68.12
1416,4.887,93.37,143.3,1155.96,44.6,Critical,67,1388,4.164,3.805,0.113,0.135,3.933,68.12,67.34
1417,4.845,87.77,142.82,1126.9,48.71,Critical,67,1389,4.082,3.756,0.108,0.106,3.885,66.85,65.46
1418,4.686,90.6,137.24,1107.25,52.63,Critical,66,1390,4.006,3.625,0.1,0.13,3.835,65.62,67.95
1419,4.55,87.72,142.26,1140.54,46.12,Critical,66,1391,3.88,3.524,0.093,0.137,3.722,63.01,63.89
1420,4.748,90.31,139.81,1158.17,48.91,Critical,66,1392,4.056,3.653,0.108,0.08,3.879,68.8,65.14
1421,4.953,90.24,141.99,1140.49,55.17,Critical,66,1393,4.277,3.891,0.087,0.124,3.979,68.47,66.28
1422,4.668,90.62,139.27,1135.63,46.29,Critical,66,1394,3.969,3.671,0.096,0.116,3.789,68.09,63.79
1423,4.836,93.73,143.55,1133.14,49.6,Critical,66,1395,4.133,3.802,0.076,0.099,3.957,61.48,66.8
1424,4.765,87.97,142.89,1136.58,52.86,Critical,66,1396,4.019,3.774,0.1,0.112,3.892,67.7,66.07
1425,4.842,88.99,139.38,1150.39,47.74,Critical,66,1397,4.112,3.788,0.099,0.101,3.973,66.36,65.59
1426,4.864,91.09,144.18,1144.7,49.83,Critical,65,1398,4.202,3.829,0.095,0.106,4.007,64.29,64.05
1427,4.607,91.37,142.34,1093.22,49.27,Critical,65,1399,3.891,3.701,0.091,0.116,3.697,68.83,64.25
1428,4.731,92.31,137.76,1146.58,52.21,Critical,65,1400,4.05,3.716,0.105,0.148,3.881,66.32,66.81
1429,4.714,92.5,138.9,1121.62,41.52,Critical,65,1401,4.027,3.651,0.108,0.129,3.863,61.75,67.08
1430,5.075,92.49,144.31,1134.89,47.17,Critical,65,1402,4.352,3.898,0.092,0.096,4.083,66.93,66.01
1431,4.831,91.03,136.29,1121.19,46.84,Critical,65,1403,4.073,3.792,0.088,0.114,3.83,64.12,62.82
1432,4.837,88.24,142.28,1126.73,52.04,Critical,65,1404,4.136,3.699,0.084,0.124,3.881,56.09,67.7
1433,4.916,91.94,140.16,1140.89,46.83,Critical,65,1405,4.189,3.798,0.112,0.1,4.031,65.12,64.02
1434,4.853,92.49,146.1,1137.88,46.43,Critical,65,1406,4.128,3.858,0.11,0.137,3.963,67.1,67.32
1435,4.78,87.29,142.22,1109.46,46.09,Critical,64,1407,4.027,3.828,0.098,0.129,3.823,58.47,62.36
1436,5.01,91.54,143.82,1148.21,47.13,Critical,64,1408,4.328,3.882,0.111,0.13,3.987,61.76,60.43
1437,4.98,90.66,135.35,1138.99,47.27,Critical,64,1409,4.159,3.952,0.098,0.119,4.018,59.46,61.39
1438,4.997,89.56,142.12,1078.34,45.57,Critical,64,1410,4.278,3.913,0.114,0.144,4.038,65.42,63.37
1439,5.092,93.63,142.58,1134.31,51.66,Critical,64,1411,4.357,4.034,0.075,0.131,4.104,69.27,67.09
1440,4.851,94.62,147.43,1131.01,53.94,Critical,64,1412,4.122,3.775,0.106,0.119,3.933,68.23,64.04
1441,4.647,91.72,140.01,1150.63,50.05,Critical,64,1413,4.024,3.661,0.108,0.114,3.796,69.91,62.62
1442,5.068,89.45,139.56,1136.26,50.11,Critical,64,1414,4.353,3.915,0.101,0.114,4.046,61.21,62.5
1443,4.918,93.72,137.71,1137.5,45.97,Critical,63,1415,4.212,3.811,0.087,0.136,3.96,62.05,58.56
1444,4.971,92.91,142.16,1090.36,51.23,Critical,63,1416,4.192,3.859,0.12,0.114,4.056,64.69,63.78
1445,4.894,91.82,142.98,1127.1,51.92,Critical,63,1417,4.094,3.858,0.105,0.135,4.009,62.72,59.26
1446,4.854,88.42,139.98,1097.19,47.56,Critical,63,1418,4.096,3.691,0.104,0.158,3.956,62.39,62.89
1447,4.814,91.15,142.08,1107.07,52.33,Critical,63,1419,4.018,3.784,0.096,0.153,3.913,61.92,62.5
1448,4.872,88.08,139.9,1083.33,46.62,Critical,63,1420,4.146,3.812,0.078,0.123,3.969,62.51,61.73
1449,4.821,89.61,140.31,1132.15,53.74,Critical,63,1421,4.061,3.748,0.097,0.114,3.949,55.89,61.94
1450,4.971,90.24,139.77,1138.67,50.68,Critical,63,1422,4.236,3.845,0.102,0.119,4.056,67.45,57.79
1451,4.888,86.66,149.58,1115.8,50.34,Critical,62,1423,4.153,3.781,0.088,0.149,3.998,67.83,62.11
1452,4.912,90.35,141.4,1101.3,48.9,Critical,62,1424,4.136,3.849,0.099,0.129,4.046,61.89,63.51
1453,5.126,94.31,145.74,1119.53,49.24,Critical,62,1425,4.291,4.018,0.1,0.126,4.193,58.38,65.27
1454,4.991,90.88,141.85,1139.07,52.1,Critical,62,1426,4.247,3.899,0.098,0.152,4.028,61.91,64.93
1455,4.903,93.92,139.58,1121.77,52.04,Critical,62,1427,4.134,3.818,0.1,0.111,3.955,62.34,62.09
1456,5.041,94.95,139.76,1129.53,50.27,Critical,62,1428,4.361,3.961,0.101,0.135,4.11,59.22,62.39
1457,5.065,90.6,142.73,1120.54,43.72,Critical,62,1429,4.306,3.963,0.093,0.108,4.067,64.29,65.95
1458,5.058,87.78,144.92,1109.87,47.55,Critical,62,1430,4.276,3.973,0.107,0.124,4.094,63.39,63.14
1459,5.036,87.95,142.43,1099.6,48.73,Critical,62,1431,4.269,3.926,0.09,0.103,3.995,61.61,61.14
1460,4.816,94.49,139.81,1161.57,52.43,Critical,61,1432,3.996,3.76,0.094,0.082,3.843,63.32,65.04
1461,5.008,92.01,142.34,1168.07,53.61,Critical,61,1433,4.227,3.826,0.077,0.146,4.055,61.55,57.42
1462,4.812,90.48,143.04,1115.89,46.62,Critical,61,1434,4.051,3.802,0.1,0.135,3.862,52.14,59.95
1463,4.801,92.11,152.29,1143.08,54.94,Critical,61,1435,4.109,3.72,0.102,0.153,3.962,59.27,61.51
1464,4.736,93.32,147.11,1126.54,47.47,Critical,61,1436,4.044,3.711,0.099,0.129,3.829,63.99,62.47
1465,4.792,88.75,141.7,1143.82,49.28,Critical,61,1437,4.041,3.748,0.095,0.14,3.895,60.05,61.46
1466,5.07,89.88,143.68,1123.49,49.91,Critical,61,1438,4.277,3.959,0.109,0.112,4.054,57.13,58.66
1467,4.986,87.81,141.6,1140.56,49.9,Critical,61,1439,4.219,3.897,0.099,0.123,4.03,67.71,62.62
1468,5.215,90.1,142.25,1091.65,47.22,Critical,60,1440,4.528,4.047,0.118,0.108,4.182,58.98,59.87
1469,5.031,92.49,141.27,1121.47,48.32,Critical,60,1441,4.231,3.889,0.109,0.099,4.14,58.97,58.45
1470,5.011,95.09,145.89,1137.2,51.43,Critical,60,1442,4.174,3.888,0.089,0.145,4.044,62.54,61.07
1471,4.822,89.93,146.43,1105.11,49.33,Critical,60,1443,4.06,3.749,0.098,0.115,3.867,60.86,58.31
1472,4.83,89.07,142.33,1147.94,52.39,Critical,60,1444,4.069,3.853,0.089,0.143,3.883,57.39,58.51
1473,4.924,92.89,144.59,1100.6,46.92,Critical,60,1445,4.14,3.836,0.096,0.113,3.999,66.79,58.99
1474,4.88,92.86,140.92,1140.77,47.53,Critical,60,1446,4.24,3.82,0.092,0.118,3.932,64.12,57.46
1475,4.855,90.08,142.56,1117.12,45.85,Critical,60,1447,4.107,3.783,0.092,0.138,3.969,59.76,60.46
1476,4.678,90.45,145.64,1113.16,47.53,Critical,59,1448,4.09,3.722,0.103,0.145,3.7,56.64,58.06
1477,4.912,90.3,134.99,1133.25,50.36,Critical,59,1449,4.255,3.8,0.09,0.087,3.967,61.7,57.78
1478,5.2,90.9,143.1,1089.37,49.82,Critical,59,1450,4.321,4.084,0.106,0.148,4.171,59.48,60.13
1479,4.998,89.4,135.49,1131.97,48.87,Critical,59,1451,4.22,3.929,0.098,0.108,3.971,55.61,63.79
1480,5.034,92.05,142.14,1116.97,51.79,Critical,59,1452,4.254,3.95,0.095,0.157,4.107,62.74,57.83
1481,5.077,90.82,143.03,1163.88,46.95,Critical,59,1453,4.326,3.978,0.104,0.121,4.196,55.12,61.92
1482,5.098,96.37,137.95,1101.13,52.54,Critical,59,1454,4.239,3.912,0.094,0.131,4.193,58.44,57.78
1483,4.992,92.81,144.05,1118.25,44.97,Critical,59,1455,4.197,3.951,0.101,0.123,4.088,55.61,58.55
1484,4.974,90.56,143.05,1117.86,46.22,Critical,59,1456,4.237,3.827,0.101,0.149,4.018,55.49,58.75
1485,4.86,93.17,142.32,1165.14,51.87,Critical,58,1457,4.123,3.819,0.095,0.129,3.922,60.3,60.87
1486,5.058,94.0,145.54,1136.03,46.82,Critical,58,1458,4.384,4.017,0.097,0.123,4.121,59.65,57.6
1487,4.815,92.48,144.44,1140.25,50.12,Critical,58,1459,4.079,3.795,0.1,0.122,3.893,52.76,57.64
1488,5.05,92.59,147.37,1115.38,50.44,Critical,58,1460,4.332,4.033,0.101,0.113,4.124,63.6,57.35
1489,5.071,94.83,145.87,1124.94,47.85,Critical,58,1461,4.306,3.974,0.108,0.134,4.092,59.67,59.72
1490,5.018,89.69,142.29,1145.35,46.36,Critical,58,1462,4.161,3.974,0.105,0.138,4.022,60.21,58.55
1491,4.785,95.36,143.33,1111.6,48.59,Critical,58,1463,3.966,3.756,0.102,0.126,3.927,53.85,56.81
1492,4.875,91.12,143.07,1132.1,48.67,Critical,58,1464,4.1,3.87,0.124,0.131,3.918,62.43,55.11
1493,4.94,90.1,139.4,1114.2,47.55,Critical,57,1465,4.2,3.854,0.093,0.124,3.992,59.43,56.7
1494,5.081,93.32,144.61,1155.75,47.01,Critical,57,1466,4.295,4.034,0.097,0.087,4.107,57.4,51.77
1495,5.145,90.1,143.9,1115.25,46.66,Critical,57,1467,4.32,3.976,0.111,0.127,4.147,54.2,59.39
1496,5.163,94.86,144.4,1128.0,46.83,Critical,57,1468,4.376,4.0,0.081,0.145,4.154,60.59,58.76
1497,5.057,93.45,141.09,1167.05,49.62,Critical,57,1469,4.314,3.918,0.09,0.137,4.105,54.63,54.12
1498,4.84,94.93,141.12,1111.98,52.74,Critical,57,1470,4.058,3.746,0.092,0.154,4.0,59.25,58.57
1499,4.925,96.83,143.77,1141.63,49.33,Critical,57,1471,4.173,3.908,0.105,0.152,3.999,54.45,55.83
1500,5.01,90.41,139.66,1150.19,48.38,Critical,57,1472,4.265,3.92,0.094,0.152,4.013,57.78,57.49
