timestamp,vibration_sensor,temperature_sensor,pressure_sensor,rpm_sensor,bearing_wear_sensor,health_status,actual_remaining_life,timeline,RMS,RollingMean,RollingSTD,RMS_Diff,EMA,Predicted_RUL,Actual_RUL
56,1.072,53.16,110.09,1441.47,11.27,Healthy,843,28,0.8988964716065286,0.7827806460027277,0.07819744712674054,0.022760713480730832,0.8228257380890986,276.1090393066406,277.12
57,0.881,49.97,109.16,1430.18,9.47,Healthy,842,29,0.8994813320278896,0.7997131505050199,0.07371687487241112,0.0005848604213609665,0.8336904525150356,281.3600158691406,284.76
58,0.761,47.55,105.58,1432.36,9.22,Healthy,841,30,0.8864094238367882,0.813174414265596,0.069488118078392,-0.013071908191101378,0.8410395496052198,285.2117919921875,289.56
59,0.867,52.19,107.98,1435.92,11.89,Healthy,840,31,0.8821418631187768,0.8239296339315285,0.06659646151503468,-0.004267560718011376,0.8466879242626687,286.2460021972656,285.32
60,0.677,46.97,109.62,1447.04,9.17,Healthy,839,32,0.8720375374183539,0.8338618891332331,0.061382823582825354,-0.010104325700422967,0.8501287831316288,286.9418518066406,292.92
61,0.745,45.46,110.0,1462.44,6.93,Healthy,838,33,0.8693325408994345,0.843356380421494,0.05426015421889148,-0.0027049965189194225,0.8527077392011054,289.3515869140625,290.2
62,1.068,52.3,108.33,1439.62,9.22,Healthy,837,34,0.8963483697759483,0.8547124486630907,0.0449771779470692,0.02701582887651388,0.8585144594354303,286.60435791015624,277.28000000000003
63,1.06,49.88,108.71,1423.56,14.73,Healthy,836,35,0.9066658700976894,0.8652881026721905,0.035818813834098726,0.010317500321741058,0.8648701614251901,284.67674560546874,277.59999999999997
64,0.991,52.4,110.72,1447.26,13.85,Healthy,835,36,0.9008182206564579,0.8731894405239313,0.028536210533483587,-0.005847649441231506,0.8695821370408574,284.2435607910156,280.36
65,0.685,47.6,102.36,1454.55,7.78,Healthy,834,37,0.8897172209940265,0.8789662494828081,0.021138293031321177,-0.011100999662431388,0.872205447358836,284.01764526367185,292.59999999999997
66,0.897,50.98,106.57,1425.78,8.21,Healthy,833,38,0.8726174801519087,0.8812713157167941,0.018010621380564067,-0.01709974084211785,0.8722588470282638,284.20867309570315,284.12
67,0.774,51.06,109.98,1438.58,9.76,Healthy,832,39,0.8811063499941423,0.883544177729263,0.015330385352559059,0.008488869842233626,0.8734002371224278,286.6190246582031,289.04
68,1.141,50.45,111.28,1419.71,12.41,Healthy,831,40,0.9124115664910581,0.8876557048659649,0.014126581538781914,0.031305216496915866,0.8784128870742274,283.8623779296875,274.36
69,0.883,49.1,108.22,1446.96,9.57,Healthy,830,41,0.9052787047828604,0.8899599139985107,0.013984188698529427,-0.007132861708197713,0.881852920859433,283.728369140625,284.68
70,0.814,49.22,103.12,1431.21,10.12,Healthy,829,42,0.8993660730388562,0.8915086016593814,0.013625599619886507,-0.005912631744004249,0.8840885849222868,283.5712158203125,287.44
71,0.988,53.2,107.8,1422.0,11.3,Healthy,828,43,0.8929296351523637,0.891110812562437,0.013480840057990811,-0.006436437886492508,0.8852142106190425,283.35377807617186,280.48
72,0.894,49.06,105.89,1478.62,8.29,Healthy,827,44,0.8937906167926953,0.8907314315467574,0.013307407944001213,0.0008609816403316595,0.8863036169876012,283.4071044921875,284.24
73,1.219,52.08,110.14,1439.74,12.98,Healthy,826,45,0.9269938870708192,0.8934370624290261,0.016181335896546665,0.033203270278123864,0.8914618050489889,283.3430236816406,271.24
74,0.892,50.74,105.33,1418.67,10.67,Healthy,825,46,0.9285738168467456,0.8965325260108906,0.018183549082519054,0.0015799297759263586,0.8961580887748014,283.05800170898436,284.32
75,0.798,48.32,104.22,1452.65,9.44,Healthy,824,47,0.9349586443616994,0.9007272664737803,0.019349427443367713,0.006384827514953839,0.9010604799129208,281.718603515625,288.08
76,0.691,48.45,100.98,1448.06,7.94,Healthy,823,48,0.9321899305756669,0.9049177591188626,0.018865069389101263,-0.002768713786032495,0.9049883419854492,281.697509765625,292.36
77,1.015,48.81,111.14,1437.87,12.38,Healthy,822,49,0.928233878574432,0.9070434597054281,0.019612131360058273,-0.003956052001234944,0.9079179728833126,282.3027587890625,279.40000000000003
78,0.941,53.79,106.65,1435.98,9.88,Healthy,821,50,0.9196431554322216,0.9079086120610637,0.019878707525349693,-0.008590723142210321,0.9093941753532166,285.99102172851565,282.36
79,0.816,47.32,107.29,1465.36,9.21,Healthy,820,51,0.9081089508790597,0.9083946607425705,0.019781854990039118,-0.011534204553161898,0.9092325108995255,286.6540893554687,287.36
80,1.214,52.45,109.28,1426.89,8.97,Healthy,819,52,0.9442633460357691,0.9120310690786866,0.021074474847133616,0.036154395156709374,0.9136354675912096,284.27564697265626,271.44
81,1.141,52.22,106.18,1421.57,11.97,Healthy,818,53,0.9616572847607058,0.9179670560526064,0.021710201735697682,0.017393938724936664,0.919667085295275,282.453662109375,274.36
82,1.042,54.25,105.1,1450.83,12.45,Healthy,817,54,0.9783816228854669,0.9244520742453612,0.02428849867696638,0.01672433812476115,0.9270372919199998,280.6094543457031,278.32
83,1.256,51.31,107.02,1422.34,13.31,Healthy,816,55,0.9877285052077823,0.9294732034931429,0.02895784270310734,0.009346882322315397,0.9346516170676116,279.22893676757815,269.76
84,1.155,55.37,107.12,1424.9,12.1,Healthy,815,56,1.006262059969138,0.9362054271722281,0.03419597442089323,0.018533554761355764,0.943631738083535,276.7761169433594,273.8
85,0.937,51.57,108.54,1440.04,8.96,Healthy,814,57,1.0133713699001632,0.9438057802963152,0.03789277119365544,0.0071093099310250985,0.9523737371766796,278.72275390625,282.52
86,0.909,50.81,105.47,1432.47,11.31,Healthy,813,58,1.0084298025478355,0.9515057914560133,0.0385455195206642,-0.004941567352327647,0.9593980022678119,279.83490600585935,283.64
87,1.193,51.26,113.52,1420.58,13.83,Healthy,812,59,1.0288496164811132,0.9605097247685745,0.03985291054821019,0.02041981393327763,0.9680981564464864,278.89134521484374,272.28000000000003
88,1.134,53.06,111.37,1410.41,13.54,Healthy,811,60,1.0223491901824282,0.9668667449760151,0.041687781034060546,-0.006500426298684969,0.9748923151728499,279.50123291015626,274.64
89,1.104,50.85,110.64,1408.28,9.9,Healthy,810,61,1.036054052643973,0.9740320940291637,0.04381829120473256,0.013704862461544787,0.9825501358733677,279.89136962890626,275.84
90,0.956,52.5,107.43,1410.25,10.3,Healthy,809,62,1.0449322785074002,0.9813636696388771,0.04596148907645901,0.008878225863427236,0.9903591495135997,279.62620849609374,281.76
91,1.178,51.14,112.85,1390.49,12.59,Healthy,808,63,1.073575179792578,0.9907893529200044,0.04951671586832654,0.02864290128517788,1.000774277329702,276.9738342285156,272.88
92,0.977,50.62,107.32,1411.79,10.38,Healthy,807,64,1.071222323640927,1.0003219159244374,0.050369989046962146,-0.0023528561516510393,1.0095900031748952,277.841015625,280.91999999999996
93,1.079,50.88,108.4,1422.22,11.07,Healthy,806,65,1.0798616886743722,1.0110031514739142,0.04900880556001806,0.00863936503344509,1.0183824464495186,275.735791015625,276.84000000000003
94,1.315,52.35,110.31,1416.52,14.01,Healthy,805,66,1.1122016603715952,1.0246093321067498,0.04667752727088191,0.032339971697223024,1.0301197564039055,273.4963439941406,267.40000000000003
95,1.002,52.13,109.77,1423.91,12.13,Healthy,804,67,1.0980314506728241,1.0348605390825536,0.04461109973973165,-0.01417020969877103,1.0386149931386666,274.2943176269531,279.92
96,0.869,50.62,108.81,1384.73,7.07,Healthy,803,68,1.0813071102451266,1.0428371941148482,0.041149783219983964,-0.016724340427697548,1.0439549590665695,276.54608154296875,285.24
97,0.95,52.37,106.51,1467.12,12.76,Healthy,802,69,1.0756428155603823,1.0493212736265094,0.03779389978738272,-0.0056642946847442754,1.0479181824258557,276.71599731445315,282.0
98,1.261,50.68,108.23,1440.87,14.5,Healthy,801,70,1.0760327442353539,1.0552082228950141,0.03422331600907409,0.00038992867497156247,1.0514342425160783,277.68524780273435,269.56
99,1.153,53.97,110.52,1432.17,12.63,Healthy,800,71,1.0758897403234837,1.0598500682519705,0.03174236960549568,-0.00014300391187016537,1.054492503905701,280.06422119140626,273.88
100,1.098,55.64,110.38,1467.05,13.26,Healthy,799,72,1.0859931245945653,1.0646915185649306,0.02961380924485288,0.010103384271081595,1.0584315738353807,278.9040771484375,276.08
101,1.044,50.72,107.28,1406.29,9.6,Healthy,798,73,1.0940557877305281,1.07039991757711,0.026029900522661548,0.008062663135962822,1.0628860772389577,277.32843627929685,278.24
102,1.196,55.61,105.21,1461.73,12.29,Healthy,797,74,1.0942741277516648,1.0747615516618134,0.023970178956709248,0.00021834002113663153,1.0668107219443799,276.33291015625,272.16
103,0.999,50.59,107.47,1408.84,10.83,Healthy,796,75,1.0854671191089422,1.078969413590248,0.019172030813924795,-0.008807008642722547,1.069143363624864,276.10706787109376,280.04
104,1.174,50.51,110.6,1426.54,14.69,Healthy,795,76,1.090352939801298,1.0825893394007362,0.015206279807482298,0.00488582069235588,1.071795149552678,275.305126953125,273.04
105,1.021,50.73,112.64,1400.91,11.17,Healthy,794,77,1.0942744323675544,1.0858788163247464,0.011318160262488046,0.0039214925662562905,1.074605606029789,274.3457946777344,279.16
106,0.999,52.56,105.0,1430.39,11.57,Healthy,793,78,1.0823389795561584,1.0864630696423183,0.010854364551806633,-0.011935452811395963,1.075572442110926,273.928515625,280.04
107,1.04,50.1,107.17,1436.5,10.67,Healthy,792,79,1.086245398916224,1.087464607994005,0.01000771871159895,0.003906419360065527,1.0769067602254698,273.1743408203125,278.4
108,1.081,50.83,107.51,1422.53,12.53,Healthy,791,80,1.0863779575574362,1.0878990259195425,0.00979324736863861,0.0001325586412121993,1.0780908140304166,272.32619018554686,276.76
109,1.132,53.08,112.18,1439.09,14.64,Healthy,790,81,1.0725500765310059,1.0852555869968366,0.007941137838035146,-0.013827881026430289,1.077398142943415,272.7175720214844,274.72
110,1.177,52.6,108.97,1423.33,14.24,Healthy,789,82,1.0843363561798218,1.084342580697303,0.007111268559527441,0.011786279648815956,1.0782655060462947,272.5255187988281,272.92
111,0.59,48.19,103.27,1438.99,6.39,Healthy,788,83,1.0717499397402983,1.0837054359969813,0.007797679106305983,-0.012586416439523518,1.0774509892244541,272.72227783203124,296.4
112,1.024,51.57,109.54,1416.32,12.14,Healthy,787,84,1.076283574776338,1.0837481532780449,0.007751976689903022,0.004533635036039652,1.0773050512821638,273.2792724609375,279.04
113,1.088,52.51,107.52,1443.43,12.72,Healthy,786,85,1.0636233042451324,1.0829208572786968,0.009167176416255859,-0.012660270531205553,1.0755947187040384,273.41770629882814,276.48
114,1.374,53.72,107.18,1396.9,15.78,Healthy,785,86,1.0809836569840763,1.0832604517227364,0.008980558373516275,0.017360352738943874,1.0762683753464493,271.8869323730469,265.03999999999996
115,0.988,51.24,105.7,1450.74,12.31,Healthy,784,87,1.0738846927549222,1.0824532229334267,0.009257310170213816,-0.0070989642291541255,1.0759703997898198,273.2926086425781,280.48
116,1.176,51.19,113.39,1448.11,14.37,Healthy,783,88,1.0829424422993743,1.0817123332380165,0.00868971125951018,0.009057749544452154,1.0768419440881465,273.11859741210935,272.96
117,1.377,56.33,111.22,1374.44,14.98,Healthy,782,89,1.0971836066341252,1.0819062984968473,0.009016462824430542,0.014241164334750867,1.0793847514298585,272.24268798828126,264.92
118,0.957,49.66,108.01,1457.08,11.36,Healthy,781,90,1.09468491661604,1.0825208183306536,0.009573406410891053,-0.0024986900180852256,1.0812973375780992,271.8522094726562,281.72
119,1.214,54.62,108.66,1464.62,12.86,Healthy,780,91,1.0975896622448058,1.0830032664935543,0.01016063176833271,0.002904745628765859,1.0833339391901515,272.6305725097656,271.44
120,1.036,50.97,108.94,1433.76,10.19,Healthy,779,92,1.0985263158735281,1.0832867253939524,0.010549403431724029,0.000936653628722306,1.0852330360702953,271.86452026367186,278.56
121,1.081,52.04,109.19,1439.11,11.54,Healthy,778,93,1.1036896000838883,1.084710100095801,0.011780880148498632,0.005163284210360164,1.0875401595036005,271.56708984375,276.76
122,1.038,50.6,108.96,1450.94,11.31,Healthy,777,94,1.1035640745632609,1.0858646784722703,0.012750818913103352,-0.00012552552062738975,1.0895431890965754,272.7793884277344,278.48
123,1.049,49.92,108.58,1421.49,9.38,Healthy,776,95,1.1015033666161291,1.0868730390761832,0.013377007476037098,-0.002060707947131757,1.0910382375477832,273.3471923828125,278.04
124,1.568,53.49,113.58,1405.62,18.36,Healthy,775,96,1.136569252912759,1.0911409841683002,0.01792156859002122,0.03506588629662977,1.0967297019451119,271.83973999023436,257.28000000000003
125,1.287,52.0,109.78,1386.74,10.56,Healthy,774,97,1.1444907164324225,1.0951512748518069,0.02244868941493415,0.007921463519663607,1.1026999090468377,271.8277648925781,268.52
126,1.326,53.45,107.51,1416.75,18.12,Healthy,773,98,1.1848505109647096,1.1026913129334341,0.03128299292681247,0.04035979453228711,1.1129688551264783,270.54823608398436,266.96
127,1.235,53.43,107.88,1429.2,15.54,Healthy,772,99,1.1981850163198222,1.1108180757029997,0.03885115709400973,0.013334505355112602,1.1236209849560423,269.5452514648438,270.59999999999997
128,0.921,51.8,102.58,1445.31,9.79,Healthy,771,100,1.188814731851295,1.119164170876744,0.041354776933630925,-0.009370284468527279,1.1317702767389803,269.5719848632813,283.15999999999997
129,1.221,52.32,114.4,1442.37,13.45,Healthy,770,101,1.1776295965483656,1.1256072335143632,0.042494373214745224,-0.011185135302929305,1.1375027369059203,271.48701171875,271.15999999999997
130,1.323,52.59,112.1,1396.78,14.95,Healthy,769,102,1.1993430701846741,1.1339711253430134,0.04391000264976671,0.02171347363630849,1.1452328318871654,270.0329345703125,267.08
131,1.035,49.15,106.13,1416.55,10.62,Healthy,768,103,1.1906470509769047,1.141151432588182,0.04377549749174782,-0.008696019207769412,1.1509096435366881,271.9880310058594,278.6
132,1.308,54.49,109.14,1456.31,14.64,Healthy,767,104,1.1854490288494062,1.1470357940692006,0.04337365905206514,-0.005198022127498536,1.1552270895020846,272.6405029296875,267.68
133,1.269,55.49,108.02,1413.26,13.77,Healthy,766,105,1.204819571554181,1.1543781043984103,0.043200155381391186,0.019370542704774785,1.1614261784049102,270.9977966308594,269.24
134,1.441,56.87,114.5,1412.35,15.73,Healthy,765,106,1.2213800391360585,1.1626307961911602,0.043400358967106464,0.01656046758187757,1.1689204412987615,269.15740966796875,262.36
135,1.101,52.97,105.05,1423.5,12.34,Healthy,764,107,1.225165104519931,1.1710733821009205,0.04234406071301134,0.0037850653838724657,1.1759510490756495,269.7476379394531,275.96
136,0.999,51.94,108.28,1411.99,9.28,Healthy,763,108,1.2205158199165902,1.1788617967564339,0.03972796983673998,-0.0046492846033407975,1.1815216626759606,269.8169921875,280.04
137,1.109,54.53,108.38,1460.27,12.25,Healthy,762,109,1.2246719288582284,1.186935653709432,0.03540316366727541,0.0041561089416382035,1.1869154605593344,268.8631652832031,275.64
138,1.378,54.9,112.34,1399.47,15.37,Healthy,761,110,1.2462156849170745,1.1965831415961614,0.02972097870341537,0.021543756058846064,1.1943280061731119,267.87883911132815,264.88
139,0.889,50.97,107.07,1410.77,9.94,Healthy,760,111,1.2007636459076085,1.2008627677958181,0.024651563014060296,-0.04545203900946593,1.195132462808292,270.1957641601563,284.44
140,0.852,49.19,102.72,1427.46,9.1,Healthy,759,112,1.1746498769136842,1.2028733784945689,0.020626721519944886,-0.02611376899392437,1.1925721349253202,271.7719970703125,285.91999999999996
141,1.176,50.54,108.43,1377.17,14.41,Healthy,758,113,1.1639511730881726,1.2014800893027997,0.022547502977649084,-0.010698703825511524,1.188994509014998,272.0117980957031,272.96
142,1.096,50.84,106.14,1410.88,11.59,Healthy,757,114,1.1546348917875873,1.1985767476673175,0.025599431636925244,-0.009316281300585372,1.1846995508943485,273.3708068847656,276.15999999999997
143,1.163,52.45,109.18,1400.55,13.09,Healthy,756,115,1.1691037592959832,1.1972626828302966,0.026621810602635885,0.014468867508395933,1.1827500745746018,274.87457885742185,273.48
144,1.303,53.82,113.41,1428.42,16.02,Healthy,755,116,1.1749899857729285,1.1970867087786006,0.026769174237396273,0.0058862264769452555,1.181780062442566,273.91162109375,267.88
145,1.078,54.59,104.12,1411.27,11.76,Healthy,754,117,1.1581818222253935,1.1943426255813157,0.028570452760235485,-0.016808163547535004,1.1788302796698809,274.1392517089844,276.88
146,0.88,50.04,105.28,1455.54,9.96,Healthy,753,118,1.1496072372771493,1.1916066380013317,0.03082566656381407,-0.008574584948244146,1.1751773963958276,274.090380859375,284.8
147,1.467,56.97,109.42,1437.42,16.01,Healthy,752,119,1.162330331704374,1.1900653915249964,0.031720496322073355,0.012723094427224746,1.1735715121650223,272.87156372070314,261.32
148,1.01,50.44,107.11,1446.67,12.72,Healthy,751,120,1.145277724688063,1.186095935067255,0.03342214719172574,-0.01705260701631106,1.1700347865251257,274.9021301269531,279.6
149,1.001,50.54,109.85,1425.23,10.67,Healthy,750,121,1.113565923808136,1.178908327378727,0.03672218859191483,-0.03171180087992709,1.1629761748343643,276.201806640625,279.96000000000004
150,1.324,51.93,109.51,1416.88,16.24,Healthy,749,122,1.1296374344599835,1.1725398160413971,0.03640921223442138,0.016071510651847642,1.1588088302980977,273.9718811035156,267.04
151,1.101,50.79,109.64,1391.41,11.97,Healthy,748,123,1.1359404620548268,1.1669014588506128,0.03496914965332666,0.006303027594843247,1.1559502830736148,273.291357421875,275.96
152,1.148,53.13,107.33,1419.64,11.51,Healthy,747,124,1.138520501938078,1.1611580303892695,0.0317276658653502,0.002580039883251173,1.1537715596353375,274.15147094726564,274.08000000000004
153,1.23,53.08,109.95,1399.58,14.41,Healthy,746,125,1.1271631056181117,1.153221191769339,0.022470577818448124,-0.01135739631996624,1.1504455018194535,273.60068359375,270.79999999999995
154,1.319,55.29,111.86,1429.31,14.12,Healthy,745,126,1.1548994184199188,1.1501635766034928,0.01826642604537088,0.027736312801807106,1.1510022415503098,270.59584350585936,267.24
155,1.106,52.23,106.81,1481.29,12.98,Healthy,744,127,1.1691655713941176,1.1497979562355216,0.017789973532329875,0.014266152974198754,1.1532726583367203,270.8858215332031,275.76
156,1.384,53.92,112.26,1421.81,11.67,Healthy,743,128,1.1842494669620924,1.1511511758271162,0.019621215214755842,0.015083895567974848,1.1571447602444995,269.94366455078125,264.64
157,0.835,52.74,107.14,1394.46,9.19,Healthy,742,129,1.1699775211515817,1.152174017784716,0.02020694917133732,-0.014271945810510722,1.1587488556586063,270.62896728515625,286.6
158,1.269,53.28,112.23,1408.62,13.36,Healthy,741,130,1.1772992539424008,1.152720384094477,0.020799510175476713,0.007321732790819047,1.16106765582445,269.4755615234375,269.24
159,1.028,53.0,107.67,1431.29,9.93,Healthy,740,131,1.1590075639672648,1.151654889307433,0.01997004723914977,-0.018291689975135972,1.1608101443053405,272.11937255859374,278.88
160,1.359,53.63,111.11,1413.95,14.23,Healthy,739,132,1.1785379360320425,1.1530119635612095,0.021104690751791087,0.0195303720647777,1.1630261185494846,271.7388549804688,265.64
161,1.174,53.63,108.94,1405.21,12.17,Healthy,738,133,1.195495740965507,1.1560711971404334,0.02373756386328155,0.016957804933464438,1.1670848217975067,271.6416748046875,273.04
162,1.051,52.86,108.07,1432.82,11.5,Healthy,737,134,1.1659234680429642,1.1563107395630061,0.02382321332253084,-0.02957227292254272,1.1669396525642302,271.39959716796875,277.96
163,1.251,53.57,110.16,1390.1,11.99,Healthy,736,135,1.1813992833359372,1.1587188434728641,0.024445800175310443,0.015475815292973039,1.1687471065627657,270.8235717773438,269.96000000000004
164,1.285,50.04,111.05,1394.94,14.55,Healthy,735,136,1.1995773700210697,1.1644529398870598,0.023151357811289245,0.018178086685132433,1.1726008897787659,268.79111328125,268.6
165,1.247,53.25,106.36,1431.85,15.5,Healthy,734,137,1.1940636778106377,1.1687480227771032,0.022187118988020095,-0.005513692210431964,1.1752837384555703,270.18853149414065,270.12
166,0.996,52.81,111.56,1407.86,11.32,Healthy,733,138,1.1879011182193016,1.1722120665214015,0.020705876537101944,-0.006162559591336159,1.1768609110149335,271.39076538085936,280.15999999999997
167,1.077,52.49,103.82,1437.97,12.9,Healthy,732,139,1.183459927500716,1.1752080282255775,0.01862989643963327,-0.004441190718585508,1.1776857881163385,271.111865234375,276.92
168,1.149,53.01,107.18,1392.42,14.06,Healthy,731,140,1.1780198640090922,1.1785984787849764,0.013055341233437169,-0.005440063491623848,1.1777275476047349,272.3299560546875,274.04
169,1.143,49.7,108.62,1461.68,14.18,Healthy,730,141,1.1656943567390783,1.1793181413395868,0.01190224851746805,-0.012325507270013913,1.176223398689731,273.0669738769531,274.28000000000003
170,1.261,52.27,110.6,1399.9,16.31,Healthy,729,142,1.1761387389816447,1.1797830191787555,0.011609975786174459,0.010444382242566386,1.1762128162258707,272.38176879882815,269.56
171,0.846,50.23,111.02,1432.77,8.66,Healthy,728,143,1.1416302670596408,1.1769417391852588,0.015122527630320551,-0.0345084719220039,1.1718899974551196,272.76890258789064,286.15999999999997
172,1.198,53.4,104.54,1427.36,12.25,Healthy,727,144,1.1629781883881858,1.1764751170010321,0.015457051467850605,0.021347921328545016,1.1707760212935736,271.35772094726565,272.08
173,1.104,53.76,107.36,1412.34,13.17,Healthy,726,145,1.1517010318075898,1.1747685688587113,0.016720982665415624,-0.011277156580596026,1.1683916475550495,271.4726135253906,275.84
174,1.022,50.98,102.81,1432.06,12.16,Healthy,725,146,1.1513449816048476,1.1742577300345503,0.01734238918753474,-0.00035605020274220855,1.1662608142700055,272.15842895507814,279.12
175,1.036,51.93,108.3,1440.85,12.41,Healthy,724,147,1.1287262437514836,1.1709369505491796,0.020873771840952546,-0.02261873785336399,1.1615689928756805,273.5951171875,278.56
176,1.115,52.06,109.37,1445.37,14.72,Healthy,723,148,1.124730871512529,1.1662192925856478,0.022831719814248398,-0.00399537223895452,1.1569642276370065,273.65101318359376,275.4
177,0.607,45.98,109.62,1467.06,6.69,Healthy,722,149,1.1026979338573792,1.1620042569732756,0.02811507175848982,-0.022032937655149798,1.1501809408265424,275.9072326660156,295.71999999999997
178,1.042,47.99,108.55,1424.12,12.02,Healthy,721,150,1.0881146998363729,1.1557852847399712,0.03334855641712918,-0.014583234021006364,1.142422660614693,276.6786376953125,278.32
179,1.016,51.79,110.71,1425.98,9.9,Healthy,720,151,1.0689850326360983,1.1470791289143065,0.03784304692184683,-0.019129667200274536,1.1332429570261802,277.8919982910156,279.36
180,1.227,53.31,110.82,1470.32,16.27,Healthy,719,152,1.0674410210092795,1.1386376184608828,0.04063350194049859,-0.0015440116268188309,1.125017714952574,277.25617065429685,270.91999999999996
181,1.027,50.31,107.07,1449.57,10.85,Healthy,718,153,1.0693975874294834,1.1307373830748948,0.0418724461231879,0.00195656642020392,1.1180651989593104,277.1331359863281,278.92
182,1.115,49.61,105.17,1403.96,11.87,Healthy,717,154,1.0719907959803883,1.1233061076402062,0.04173843843892252,0.0025932085509048353,1.112305898548618,276.38499755859374,275.4
183,1.379,55.36,110.96,1413.25,14.72,Healthy,716,155,1.0899206087295228,1.1174328239549014,0.03963487451481904,0.01792981274913452,1.1095077373049376,274.74982299804685,264.84000000000003
184,1.297,53.28,106.05,1407.77,13.43,Healthy,715,156,1.1013526229142054,1.1131433750332433,0.037460772461082974,0.011432014184682648,1.1084883480009022,273.2856201171875,268.12
185,1.284,54.39,112.94,1412.84,13.17,Healthy,714,157,1.1031228097239822,1.108275646416066,0.03319090532607488,0.001770186809776808,1.1078176557132973,273.670654296875,268.64
186,1.074,54.46,108.04,1399.26,11.13,Healthy,713,158,1.1162723383356472,1.1065851178344663,0.031994926840275655,0.013149528611664962,1.1088744910452137,273.0522155761719,277.04
187,1.231,49.86,112.37,1409.4,11.76,Healthy,712,159,1.1186633690853265,1.103630796547609,0.02824161107051664,0.0023910307496792793,1.1100981008044044,273.1597534179688,270.76
188,1.115,50.98,107.49,1464.12,11.24,Healthy,711,160,1.1193904591338983,1.101476758369363,0.025402842335061876,0.0007270900485718546,1.1112596455990604,274.1958801269531,275.4
189,1.121,51.77,109.4,1436.69,14.86,Healthy,710,161,1.1256903659532669,1.0997664506592575,0.02250371937260684,0.006299906819368539,1.1130634856480504,274.5453369140625,275.15999999999997
190,1.212,55.09,109.8,1364.57,14.29,Healthy,709,162,1.1373457404559677,1.1003410837728897,0.023388678207118454,0.011655374502700822,1.1160987675059806,273.993408203125,271.52
191,1.062,49.11,108.26,1453.66,12.89,Healthy,708,163,1.133959111549736,1.1009562997753701,0.024183903206974684,-0.003386628906231648,1.118331310515917,275.03782348632814,277.52
192,1.377,57.29,109.18,1435.14,16.67,Healthy,707,164,1.1780104413798715,1.1059771336102031,0.031332584937041184,0.04405132983013549,1.1257912018869713,272.8846374511719,264.92
193,1.13,52.37,109.76,1415.62,14.81,Healthy,706,165,1.183406523558156,1.112329921858322,0.03665973600289073,0.005396082178284356,1.132993117106902,272.5907897949219,274.8
194,1.247,53.08,107.17,1433.42,11.42,Healthy,705,166,1.1980405669258452,1.1209336241443049,0.040683699152328126,0.014634043367689253,1.1411240483451686,270.9792114257813,270.12
195,1.374,54.07,107.22,1392.4,13.51,Healthy,704,167,1.2086318711667339,1.1303463474881355,0.043648613791991274,0.010591304240888721,1.1495625262077613,270.415771484375,265.03999999999996
196,1.311,53.15,112.98,1404.08,13.38,Healthy,703,168,1.226807700225807,1.1408403550078903,0.04676002498731355,0.018175829059073223,1.159218172969926,267.6878173828125,267.56
197,0.947,52.09,109.5,1465.64,9.8,Healthy,702,169,1.2173589172192947,1.1505315630904842,0.046534959967531216,-0.009448783006512418,1.166485766007623,269.7143615722656,282.12
198,1.226,51.43,109.52,1412.72,13.1,Healthy,701,170,1.2063961759444255,1.158296600904811,0.04540277287427501,-0.010962741274869181,1.171474567253643,270.07176513671874,270.96
199,1.288,54.11,113.89,1374.45,13.59,Healthy,700,171,1.2057531809343625,1.1652566381061547,0.04403135536707884,-0.000642995010063041,1.1757593939666788,271.5272155761719,268.48
200,1.296,53.09,109.11,1413.81,14.54,Healthy,699,172,1.206608773933512,1.1721557023867901,0.041643104184162366,0.0008555929991496125,1.1796155664648527,271.77476196289064,268.15999999999997
201,0.997,49.83,111.29,1428.43,11.01,Healthy,698,173,1.2021953252279765,1.1778839015129454,0.0392476735885956,-0.004413448705535616,1.1824380363117288,274.1690368652344,280.12
202,1.067,55.48,108.84,1453.02,10.8,Healthy,697,174,1.1916999622388178,1.1827530077231783,0.03575063185586468,-0.010495362989158652,1.1835957770531482,274.2568115234375,277.32
203,1.316,54.48,107.34,1414.49,11.65,Healthy,696,175,1.2052900895635041,1.1884796497518184,0.03150362626927272,0.01359012732468634,1.1863075661180356,272.73809814453125,267.36
204,1.055,52.41,112.95,1417.98,10.31,Healthy,695,176,1.2013116997682158,1.1935210720061487,0.026370474325448475,-0.003978389795288306,1.1881830828249695,272.8059997558594,277.8
205,1.126,53.84,111.23,1446.68,11.67,Healthy,694,177,1.1957195602091097,1.197412659989691,0.02131000007741028,-0.005592139559106091,1.1891251424982778,273.15187377929686,274.96000000000004
206,1.41,52.55,110.15,1412.18,15.18,Healthy,693,178,1.2194653199934251,1.203113073885937,0.012901195047027724,0.023745759784315368,1.1929176646861952,271.2097473144531,263.6
207,1.168,55.14,110.83,1405.09,11.38,Healthy,692,179,1.2048383017373465,1.2049015979097686,0.010872717003805554,-0.014627018256078594,1.194407744317941,270.7347045898438,273.28
208,1.069,47.85,107.4,1451.98,11.12,Healthy,691,180,1.2011214482030257,1.2060825928860937,0.009205408829441864,-0.0037168535343208298,1.19524695730375,271.7495849609375,277.24
209,1.048,50.28,110.36,1431.84,10.06,Healthy,690,181,1.1883794567954014,1.2054385188773973,0.010102538931272857,-0.012741991407624331,1.194388519740051,270.758837890625,278.08
210,1.232,52.4,103.42,1418.45,13.39,Healthy,689,182,1.1779539889146773,1.20339332672726,0.012280407812194612,-0.01042546788072407,1.1923342033865543,270.6808837890625,270.71999999999997
211,0.985,51.74,105.36,1434.66,9.44,Healthy,688,183,1.156579381913177,1.1987114388397515,0.015642956549038772,-0.02137460700150018,1.1878648507017633,272.7512451171875,280.59999999999997
212,1.151,52.68,111.35,1398.91,11.55,Healthy,687,184,1.1688492916824935,1.1954774638039647,0.01650318090394402,0.012269909769316412,1.1854879058240666,272.1794738769531,273.96000000000004
213,1.241,52.91,108.82,1406.37,11.94,Healthy,686,185,1.1699041271260935,1.1930446605494092,0.017441676316428664,0.0010548354435999663,1.1835399334866135,272.20380859375,270.36
214,1.388,54.48,110.85,1410.66,15.07,Healthy,685,186,1.1775039985777827,1.1911613817256372,0.017496476411387633,0.007599871451689166,1.1827854416229395,272.3344421386719,264.48
215,1.297,52.2,106.41,1410.89,13.14,Healthy,684,187,1.1775774001454569,1.1892259568064338,0.017269891638087415,7.340156767421391e-05,1.1821344364382014,272.36680297851564,268.12
216,1.092,49.59,113.17,1453.37,13.2,Healthy,683,188,1.1831816710322498,1.1879583798600517,0.016944691128616837,0.005604270886792939,1.1822653407624668,271.5306457519531,276.32
217,1.38,55.51,113.25,1415.8,15.7,Healthy,682,189,1.2045661459629355,1.1888161254416594,0.01746526828596177,0.021384474930685737,1.1850529414126987,270.6617004394531,264.8
218,1.161,53.49,108.47,1440.75,12.68,Healthy,681,190,1.1938944397782132,1.1880564154559738,0.01693736094700203,-0.010671706184722352,1.1861581287084482,270.9248474121094,273.56
219,1.024,53.6,107.13,1428.99,10.23,Healthy,680,191,1.1920936764085837,1.1874418805653315,0.01658564538283077,-0.0018007633696295322,1.1869000721710004,271.34947509765624,279.04
220,1.187,51.5,111.7,1443.87,13.56,Healthy,679,192,1.1960324131616724,1.1874627374288353,0.016596991129166128,0.003938736753088756,1.188041614794882,270.7824462890625,272.52
221,1.433,55.93,115.55,1417.12,16.66,Healthy,678,193,1.1978534134024914,1.1860219436561068,0.014415032232102346,0.001821000240818993,1.1892680896208778,270.6343078613281,262.68
222,1.245,52.78,111.86,1418.02,13.89,Healthy,677,194,1.2030126904290468,1.1859002362355535,0.01425159668636956,0.005159277026555387,1.1909861647219535,271.4164611816406,270.2
223,1.226,54.82,114.79,1418.38,15.58,Healthy,676,195,1.2129552890907946,1.1866891589614046,0.015432958050835612,0.009942598661747848,1.1937323052681352,270.91925659179685,270.96
224,1.474,56.8,108.54,1385.29,16.81,Healthy,675,196,1.2421293545091565,1.190272485475655,0.021065580356817677,0.029174065418361872,1.1997819364234106,268.44874877929686,261.03999999999996
225,1.018,51.48,106.06,1440.25,12.39,Healthy,674,197,1.229140078808487,1.1936848914685756,0.022985862417130645,-0.012989275700669545,1.2034517042216237,269.0535949707031,279.28000000000003
226,1.044,50.89,105.29,1426.9,11.66,Healthy,673,198,1.2323822729440193,1.1987384175372984,0.022574471679645016,0.0032421941355322836,1.2070680253119908,268.7274963378906,278.24
227,0.999,52.43,109.1,1419.0,11.87,Healthy,672,199,1.2235110951683275,1.2023825377696875,0.0218037125463213,-0.008871177775691796,1.2091234090440663,269.41359252929686,280.04
228,1.302,54.69,110.25,1439.25,13.28,Healthy,671,200,1.2277299920313642,1.2062375954300388,0.020737045125263837,0.004218896863036781,1.2114492319175116,268.88336791992185,267.92
229,1.276,52.45,109.27,1388.72,13.44,Healthy,670,201,1.2196022849000134,1.2090441478515208,0.019374495120655755,-0.008127707131350803,1.212468363540337,271.6312255859375,268.96000000000004
230,1.487,53.39,112.94,1396.37,16.81,Healthy,669,202,1.2339747701364616,1.2128039725175876,0.018272794668672487,0.014372485236448185,1.215156664364882,269.7721435546875,260.52
231,1.297,53.24,112.86,1437.77,14.71,Healthy,668,203,1.2471340745886148,1.217067466088012,0.018328246840780268,0.013159304452153187,1.2191538406428868,268.5009765625,268.12
232,1.205,55.11,105.41,1426.71,13.91,Healthy,667,204,1.2349838325527451,1.2190953118606662,0.01852792420887239,-0.012150242035869674,1.2211325896316356,268.07501220703125,271.8
233,1.271,55.15,108.13,1415.42,15.41,Healthy,666,205,1.2421834539766394,1.2223145794738945,0.01802478204747131,0.007199621423894298,1.2237639476747804,267.63637084960936,269.16
234,1.293,51.97,111.81,1420.86,12.37,Healthy,665,206,1.2587975479268565,1.2267615042417792,0.018263108123663285,0.016614093950217068,1.228143147706318,265.25718994140624,268.28
235,1.03,49.52,107.01,1432.44,10.06,Healthy,664,207,1.2495465844323959,1.2303291156598277,0.017015834493081868,-0.00925096349446064,1.230818577297093,266.72300415039064,278.8
236,1.693,59.15,110.16,1361.99,18.92,Healthy,663,208,1.2710431411508685,1.2352084308430529,0.017524239567082302,0.021496556718472615,1.2358466477788397,266.10979614257815,252.28000000000003
237,1.37,52.63,112.77,1403.82,14.13,Healthy,662,209,1.279586782259544,1.2403133702984193,0.018595990129707328,0.008543641108675448,1.2413141645889514,265.0044006347656,265.2
238,1.329,54.73,106.75,1449.11,19.01,Healthy,661,210,1.286423984021857,1.2452112832938236,0.02045767878815331,0.006837201762313061,1.246952892018086,265.31285400390624,266.84000000000003
239,1.396,53.64,109.62,1395.71,16.02,Healthy,660,211,1.2806102711858385,1.2477766777389356,0.022367233733505718,-0.005813712836018503,1.2511600644140686,266.75709228515626,264.16
240,1.416,57.17,111.32,1402.21,15.47,Healthy,659,212,1.305582168995885,1.252872817084762,0.026198004946849127,0.024971897810046606,1.2579628274868153,264.5398193359375,263.36
241,1.294,52.49,108.33,1403.36,13.57,Healthy,658,213,1.3204209429824516,1.258742061753991,0.030746501430510654,0.014838773986566522,1.2657700919237895,264.8160766601562,268.24
242,1.227,54.76,111.32,1416.74,12.87,Healthy,657,214,1.3331716568644365,1.266052765867065,0.03457053927979406,0.012750713881984899,1.2741952875413889,264.0521240234375,270.91999999999996
243,1.418,55.04,109.09,1396.28,15.64,Healthy,656,215,1.3410374093713169,1.2736065936897283,0.03782465904928224,0.007865752506880375,1.282550552770146,263.2356750488281,263.28
244,1.392,54.91,113.88,1421.1,15.46,Healthy,655,216,1.3487082214721857,1.282213656127873,0.03931778398168921,0.00767081210086884,1.2908202613579152,262.24158935546876,264.32000000000005
245,1.219,50.02,109.0,1423.37,12.82,Healthy,654,217,1.3306639946532959,1.2886596044289955,0.03876635632704492,-0.01804422681888984,1.2958007280198451,264.87567138671875,271.24
246,1.56,52.74,113.04,1418.99,16.81,Healthy,653,218,1.3493551793356706,1.2954743447454657,0.03991293941753533,0.01869118468237474,1.302495034434332,264.40338745117185,257.59999999999997
247,1.398,54.25,112.26,1386.96,17.13,Healthy,652,219,1.3617089752709033,1.303922687593343,0.039605108818762905,0.01235379593523267,1.3098967770389118,264.66399536132815,264.08000000000004
248,1.471,55.61,109.26,1398.97,17.98,Healthy,651,220,1.375067755906353,1.312781641055324,0.039670587300477296,0.013358780635449818,1.31804314939735,263.6773681640625,261.15999999999997
249,1.577,54.51,106.33,1396.18,17.68,Healthy,650,221,1.3946863446667859,1.3218408941713191,0.04191455944809542,0.019618588760432765,1.3276235488060377,262.22645874023436,256.92
250,1.379,52.78,111.17,1421.09,13.42,Healthy,649,222,1.4146375507528421,1.3328469585926823,0.04322976368327516,0.019951206086056272,1.3385002990493964,258.80597534179685,264.84000000000003
251,1.43,55.71,110.76,1391.04,16.43,Healthy,648,223,1.3951497410672449,1.3411207319204406,0.04242511851239499,-0.019487809685597268,1.345581479301632,261.2876831054688,262.8
252,1.512,56.45,112.46,1424.57,18.65,Healthy,647,224,1.4048934953701413,1.3494745127944805,0.04177509776413352,0.009743754302896424,1.3529954813101999,260.7748291015625,259.52
253,1.289,53.39,109.17,1441.66,15.96,Healthy,646,225,1.4024066457343962,1.357206690241983,0.03996593737413664,-0.002486849635745081,1.3591718768632275,262.12888793945314,268.44
254,1.413,55.89,109.4,1387.59,16.5,Healthy,645,226,1.4035412118400135,1.365402086285595,0.03549071793896807,0.0011345661056172407,1.3647180437353281,263.62871704101565,263.48
255,1.432,53.12,115.61,1397.62,17.6,Healthy,644,227,1.4046230099211674,1.372004809013947,0.032667364636804426,0.0010817980811539396,1.3697061645085598,265.0773986816406,262.71999999999997
256,1.277,52.96,105.98,1404.44,14.12,Healthy,643,228,1.4035854088725772,1.3775491067399552,0.030255512444549326,-0.0010376010485901865,1.3739410700540635,263.99998168945314,268.92
257,1.776,60.46,114.49,1449.1,20.35,Warning,642,229,1.442207266657605,1.3848181473928334,0.031886270861383,0.03862185778502769,1.3824743446295087,262.8633544921875,248.96
258,1.225,53.13,107.92,1409.27,12.59,Healthy,641,230,1.4303689034651166,1.39077358033242,0.031464708582810356,-0.011838363192488321,1.3884611644839613,263.2221740722656,271.0
259,1.25,53.44,108.66,1454.41,14.13,Healthy,640,231,1.4215991933968823,1.395632978460733,0.03010328429997867,-0.008769710068234238,1.3926034180980775,263.890380859375,270.0
260,1.65,60.31,111.11,1369.63,19.88,Healthy,639,232,1.450303485481573,1.4036089445159516,0.027386862233912426,0.02870429208469072,1.399815926521016,262.275927734375,254.0
261,1.568,54.02,109.4,1379.82,16.48,Healthy,638,233,1.4508785154749058,1.4103771669252338,0.025501221127560883,0.0005750299933326986,1.406198750140253,261.54689331054686,257.28000000000003
262,1.316,55.04,111.32,1399.1,13.35,Healthy,637,234,1.4457565262980254,1.4159803369937087,0.023171018496693778,-0.005121989176880337,1.4111434721599754,263.3822021484375,267.36
263,1.569,58.62,114.89,1382.93,17.39,Healthy,636,235,1.452609123841189,1.4211497615226978,0.022012220404183845,0.0068525975431634745,1.4163266786201278,262.52451171875,257.24
264,1.707,56.88,113.42,1388.75,18.48,Warning,635,236,1.4623729346510759,1.4256622008549837,0.02311019533805458,0.009763810809886975,1.422082460623997,261.11838989257814,251.72
265,1.491,56.71,111.21,1389.85,17.25,Healthy,634,237,1.4696815754895116,1.4293318025040949,0.0254829194745866,0.007308640838435743,1.428032349982187,261.6540893554687,260.36
266,1.894,57.58,110.9,1367.26,20.25,Warning,633,238,1.5042560730584846,1.4366055579701777,0.030169673520423913,0.03457449756897302,1.4375603153667251,259.0739715576172,244.24
267,1.255,52.26,110.82,1442.74,16.04,Healthy,632,239,1.4884147271510046,1.442173640088902,0.031573509267209705,-0.015841345907479987,1.4439171168397607,259.6989471435547,269.8
268,1.627,57.22,117.15,1425.59,16.22,Healthy,631,240,1.5103263223555365,1.449368285196978,0.03406227627547059,0.021911595204531897,1.4522182675292332,257.3257781982422,254.92000000000002
269,1.707,58.56,111.29,1415.55,20.4,Warning,630,241,1.530437061757196,1.45782800852479,0.037456511363837985,0.020110739401659528,1.461995616807729,256.0271026611328,251.72
270,1.675,58.75,111.11,1407.8,17.43,Healthy,629,242,1.5467937806960563,1.467306059909783,0.040864321043162406,0.01635671893886026,1.4725953872937705,254.91523132324218,253.0
271,1.52,58.03,109.72,1406.06,14.38,Healthy,628,243,1.5613719608088268,1.4778251633721993,0.043512557759644827,0.014578180112770456,1.483692458983153,256.00811157226565,259.20000000000005
272,1.516,55.54,109.87,1393.26,16.99,Healthy,627,244,1.5429909483424284,1.4845440754845207,0.045361709642627514,-0.01838101246639834,1.4911047701530629,255.9095458984375,259.36
273,1.636,58.51,104.95,1377.24,17.66,Healthy,626,245,1.5681876375825268,1.4937319910923483,0.047511363409708914,0.025196689240098324,1.5007401285817463,256.4606536865234,254.56
274,1.701,56.8,113.22,1402.93,17.27,Warning,625,246,1.5962265503367623,1.5053738148883402,0.04990822176367536,0.028038912754235534,1.5126759313011238,255.97470703125,251.95999999999998
275,1.679,58.46,109.96,1370.24,16.28,Healthy,624,247,1.5982413042674959,1.515236336140735,0.05278272032951983,0.0020147539307335816,1.5233716029219206,257.0912170410156,252.83999999999997
276,1.754,58.1,108.5,1370.42,19.29,Warning,623,248,1.611076679325558,1.5259162137307785,0.05499140415701097,0.012835375058062093,1.5343347374723757,256.95025634765625,249.84000000000003
277,1.455,55.77,112.61,1432.6,17.28,Healthy,622,249,1.6190262505592674,1.537467528681528,0.055148613341427545,0.00794957123370943,1.5449211766082374,254.46077880859374,261.8
278,1.584,56.89,108.8,1442.62,18.18,Healthy,621,250,1.619999691357995,1.548626899849315,0.053666835515756926,0.0009734407987276317,1.5543059909519572,254.23215026855468,256.64
279,1.487,52.98,110.08,1414.3,16.43,Healthy,620,251,1.6054761495166057,1.5581671141736837,0.04982015126923096,-0.014523541841389376,1.5607022607725383,255.728564453125,260.52
280,1.58,54.54,115.15,1425.33,18.01,Healthy,619,252,1.6111408794184736,1.5675977344356147,0.04503264283110844,0.005664729901867949,1.5670070881032803,255.4014892578125,256.8
281,1.801,58.36,109.28,1384.56,19.77,Warning,618,253,1.6040155651780108,1.574248367243583,0.04229300302121047,-0.00712531424046281,1.5716331477376217,256.15785522460936,247.95999999999998
282,1.675,54.54,108.22,1366.83,16.56,Healthy,617,254,1.6293882082957805,1.5836465993199014,0.037215454039422176,0.025372643117769655,1.5788525303073917,254.56787109375,253.0
283,2.06,61.79,115.03,1390.47,20.81,Warning,616,255,1.6617272138751698,1.5937399920878768,0.03643235508907836,0.03233900557938929,1.589211865753364,252.2076416015625,237.59999999999997
284,1.708,58.68,115.12,1407.11,18.53,Warning,615,256,1.6617957154837055,1.602497235669644,0.0359130017581546,6.850160853577592e-05,1.5982848469696567,251.7906066894531,251.68
285,1.699,57.78,108.26,1396.64,18.48,Healthy,614,257,1.663419189500951,1.6102722629233037,0.03561526113965336,0.0016234740172453854,1.6064266397860685,251.7525634765625,252.04000000000002
286,1.716,55.76,113.32,1388.86,19.98,Warning,613,258,1.6760808850808286,1.6179195245414375,0.036665068636999774,0.01266169557987773,1.6151334204479135,250.35595703125,251.35999999999999
287,1.615,58.61,113.14,1420.41,18.75,Healthy,612,259,1.6822341493779436,1.6272024046104718,0.033859038796575806,0.006153264297114935,1.6235210115641674,251.63525390625,255.39999999999998
288,1.713,60.47,107.13,1372.67,19.63,Warning,611,260,1.6873361451313331,1.6351456384470588,0.032990239552371854,0.005101995753389543,1.6314979032600632,253.83846435546874,251.48
289,1.901,59.33,115.4,1367.91,20.55,Warning,610,261,1.7015081349594934,1.6421644107552409,0.03524133199752346,0.014171989828160259,1.6402491822224918,252.28985290527345,243.96
290,1.76,58.61,114.75,1369.82,17.57,Warning,609,262,1.706956511845962,1.649412091260472,0.03671138858239264,0.005448376886468598,1.6485875984254255,251.77989501953124,249.60000000000002
291,1.635,57.02,111.03,1400.13,18.52,Healthy,608,263,1.6990628201060334,1.6552778339791703,0.03717492600157023,-0.007893691739928599,1.6548970011355015,252.5733856201172,254.60000000000002
292,1.626,57.43,114.89,1374.77,18.57,Healthy,607,264,1.709367680362147,1.6613005959660287,0.03818664779469048,0.010304860256113546,1.6617058360388324,252.02182312011718,254.96000000000004
293,1.708,57.19,115.09,1379.54,15.68,Warning,606,265,1.7173094460036413,1.6677879129424054,0.03892761443183925,0.007941765641494403,1.6686562872844335,251.27651977539062,251.68
294,1.798,58.13,113.04,1374.59,18.69,Warning,605,266,1.7370264054795868,1.6765579300066042,0.03870450630182259,0.019716959475945428,1.6772025520588276,250.62571411132814,248.07999999999998
295,1.977,61.15,112.73,1375.44,20.84,Warning,604,267,1.763916853671586,1.6867429949568116,0.04032785383454467,0.02689044819199915,1.6880418397604222,248.33725280761718,240.92
296,1.608,59.99,109.21,1366.9,17.84,Healthy,603,268,1.7514394651257579,1.696571254953328,0.03650986786838277,-0.012477388545828028,1.6959665429310893,248.32329711914062,255.67999999999998
297,1.772,55.85,112.54,1393.33,18.44,Warning,602,269,1.7577914552073577,1.7051314714140997,0.03463769406076479,0.006351990081599812,1.7036946569656228,248.19266357421876,249.12
298,1.853,58.52,114.54,1414.82,20.33,Warning,601,270,1.7423637392921145,1.7105072397752294,0.03366389207466658,-0.015427715915243168,1.7085282922564342,249.2384490966797,245.88
299,1.567,54.33,110.59,1404.63,16.96,Healthy,600,271,1.7335069656623823,1.7152879897871414,0.031258082436550046,-0.00885677362973225,1.7116506264321778,250.81992797851564,257.32
300,1.728,59.94,106.88,1427.5,18.8,Warning,599,272,1.7354169335734089,1.7200878393919716,0.028091904830306356,0.0019099679110266,1.7146214148248318,252.8206573486328,250.88
301,1.763,56.98,115.75,1421.22,18.46,Warning,598,273,1.73855480212733,1.7242527671950718,0.025624191929810646,0.003137868553921175,1.7176130882376441,252.21976318359376,249.48000000000002
302,1.756,55.64,113.01,1409.29,18.49,Warning,597,274,1.7476441857540683,1.7286134362868135,0.023434942872018066,0.009089383626738279,1.721366975427197,251.8210479736328,249.76
303,1.916,60.2,112.55,1385.85,19.67,Warning,596,275,1.7616391987767153,1.7335669731965055,0.021888638553200064,0.01399501302264694,1.7264010033458868,249.83721618652345,243.35999999999999
304,1.874,61.49,115.39,1386.78,21.11,Warning,595,276,1.7597095404261087,1.7374470668942799,0.020937684367925313,-0.0019296583506065446,1.7305645704809143,249.1215789794922,245.03999999999996
305,1.826,59.43,116.77,1405.48,20.83,Warning,594,277,1.7641870838056453,1.7412624383582587,0.020185587927698603,0.004477543379536542,1.7347673846465055,248.72962951660156,246.95999999999998
306,1.985,60.18,106.91,1372.12,20.84,Warning,593,278,1.7879660884181594,1.7471893229124007,0.019960523862880615,0.023779004612514143,1.741417222617962,246.65902709960938,240.6
307,2.191,62.33,116.23,1329.04,26.08,Warning,592,279,1.8277298487468,1.7550801341380442,0.026322507085641166,0.039763760328640485,1.752206300884067,245.15167236328125,232.36
308,2.19,63.83,111.57,1381.33,23.68,Warning,591,280,1.861679922364028,1.7647048325620698,0.03610264036763631,0.033950073617228016,1.7658905035690622,244.16307067871094,232.40000000000003
309,1.667,55.69,113.25,1371.77,20.33,Healthy,590,281,1.8535347672307994,1.7724720566788175,0.041805095717681144,-0.008145155133228554,1.7768460365267795,243.6913330078125,253.32
310,2.053,60.31,114.64,1356.17,21.75,Warning,589,282,1.8590346419580244,1.7788132425645802,0.04727129488892621,0.005499874727225018,1.7871196122056852,242.85399780273437,237.88
311,1.952,58.88,115.3,1382.43,18.83,Warning,588,283,1.88086481881784,1.7874415994773853,0.05334023331805646,0.021830176859815698,1.7988377630322048,242.7326232910156,241.92000000000002
312,2.013,58.36,112.83,1377.26,22.67,Warning,587,284,1.89696199223917,1.796719635279506,0.0595560258533493,0.01609717342132999,1.8111032916830756,243.18675231933594,239.48000000000002
313,1.941,58.98,108.97,1351.86,21.68,Warning,586,285,1.9028197322219815,1.8074167014748308,0.06338270481822064,0.005857739982811472,1.822567846750439,244.07920532226564,242.36
314,2.03,61.93,113.06,1382.13,22.38,Warning,585,286,1.931773882558032,1.8206344959345409,0.06741372786460387,0.02895415033605042,1.8362186012263881,241.8176055908203,238.8
315,2.047,61.27,115.3,1398.92,21.68,Warning,584,287,1.9524425727790307,1.8351028718815823,0.07101100393245774,0.02066869022099871,1.8507465976704685,240.16961364746095,238.11999999999998
316,1.949,60.5,116.23,1357.74,21.39,Warning,583,288,1.964194695034074,1.8501455314086985,0.07297006355826939,0.011752122255043407,1.864927609840919,239.90609741210938,242.04000000000002
317,1.913,59.43,110.55,1412.37,20.37,Warning,582,289,1.9739460478949267,1.8652323222180889,0.07365493661426725,0.009751352860852602,1.87855491459767,239.5040252685547,243.48
318,1.991,60.7,116.51,1346.12,21.51,Warning,581,290,1.9788880716200195,1.8797155804076426,0.07318778111236553,0.004942023725092781,1.8910965592254638,238.75363464355468,240.36
319,2.105,59.74,113.01,1421.33,24.25,Warning,580,291,1.994310557561184,1.8953556482166476,0.07073678654947314,0.015422485941164465,1.9039983090174288,239.18120727539062,235.79999999999998
320,2.171,61.08,115.93,1362.4,24.12,Warning,579,292,2.017227205844696,1.9122249896859178,0.0673108809097135,0.022916648283512142,1.9181519211208373,238.95452575683595,233.16000000000003
321,2.221,62.27,114.05,1372.17,25.22,Warning,578,293,2.0335633749652358,1.9285981421223894,0.06474791393831447,0.0163361691205397,1.9325783528513871,238.70118103027343,231.16
322,2.03,60.69,114.63,1336.88,22.03,Warning,577,294,2.022393285194549,1.9415757045522393,0.0625579459308395,-0.011170089770686786,1.9438052193942825,239.5614227294922,238.8
323,2.158,61.9,117.18,1370.73,23.29,Warning,576,295,2.02009872696031,1.9521369581919916,0.06146914455189664,-0.0022945582342388526,1.953341907840036,239.86377563476563,233.68
324,2.271,62.23,112.56,1371.47,23.48,Warning,575,296,2.058972802151597,1.9658328271867114,0.06081366935542582,0.03887407519128683,1.9665457696289812,238.8244140625,229.16
325,2.313,62.25,114.18,1362.46,24.96,Warning,574,297,2.077268960277733,1.9803817817413585,0.059529891373540485,0.018296158126136053,1.9803861684600752,238.9413330078125,227.47999999999996
326,2.141,66.0,115.31,1360.59,19.23,Warning,573,298,2.0896454563713274,1.9943004909115911,0.05900501143781826,0.012376496093594369,1.9940435794489817,238.90645751953124,234.36
327,2.127,62.51,120.77,1352.8,22.64,Warning,572,299,2.097160492984105,2.00764705762792,0.058049063793813784,0.007515036612777415,2.0069331936408723,237.56138305664064,234.92000000000002
328,2.201,62.42,113.05,1394.85,24.1,Warning,571,300,2.114208315185616,2.021739629825496,0.05641886582650861,0.01704782220151113,2.0203425838339655,235.9735107421875,231.95999999999998
329,2.011,59.75,119.16,1380.15,22.85,Warning,570,301,2.1129974443903143,2.0338212006143146,0.0551672299486949,-0.0012108707953015774,2.031924441403509,236.62244567871093,239.56
330,2.165,60.81,120.0,1405.64,23.47,Warning,569,302,2.1208235664477137,2.0450466001922267,0.05455319311066284,0.00782612205739941,2.0430368320340344,236.19039916992188,233.4
331,2.317,62.66,115.66,1352.57,25.94,Warning,568,303,2.1453558679156237,2.0571240117176632,0.05542154872697537,0.024532301467909967,2.055826711519233,234.6201385498047,227.32
332,2.313,63.25,115.13,1354.8,22.61,Warning,567,304,2.171461520113431,2.0702917098655638,0.05766612085896768,0.02610565219780714,2.0702810625935077,233.13085327148437,227.47999999999996
333,2.187,58.86,113.39,1388.6,23.98,Warning,566,305,2.1839958028042696,2.0839655586111805,0.058751732194900264,0.012534282690838783,2.0844954051198528,232.9777404785156,232.52000000000004
334,2.271,60.09,115.46,1330.74,22.8,Warning,565,306,2.1950547601369768,2.0973485054495664,0.05972614107849584,0.01105895733270712,2.098315324496993,232.2657470703125,229.16
335,2.126,60.18,111.24,1347.02,21.81,Warning,564,307,2.1921164202660406,2.1090077864109893,0.060037737854754275,-0.0029383398709361686,2.110040461468124,232.1361511230469,234.96000000000004
336,2.366,63.6,116.0,1385.85,25.78,Warning,563,308,2.202206938505099,2.1202506906469805,0.06068748919776135,0.010090518239058266,2.121561271097746,232.72445678710938,225.36
337,2.259,61.98,119.3,1341.24,26.51,Warning,562,309,2.217023710593401,2.133226052340237,0.059055146294075406,0.014816772088302343,2.1334940760347028,233.06842041015625,229.64
338,2.241,64.38,113.92,1327.95,25.13,Warning,561,310,2.222506527924421,2.1467199057378448,0.054292261112287146,0.005482817331019962,2.1446206325209176,232.89278259277344,230.36
339,2.238,59.92,114.83,1409.19,24.65,Warning,560,311,2.2202737368772048,2.1574733013862186,0.05157738551475878,-0.002232791047216409,2.154077270565453,232.6750030517578,230.48000000000002
340,2.294,61.52,111.51,1334.64,25.21,Warning,559,312,2.2189592004661405,2.166919317398779,0.04873583671687199,-0.001314536411064271,2.162187511803039,232.2519104003906,228.23999999999998
341,2.247,64.5,116.42,1371.71,23.79,Warning,558,313,2.2259354138578833,2.1760053145645495,0.04592374487175617,0.006976213391742814,2.1701559995598942,232.08529968261718,230.12
342,2.423,64.01,117.2,1360.36,25.95,Warning,557,314,2.2460131641050847,2.185928825972615,0.043698084895838964,0.020077750247201376,2.1796381451280427,232.04331665039064,223.07999999999998
343,2.276,63.81,115.81,1304.38,25.59,Warning,556,315,2.2509909225346365,2.1950476664625493,0.041897206430211914,0.004977758429551837,2.1885572423038666,231.7552703857422,228.96
344,2.584,68.34,116.96,1344.9,26.63,Warning,555,316,2.289648255373155,2.2068243871947386,0.04201354195397089,0.03865733283851869,2.201193618937528,230.33184509277345,216.64000000000001
345,2.576,64.14,116.72,1361.08,29.1,Warning,554,317,2.3178422149346867,2.2199589637605373,0.04395857488976496,0.02819395956153148,2.2157746934371727,228.8877685546875,216.95999999999998
346,2.232,61.94,116.65,1376.18,24.05,Warning,553,318,2.312274825073064,2.2310868942376993,0.044842679031737664,-0.00556738986162264,2.227837209891659,228.67441101074218,230.72
347,2.387,63.07,116.25,1380.54,27.33,Warning,552,319,2.3172832225115108,2.240808341064238,0.04675860953634919,0.005008397438446721,2.2390179614691403,228.0044677734375,224.51999999999998
348,2.289,59.67,116.52,1357.03,26.43,Warning,551,320,2.323841288327009,2.250131373432421,0.04852993756460974,0.006558065815498448,2.249620877326374,227.26777038574218,228.44
349,2.348,62.66,116.62,1378.3,23.65,Warning,550,321,2.3289373542454936,2.259056879706322,0.04996723719919084,0.005096065918484438,2.2595354369412637,227.52334899902343,226.08
350,2.707,67.68,121.05,1329.49,29.02,Warning,549,322,2.368786060411535,2.270834855716022,0.0537406498919777,0.0398487061660413,2.2731917648750475,226.61671447753906,211.72
351,2.37,64.14,117.91,1330.45,24.96,Warning,548,323,2.369052623588875,2.2819579013882736,0.055750663699561595,0.0002665631773401955,2.285174372214276,225.6671569824219,225.2
352,2.48,65.25,117.36,1327.44,24.93,Warning,547,324,2.3837431908659963,2.293072533406446,0.05843475078335057,0.014690567277121147,2.297495474545741,225.23382568359375,220.79999999999998
353,2.517,64.09,120.9,1321.97,26.35,Warning,546,325,2.4020363860691205,2.305041190616093,0.061266111650001925,0.018293195203124224,2.3105630884861634,224.65712280273436,219.32000000000002
354,2.296,61.68,116.82,1387.43,28.42,Warning,545,326,2.4056829106652162,2.3174018022019607,0.06164470428730509,0.0036465245960957127,2.3224530662585448,224.50767822265624,228.16000000000003
355,2.327,64.85,119.22,1330.33,26.39,Warning,544,327,2.4077949386662203,2.329990851415299,0.059343843594081305,0.0021120280010040737,2.333120800309504,225.3041778564453,226.92000000000002
356,2.284,61.81,117.22,1371.84,27.61,Warning,543,328,2.4101147137290653,2.3422694714067114,0.05518444165359877,0.0023197750628449754,2.342745039486949,224.909912109375,228.64000000000001
357,2.341,63.51,111.44,1357.09,26.83,Warning,542,329,2.4047057477648557,2.352848976984029,0.05041870347747353,-0.005408965964209589,2.350490128021687,224.96483764648437,226.35999999999999
358,2.056,60.75,117.6,1374.95,21.65,Warning,541,330,2.3914584950053666,2.3622134818154112,0.04258509263770162,-0.013247252759489125,2.355611173894647,225.76950378417968,237.76
359,2.574,67.36,117.78,1381.28,27.82,Warning,540,331,2.3907394393088235,2.368952894077789,0.03803718538401365,-0.0007190556965430694,2.360002207071419,226.13553466796876,217.04000000000002
360,2.81,68.75,118.73,1329.86,31.67,Warning,539,332,2.408247634000014,2.3749799220154775,0.03649117670634457,0.01750819469119058,2.366032885437493,225.55812377929686,207.59999999999997
361,2.533,62.85,117.9,1366.81,28.43,Warning,538,333,2.428018602344993,2.3826961738336068,0.03446587129789182,0.019770968344978712,2.37378110005093,224.80874938964843,218.68
362,2.307,60.98,114.98,1365.46,24.63,Warning,537,334,2.4228577479222064,2.3897344755276526,0.030731069029894392,-0.005160854422786354,2.3799156810348396,224.58744201660156,227.71999999999997
363,2.432,64.76,117.16,1355.05,24.79,Warning,536,335,2.4321279845709873,2.3969535886105846,0.026585635267496376,0.009270236648780905,2.3864422189768577,223.36278686523437,222.71999999999997
364,2.468,64.12,115.33,1407.18,31.43,Warning,535,336,2.440035764765208,2.4043601493118985,0.0212168273509281,0.00790778019422067,2.3931414122004013,221.95415954589845,221.28
365,2.393,62.86,119.54,1328.63,26.14,Warning,534,337,2.4180600764524716,2.407645083714628,0.019015901187953748,-0.02197568831273644,2.3962562452319096,223.24276733398438,224.28
366,2.683,67.67,117.82,1374.19,29.09,Warning,533,338,2.4397651116449715,2.4123592495850343,0.017467174908021174,0.02170503519249989,2.401694853533542,222.56328125,212.68
367,2.684,66.44,117.15,1360.23,29.67,Warning,532,339,2.4541157674404848,2.4170507546900004,0.018643278095979956,0.014350655795513312,2.4082474677719095,221.17120971679688,212.64
368,2.398,63.66,114.07,1349.56,26.06,Warning,531,340,2.446158593931854,2.4199922352141825,0.01956318678288904,-0.007957173508630788,2.4129863585419025,221.4105682373047,224.08
369,2.688,67.36,118.8,1381.44,29.73,Warning,530,341,2.472638347999966,2.424455931036499,0.023339181641799597,0.026479754068112094,2.42044285722416,220.016357421875,212.47999999999996
370,2.816,66.78,119.37,1298.52,32.65,Warning,529,342,2.5063124705431283,2.4310237664949597,0.030939919948671176,0.033674122543162266,2.431176558889031,216.16878967285157,207.36
371,2.881,70.28,120.26,1324.48,31.53,Warning,528,343,2.5469921868745495,2.440148931371325,0.0423963926847231,0.0406797163314212,2.4456535123872207,214.71603088378907,204.76
372,3.033,68.12,117.63,1301.76,31.85,Warning,527,344,2.595205142822689,2.452848891041848,0.05702833405326946,0.04821295594813968,2.4643474661916542,212.39467163085936,198.68
373,2.476,65.27,112.85,1365.28,27.02,Warning,526,345,2.619539221568048,2.4680542728126933,0.06870228912381979,0.024334078745358756,2.4837464356137033,209.58253479003906,220.96
374,3.042,71.53,121.82,1303.4,32.86,Warning,525,346,2.652773064800933,2.485523181178834,0.08002056462169044,0.03323384323288492,2.5048747642621074,208.06411743164062,198.32
375,2.573,63.09,121.15,1360.87,30.15,Warning,524,347,2.6366936745350857,2.500752917214505,0.08579373339056694,-0.01607939026584715,2.52135212804623,209.75946044921875,217.07999999999998
376,2.545,64.39,114.7,1348.66,29.51,Warning,523,348,2.6374639207642887,2.5147159384424578,0.09004880984069272,0.0007702462292029644,2.5358661021359876,210.56170349121095,218.2
377,2.69,67.92,122.11,1334.95,29.73,Warning,522,349,2.661542034235041,2.530628224196647,0.0936730624578871,0.02407811347075217,2.5515755936483693,210.94876098632812,212.40000000000003
378,2.561,66.78,118.07,1360.51,26.51,Warning,521,350,2.6695965612803745,2.5464594626439396,0.09587770360025988,0.008054527045333604,2.56632821460237,212.00082702636718,217.56
379,2.715,66.18,118.27,1338.34,28.27,Warning,520,351,2.6855339382203556,2.5628260075409495,0.09735547019480298,0.015937376939981096,2.5812289300546185,212.2509338378906,211.4
380,2.464,63.08,115.79,1332.84,27.13,Warning,519,352,2.689810835975893,2.5809427248425103,0.0937085017632135,0.004276897755537412,2.594801668294778,211.2121795654297,221.44
381,2.633,67.13,114.34,1409.97,29.4,Warning,518,353,2.6865149047294214,2.5973927110481414,0.08867811061978512,-0.0032959312464715396,2.6062658228491085,210.93653564453126,214.68
382,2.869,69.59,121.68,1325.85,31.07,Warning,517,354,2.699231248584184,2.6137337431243877,0.0827779592220335,0.012716343854762613,2.617886501065993,210.69544677734376,205.24
383,2.674,64.32,116.1,1297.52,28.79,Warning,516,355,2.7164635343279198,2.6317540724841253,0.07247248876141484,0.017232285743735698,2.6302086302237337,208.94347229003907,213.04000000000002
384,2.71,64.59,116.31,1325.97,29.04,Warning,515,356,2.7179203814681547,2.648106208048671,0.06072631622100152,0.0014568471402349736,2.6411725991292863,209.8549072265625,211.6
385,2.767,67.24,121.08,1313.79,30.4,Warning,514,357,2.714563206116225,2.661989590420211,0.04858530109145981,-0.0033571753519296976,2.650346425002654,209.82762145996094,209.32000000000002
386,2.877,68.84,114.56,1354.32,28.55,Warning,513,358,2.714280371172686,2.6731421360400867,0.03844446325775792,-0.0002828349435390898,2.658338168273908,210.09551086425782,204.92000000000002
387,2.459,63.69,112.95,1364.11,25.62,Warning,512,359,2.675286414573214,2.678480887490122,0.031841755588557785,-0.038993956599472135,2.660456699061321,211.54898681640626,221.64000000000001
388,2.801,68.23,118.76,1348.7,30.0,Warning,511,360,2.696570488602143,2.6836163052923947,0.027583754965721106,0.02128407402892929,2.6649709227539238,211.2458465576172,207.95999999999998
389,2.679,65.05,118.81,1337.89,31.04,Warning,510,361,2.670775954661866,2.68481649794979,0.026516910663902177,-0.025794533940277198,2.6656965517424167,212.49000549316406,212.83999999999997
390,2.75,63.58,119.71,1336.34,29.2,Warning,509,362,2.6825091984930824,2.687870866213657,0.02298078658857379,0.011733243831216544,2.6677981325862503,211.78278503417968,210.0
391,2.89,67.37,118.59,1327.34,32.03,Warning,508,363,2.70570889047584,2.6924205308610936,0.018632680516453993,0.02319969198275773,2.672536977322449,209.59617614746094,204.39999999999998
392,2.557,65.11,123.67,1350.34,28.43,Warning,507,364,2.697097921841178,2.6947909233681693,0.01657146857042301,-0.008610968634662264,2.6756070953872904,209.01229858398438,217.71999999999997
393,2.59,64.9,116.97,1368.87,30.18,Warning,506,365,2.698943459948726,2.6967473832793925,0.015046740597233703,0.0018455381075481725,2.67852414095747,210.410595703125,216.4
394,2.457,62.38,116.17,1364.54,28.67,Warning,505,366,2.6824126080825073,2.6965392946035363,0.015233320041474954,-0.016530851866218832,2.6790101993481,209.91055908203126,221.72
395,2.67,63.31,116.03,1357.5,29.3,Warning,504,367,2.6955230166580537,2.696920106649013,0.015124110247626287,0.013110408575546462,2.6810743015118446,209.53982849121093,213.2
396,2.957,67.84,120.05,1343.13,31.91,Warning,503,368,2.717827870438695,2.699007637696298,0.015734042988170386,0.022304853780641398,2.685668497627701,209.63639221191406,201.72
397,2.744,68.05,120.0,1362.24,29.33,Warning,502,369,2.709208986647825,2.6996728202338742,0.015953553173481964,-0.008618883790870058,2.688611058755217,209.61327514648437,210.24
398,2.566,66.98,120.41,1358.02,27.92,Warning,501,370,2.7022370979122714,2.698724391139498,0.015293268122294625,-0.006971888735553655,2.6903143136498486,209.89175720214843,217.36
399,2.699,68.07,114.47,1352.94,29.13,Warning,500,371,2.701503050772539,2.697629902426457,0.014381642613214242,-0.0007340471397325743,2.6917129057901854,209.1350830078125,212.04000000000002
400,2.553,63.76,116.71,1378.48,28.81,Warning,499,372,2.6874188483871784,2.695820278577854,0.013794540310262409,-0.014084202385360456,2.69117614861481,210.7649688720703,217.88
401,2.612,63.78,118.79,1334.75,29.28,Warning,498,373,2.669315967309478,2.69282265165364,0.014370027792868391,-0.018102881077700417,2.6884436259516433,213.50472412109374,215.51999999999998
402,2.844,68.34,120.53,1318.99,32.05,Warning,497,374,2.6946907181839377,2.6941162718943543,0.01352731639646902,0.02537475087445973,2.6892245124806804,211.8122985839844,206.24
403,2.614,66.47,117.7,1323.23,30.39,Warning,496,375,2.6821355421877295,2.6931539421333937,0.013849857066266767,-0.012555175996208146,2.688338391194062,212.04957580566406,215.44
404,2.961,69.25,121.12,1335.99,34.99,Warning,495,376,2.7018295776504235,2.6952241836659643,0.012523302276971184,0.019694035462693993,2.690024789501107,210.6170684814453,201.56
405,2.787,64.06,116.7,1299.86,30.82,Warning,494,377,2.7043559307162215,2.6966806324808403,0.012205276107000802,0.0025263530657979594,2.6918161821529965,210.0060791015625,208.52
406,2.814,66.03,122.78,1349.44,32.39,Warning,493,378,2.699007360740858,2.6962338638318415,0.011971611946778269,-0.005348569975363482,2.6927150794764794,209.10643005371094,207.44
407,2.764,66.83,121.06,1339.42,29.94,Warning,492,379,2.7125763645164596,2.6972657600101937,0.012696544757754828,0.013569003775601551,2.695197740106477,209.8280242919922,209.44000000000003
408,2.925,69.06,116.19,1358.71,33.72,Warning,491,380,2.735185344115946,2.699681885621342,0.01604535250945332,0.02260897959948638,2.700196190607661,207.76401977539064,203.0
409,2.93,69.52,116.89,1318.72,33.61,Warning,490,381,2.7660637977699167,2.7052586316005023,0.02275047189178468,0.030878453653970794,2.708429641502943,206.65606384277345,202.8
410,2.866,68.01,116.58,1332.21,32.84,Warning,489,382,2.7791088499733148,2.710831020488186,0.0294466531991767,0.013045052203398022,2.7172645425617397,205.90589904785156,205.36
411,2.904,68.63,121.12,1359.49,32.07,Warning,488,383,2.7753805384727572,2.7146678650237908,0.03384453860543981,-0.003728311500557524,2.7245290420506167,206.0142608642578,203.84
412,2.791,67.24,115.53,1370.9,29.83,Warning,487,384,2.778503218161414,2.7192874804580294,0.03757029541262802,0.00312267968865676,2.7312758140644666,207.27518005371093,208.35999999999999
413,2.907,69.19,118.61,1319.69,30.16,Warning,486,385,2.8008033966465167,2.7258585670403126,0.042651260848474794,0.022300178485102684,2.739966761887223,207.33873901367187,203.72
414,2.778,67.47,119.8,1345.11,30.5,Warning,485,386,2.805948181987686,2.732821575787989,0.046722374278399315,0.005144785341169467,2.748214439399781,209.2067840576172,208.88
415,2.832,67.58,118.83,1344.89,33.14,Warning,484,387,2.823739754297481,2.7419096361820094,0.05037540394529594,0.017791572309795,2.7576551037619934,208.1891845703125,206.72
416,2.793,66.73,119.4,1348.57,30.32,Warning,483,388,2.8352648083262584,2.7529728922497947,0.05150378030543899,0.011525054028777237,2.7673563168325264,206.29527893066407,208.28
417,2.768,67.04,115.94,1335.81,31.47,Warning,482,389,2.8302459963755804,2.7620099107959044,0.05243108173379685,-0.005018811950677993,2.7752175267754082,205.06195373535155,209.28
418,2.736,67.35,119.9,1371.39,31.19,Warning,481,390,2.8379227849491135,2.7723957269799966,0.05088581663136109,0.007676788573533155,2.7830556840471217,205.14183044433594,210.55999999999997
419,2.912,68.61,117.94,1292.83,31.66,Warning,480,391,2.834540632977414,2.7812431306684626,0.04925109738385286,-0.003382151971699443,2.7894913026634085,205.01609802246094,203.52
420,3.041,69.94,119.43,1318.7,35.16,Warning,479,392,2.851895521695468,2.791079103400412,0.04750061033951967,0.017354888718053907,2.797291830042416,204.73568420410157,198.35999999999999
421,3.022,71.21,120.73,1338.75,29.46,Warning,478,393,2.866048487610308,2.8022151785250418,0.04381073905489131,0.014152965914839832,2.8058864122384026,204.44281921386718,199.12
422,2.66,66.34,118.22,1357.06,27.67,Warning,477,394,2.859480290775464,2.8120087736089756,0.03843063373113197,-0.006568196834843665,2.8125856470555357,204.70411071777343,213.6
423,3.044,68.42,120.32,1357.57,32.29,Warning,476,395,2.867748524539765,2.820846318970564,0.03454845243604078,0.00826823376430097,2.8194810067410647,204.70746154785155,198.23999999999998
424,2.805,68.57,116.95,1366.12,29.79,Warning,475,396,2.859403772350686,2.827068983942615,0.03230995767771598,-0.008344752189079152,2.8244713524422673,204.85299682617188,207.8
425,2.944,66.45,118.92,1326.5,32.83,Warning,474,397,2.864681820609984,2.8327738486517267,0.03075413552153361,0.005278048259298007,2.829497660963232,205.96383972167968,202.24
426,2.72,64.86,118.33,1372.59,30.3,Warning,473,398,2.852615326327754,2.837922834508726,0.026650445287370605,-0.012066494282230167,2.8323873691337975,207.49668579101564,211.2
427,2.879,68.41,115.84,1320.34,32.18,Warning,472,399,2.8584398192020766,2.8432519412447705,0.021393778219706394,0.00582449287432274,2.8356439253923322,207.26207580566407,204.84000000000003
428,2.906,68.93,118.28,1355.16,32.74,Warning,471,400,2.8583720308362004,2.8470898501907493,0.018153133231670414,-6.778836587617576e-05,2.8384849385728157,207.72549438476562,203.76
429,2.638,63.87,118.8,1387.93,27.78,Warning,470,401,2.8495159822912615,2.849994370210988,0.014142673903559728,-0.008856048544938933,2.8398638190376215,207.4421173095703,214.48000000000002
430,2.953,68.01,116.53,1359.06,30.9,Warning,469,402,2.8576926006832855,2.852257893303374,0.012227948069269927,0.008176618392023993,2.8420924167433297,206.4474670410156,201.88000000000002
431,3.065,68.68,123.28,1329.06,34.23,Warning,468,403,2.8762183621322404,2.854988130223773,0.012724678555086737,0.018525761448954903,2.8463581599169436,204.01333618164062,197.40000000000003
432,2.838,66.82,122.2,1330.78,30.4,Warning,467,404,2.880762642079351,2.8583559066040247,0.012389130398530759,0.0045442799471104856,2.8506587201872446,203.025146484375,206.48
433,3.07,71.04,117.31,1292.89,31.73,Warning,466,405,2.9031144770171684,2.8627020194085615,0.015701124722368818,0.02235183493781756,2.8572156897909853,201.11314697265624,197.2
434,2.838,68.6,122.42,1344.92,32.48,Warning,465,406,2.8982248014948735,2.8669476306430592,0.01614616404194983,-0.004889675522294912,2.8623418287539715,200.412158203125,206.48
435,2.995,68.93,119.61,1305.71,34.76,Warning,464,407,2.8950296371539967,2.8698232383402944,0.01708754119497255,-0.003195164340876744,2.866427804803975,200.99208068847656,200.2
436,2.536,64.0,118.26,1335.76,29.92,Warning,463,408,2.863759312512139,2.8696706266670833,0.017133822015017508,-0.03127032464185753,2.866094243267496,203.14778747558594,218.56
437,3.232,69.07,120.15,1292.2,35.8,Warning,462,409,2.902722687409185,2.8725534531093313,0.018848807171554623,0.03896337489704571,2.870672798785207,201.6059112548828,190.72
438,3.094,71.98,122.87,1315.15,34.85,Warning,461,410,2.906244827952387,2.8751198733368386,0.020679715999640243,0.0035221405432022124,2.875119302431105,203.04940795898438,196.24
439,2.828,68.34,119.98,1337.98,32.89,Warning,460,411,2.9077304322558284,2.878341650663849,0.02179099443608813,0.0014856043034412458,2.879195693659195,203.47450256347656,206.88000000000002
440,2.575,64.12,115.42,1357.24,27.5,Warning,459,412,2.8842900108461125,2.879648863346257,0.021499209447247536,-0.023440421409715917,2.8798324833075597,204.0075225830078,217.0
441,2.915,69.31,116.58,1321.04,33.51,Warning,458,413,2.8969611434513003,2.882605251154494,0.020544070367326694,0.012671132605187818,2.881973565825527,202.22073364257812,203.4
442,2.656,65.8,114.28,1370.74,29.57,Warning,457,414,2.8827238623681364,2.884224187365564,0.019430379806500322,-0.01423728108316391,2.8820673528933534,204.819482421875,213.76
443,2.939,68.02,120.11,1328.45,33.52,Warning,456,415,2.8849533560643,2.8859962757141044,0.018068616171605476,0.0022294936961637646,2.8824281032897217,204.82047119140626,202.44
444,2.935,69.06,121.04,1315.94,32.52,Warning,455,416,2.9040146808627996,2.88962952228554,0.015506893331558847,0.019061324798499424,2.8851264254863564,203.22152709960938,202.59999999999997
445,2.732,65.48,120.02,1348.38,31.74,Warning,454,417,2.889557451698559,2.8917538456865586,0.0127583008138913,-0.014457229164240637,2.8856803037628818,202.92962951660155,210.72
446,3.042,68.86,119.95,1371.12,33.75,Warning,453,418,2.8879366682806604,2.892535066096453,0.012079807145331196,-0.001620783417898508,2.885962349327604,203.47201843261718,198.32
447,2.994,69.13,117.07,1337.66,31.01,Warning,452,419,2.898418706812389,2.893712137078656,0.011705155118079676,0.010482038531728577,2.8875193940132022,202.025732421875,200.24
448,3.02,68.43,118.41,1321.02,35.11,Warning,451,420,2.8949146792263156,2.893165483892599,0.01142274940148068,-0.003504027586073377,2.888443804664841,201.87335815429688,199.20000000000002
449,2.875,68.88,122.13,1302.65,30.39,Warning,450,421,2.8973475916200786,2.893107003234279,0.011397214211874541,0.002432912393762976,2.8895567780342457,202.76608581542968,205.0
450,2.661,68.76,116.76,1342.11,30.9,Warning,449,422,2.8755317421304887,2.8918071435660457,0.01224278107819187,-0.021815849489589922,2.887803648546276,202.93209533691407,213.56
451,3.02,68.05,120.48,1334.16,33.11,Warning,448,423,2.906536839608265,2.894658978705787,0.010023858335789022,0.031005097477776467,2.890145297429025,201.19424133300782,199.20000000000002
452,2.833,65.0,116.31,1329.83,32.69,Warning,447,424,2.8786502739999524,2.8930541511451717,0.010553643443038488,-0.027886565608312708,2.8887084195003907,202.96175231933594,206.68
453,2.665,62.98,118.83,1310.12,30.79,Warning,446,425,2.849898243797487,2.889297712201511,0.014726281996646187,-0.028752030202465306,2.883857147537528,203.91830444335938,213.4
454,3.076,69.46,119.31,1307.49,34.39,Warning,445,426,2.8669727588520963,2.886580533974596,0.014841976791053793,0.01707451505460922,2.881746598951849,203.27918395996093,196.95999999999998
455,3.188,69.69,123.74,1352.61,35.73,Warning,444,427,2.907756420335101,2.8881449612738614,0.015789779755673045,0.04078366148300461,2.8849978266247556,200.61326293945314,192.47999999999996
456,2.866,68.11,121.13,1368.23,32.08,Warning,443,428,2.904507324831528,2.888648040032544,0.016205478737811474,-0.0032490955035728852,2.887436513900602,202.7217529296875,205.36
457,3.196,70.96,119.94,1300.69,32.54,Warning,442,429,2.940550084593017,2.8925031215142027,0.020895056021201668,0.03604275976148896,2.894075710237154,199.21483459472657,192.16000000000003
458,2.886,65.57,119.0,1350.52,31.9,Warning,441,430,2.9370483709556665,2.8959761225069602,0.023692677254536602,-0.003501713637350523,2.899447292826968,198.06651916503907,204.56
459,2.814,64.61,117.51,1313.35,29.51,Warning,440,431,2.9291428552849155,2.897651334135101,0.025145462682964873,-0.00790551567075104,2.9031592381342115,198.7673553466797,207.44
460,2.777,67.43,115.11,1372.07,30.76,Warning,439,432,2.9319626305031012,2.900478346055404,0.02651683331820811,0.0028197752181857716,2.9067596621803227,200.33368225097655,208.92
461,3.116,70.25,118.55,1329.58,32.79,Warning,438,433,2.9371388004882117,2.9037584882025747,0.027863570096593772,0.005176169985110501,2.9105570544688084,199.77023620605468,195.36
462,2.753,66.14,119.01,1363.23,28.74,Warning,437,434,2.9213779625375422,2.9052891052509175,0.028178120085455317,-0.015760837950669515,2.9119096679774,202.63152465820312,209.88
463,2.98,66.33,120.69,1293.27,34.87,Warning,436,435,2.9186382441131684,2.9068706762433743,0.02821997850139149,-0.002739718424373816,2.912750739994371,202.92819519042968,200.79999999999998
464,2.785,67.78,119.08,1355.64,32.03,Warning,435,436,2.912814652531122,2.9079018136374444,0.02812958998882446,-0.005823591582046372,2.9127587290614647,203.2627380371094,208.6
465,2.8,69.11,118.04,1339.85,30.79,Warning,434,437,2.9214883992011105,2.9109655907754854,0.02682457093757684,0.008673746669988436,2.91384993782892,203.36835327148438,208.0
466,3.023,69.62,122.47,1347.6,33.49,Warning,433,438,2.9216952384988186,2.9119761507015225,0.02693112845322228,0.00020683929770815013,2.914830600412657,203.2587646484375,199.08
467,2.811,66.02,119.02,1359.59,30.6,Warning,432,439,2.9202782744115328,2.9147513507289613,0.025350098180958677,-0.0014169640872858658,2.9155115596625167,202.90879516601564,207.56
468,2.806,67.32,120.6,1341.13,31.61,Warning,431,440,2.9290702620456206,2.920029485278837,0.018083160806812194,0.008791987634087839,2.9172063974604048,201.80262756347656,207.76
469,3.037,67.28,115.78,1314.96,32.52,Warning,430,441,2.926355890864951,2.923988360746361,0.010582757643310042,-0.002714371180669417,2.918350084135973,201.03775329589843,198.52
470,3.106,71.54,110.83,1341.87,35.45,Warning,429,442,2.920471126376702,2.9248360078158004,0.009658616048083315,-0.00588476448824915,2.918615214416064,200.8554473876953,195.76
471,2.962,68.78,120.48,1330.57,32.25,Warning,428,443,2.926849979073065,2.92632551809857,0.0078538671576182,0.006378852696363069,2.919644559998189,199.77765502929688,201.52
472,2.767,64.25,115.04,1322.46,29.89,Warning,427,444,2.8975694987351037,2.923460145708042,0.009874137156676212,-0.02928048033796138,2.9168851773403035,200.1940887451172,209.32000000000002
473,2.788,66.64,118.2,1320.37,30.69,Warning,426,445,2.8911656588073034,2.9204012982314844,0.012197558259084867,-0.006403839927800359,2.9136702375236783,201.28688049316406,208.48
474,2.876,68.58,118.5,1303.71,30.87,Warning,425,446,2.8952301347791565,2.9181404501977672,0.013531516457949226,0.00406447597185311,2.911365224680613,201.7128479003906,204.96000000000004
475,2.911,67.7,123.44,1323.2,32.45,Warning,424,447,2.903992137271266,2.9162757506489783,0.013417453056396732,0.008762002492109566,2.910443588754445,201.51256103515624,203.56
476,2.715,66.02,119.29,1368.53,29.16,Warning,423,448,2.877027679162414,2.912268342560592,0.015548649744558135,-0.026964458108852174,2.9062666000554414,203.81919860839844,211.4
477,2.971,66.9,120.24,1335.38,33.29,Warning,422,449,2.891448956261664,2.910273075475533,0.016202716776017676,0.01442127709925023,2.904414394581219,202.37427673339843,201.16
478,2.875,68.72,121.34,1324.62,33.2,Warning,421,450,2.884352971927442,2.9079873906631515,0.017318245598661918,-0.007095984334222205,2.9019067167494965,202.36739807128907,205.0
479,2.604,64.46,118.54,1367.51,27.71,Warning,420,451,2.87305844006,2.90533697649841,0.019439028365348016,-0.011294531867442004,2.8983006821633093,203.30352172851562,215.84
480,2.721,63.26,117.18,1325.61,29.77,Warning,419,452,2.867993642484818,2.9017706593839905,0.02110033582427957,-0.005064797575181856,2.894512302203498,204.21965637207032,211.16
481,2.785,66.51,121.39,1342.86,31.23,Warning,418,453,2.8518825244622774,2.8971164784482206,0.02390465369648402,-0.016111118022540616,2.889183579985845,204.4034454345703,208.6
482,2.849,69.11,116.32,1333.6,30.77,Warning,417,454,2.854395312496151,2.8927242809871956,0.025353659649745355,0.0025127880338735586,2.8848350465496337,205.67235412597657,206.04
483,3.143,69.71,121.67,1339.99,35.18,Warning,416,455,2.8777120773280984,2.8893004020060276,0.023494383093668747,0.023316764831947445,2.883944675396942,204.29188842773436,194.28
484,2.895,70.66,115.5,1300.56,32.57,Warning,415,456,2.867938376836806,2.8854059010708175,0.021685288494194065,-0.009773700491292558,2.881943888076925,204.6556182861328,204.20000000000002
485,2.733,67.24,118.91,1324.66,31.47,Warning,414,457,2.8425119290280327,2.8802086212475735,0.02202056079392889,-0.025426447808773123,2.8770148931958133,205.41546630859375,210.67999999999998
486,2.892,68.53,119.83,1299.38,31.02,Warning,413,458,2.8377024861672866,2.8742654550538544,0.020511683536589345,-0.004809442860746138,2.8721008423172476,204.86399841308594,204.32000000000002
487,2.805,67.06,123.02,1334.01,29.63,Warning,412,459,2.840188573551646,2.870440060041624,0.02119443821433267,0.0024860873843595144,2.8681118087215474,205.04815673828125,207.8
488,2.907,68.06,115.53,1361.31,31.57,Warning,411,460,2.848131223568652,2.867571097692381,0.02110099612282606,0.007942650017005892,2.865614235577435,206.2602325439453,203.72
489,2.945,68.11,118.17,1321.63,31.14,Warning,410,461,2.8528280822136245,2.8647442941880117,0.019939194039650273,0.00469685864497249,2.8640159664069587,205.12435913085938,202.2
490,3.039,68.9,122.29,1316.81,34.16,Warning,409,462,2.861713018455904,2.861925686266988,0.016723865778326425,0.008884936242279373,2.8637280979130773,203.72452087402343,198.44
491,2.854,68.48,119.96,1356.48,29.88,Warning,408,463,2.87071549733976,2.8615048741454774,0.016392859853907718,0.009002478883856302,2.864601522841413,202.94800720214843,205.84
492,3.103,68.53,121.07,1348.33,37.17,Warning,407,464,2.8800101851671753,2.8607422894058447,0.015116777360200026,0.00929468782741516,2.8665276056321334,202.097265625,195.88
493,2.994,67.33,117.57,1328.36,34.62,Warning,406,465,2.8880823049213817,2.860990911605441,0.015557089180756578,0.008072119754206408,2.8692219430432897,201.78156127929688,200.24
494,2.752,65.08,117.03,1357.48,30.28,Warning,405,466,2.897216813886504,2.8626014698605413,0.0179604816543191,0.009134508965122468,2.8727213018986917,201.5198974609375,209.92000000000002
495,3.189,73.77,124.25,1296.84,36.21,Warning,404,467,2.928866208393048,2.8666596409210903,0.02482943728059456,0.03164939450654369,2.8797394152104867,200.09414978027343,192.44
496,2.907,68.96,119.31,1364.96,29.85,Warning,403,468,2.9367587915932085,2.8723180587298187,0.030291766623053322,0.007892583200160619,2.886866837258327,200.19739685058593,203.72
497,2.733,67.05,119.34,1390.62,33.34,Warning,402,469,2.929400063721808,2.877318375478196,0.033175247549539905,-0.007358727871400461,2.892183490566262,200.4436004638672,210.67999999999998
498,3.106,68.37,120.35,1336.15,33.4,Warning,401,470,2.9267679329481067,2.8805887658528633,0.03554979468938968,-0.002632130773701391,2.8965065458639927,200.76077575683593,195.76
499,3.171,71.47,118.07,1275.62,34.72,Warning,400,471,2.9457740804979147,2.885777812763604,0.0390770579568645,0.019006147549808006,2.902664987693233,199.81080932617186,193.16000000000003
500,2.854,67.51,121.46,1325.0,28.98,Warning,399,472,2.9534138551852163,2.893171274507416,0.04076148287869235,0.007639774687301593,2.909008596129731,200.5041076660156,205.84
501,2.784,67.38,119.96,1354.27,31.26,Warning,398,473,2.946487094830045,2.9004235817515993,0.03985494199672472,-0.0069267603551712575,2.91369340846727,200.56453857421874,208.64000000000001
502,2.834,66.04,124.77,1329.01,29.74,Warning,397,474,2.9483365253421576,2.9076334452043002,0.03791484029792253,0.0018494305121126153,2.918023798076631,200.24013977050782,206.64000000000001
503,2.968,68.95,117.27,1359.58,32.78,Warning,396,475,2.9523854648967047,2.9145837279595037,0.03572026639513396,0.004048939554547104,2.9223190064291398,199.6402587890625,201.28
504,3.053,68.84,122.38,1340.28,32.88,Warning,395,476,2.959690107652038,2.9217078629887316,0.03308285080943215,0.007304642755333379,2.926990394082002,200.11176452636718,197.88
505,2.948,67.38,116.41,1317.06,31.03,Warning,394,477,2.953547764976893,2.9278301794234642,0.029489473736646805,-0.00614234267514524,2.9303100654438636,200.94888610839843,202.07999999999998
506,2.878,69.01,119.66,1336.79,30.62,Warning,393,478,2.9550999306284043,2.9334558083093736,0.02560921119654444,0.0015521656515113946,2.9334087985919313,200.8036895751953,204.88
507,3.089,67.49,122.97,1305.89,34.27,Warning,392,479,2.954121933840917,2.9383965915542896,0.021357714897262608,-0.0009779967874874451,2.9359979404980545,201.1120361328125,196.44
508,2.818,68.21,113.73,1335.07,29.33,Warning,391,480,2.9425570965856664,2.9420282443319086,0.016199816209580928,-0.011564837255250371,2.936817835009006,201.7621276855469,207.28000000000003
509,3.021,70.21,119.61,1316.76,32.26,Warning,390,481,2.9600965186966453,2.946220224652585,0.011112683834125659,0.01753942211097881,2.939727670469961,200.85712585449218,199.16
510,2.824,66.1,117.54,1364.64,31.93,Warning,389,482,2.935277681356002,2.9466476561834485,0.010504153245669248,-0.024818837340643274,2.939171421830716,201.33602905273438,207.04000000000002
511,2.933,67.17,117.84,1379.89,35.65,Warning,388,483,2.937001486777515,2.946663835862402,0.010488007812710766,0.0017238054215131804,2.938900179949066,200.78629455566406,202.68
512,2.853,67.34,120.08,1305.87,32.0,Warning,387,484,2.9445994181438895,2.947677126157208,0.00937625779746692,0.007597931366374322,2.939612584723419,199.56033020019532,205.88
513,2.863,68.19,121.98,1294.54,30.3,Warning,386,485,2.928133865336988,2.947768188316467,0.009162888043089602,-0.016465552806901318,2.938177744800115,199.71756896972656,205.48000000000002
514,2.816,67.12,118.56,1333.79,30.5,Warning,385,486,2.9038380808853654,2.9449724550089633,0.014599548046033544,-0.024295784451622726,2.933885286810771,201.96077575683594,207.36
515,3.076,70.34,120.97,1292.78,33.88,Warning,384,487,2.9189106872256296,2.942672243811657,0.015839934103965288,0.015072606340264194,2.9320134618626286,200.70022583007812,196.95999999999998
516,2.766,69.54,118.88,1342.7,29.97,Warning,383,488,2.9177696276436906,2.940757745999234,0.017036215310460536,-0.0011410595819389968,2.9302329825852613,201.30413818359375,209.36
517,2.767,66.14,118.61,1358.13,31.61,Warning,382,489,2.913479328912426,2.9384339329039184,0.0182618442629211,-0.004290298731264741,2.9281387758761572,202.82315979003906,209.32000000000002
518,3.198,68.21,118.46,1352.97,35.46,Warning,381,490,2.929659900625554,2.936918895285842,0.017961939314397903,0.016180571713128256,2.928328916469832,201.16787414550782,192.07999999999998
519,3.029,70.5,122.94,1333.0,34.49,Warning,380,491,2.927998622495122,2.934806129608714,0.016926150872487597,-0.0016612781304319313,2.9282876297229934,199.9226867675781,198.84
520,2.526,67.26,117.9,1349.44,27.38,Warning,379,492,2.9015813045073657,2.931341698910745,0.018094059942502995,-0.026417317987756483,2.92494933907104,201.5605712890625,218.96
521,2.801,67.8,119.8,1296.41,32.54,Warning,378,493,2.896553446195438,2.9274385999485477,0.018899709564743898,-0.005027858311927869,2.9213998524615894,201.93662109375,207.95999999999998
522,2.617,63.92,115.68,1349.74,28.57,Warning,377,494,2.865392305892278,2.9215232914186386,0.023320232595458092,-0.03116114030315975,2.9143989091404254,202.5906188964844,215.32
523,2.748,66.55,117.34,1344.16,28.97,Warning,376,495,2.8608562354651794,2.9160765673439397,0.027264228457494006,-0.004536070427098693,2.9077060749310197,204.49517822265625,210.07999999999998
524,2.423,62.13,116.1,1372.93,29.48,Warning,375,496,2.8226697055565437,2.9069147798012662,0.03373716115012325,-0.03818652990863569,2.89707652875921,206.02126770019532,223.07999999999998
525,2.875,68.84,115.42,1320.64,29.26,Warning,374,497,2.82609993925669,2.899636263661312,0.03860669529666954,0.003430233700146168,2.888204455071395,205.47927551269532,205.0
526,2.727,64.52,114.14,1334.06,29.04,Warning,373,498,2.8123140294071,2.891323766503284,0.043143635075845115,-0.013785909849589828,2.878718151863358,205.85616455078124,210.92
527,2.91,67.74,117.96,1301.96,31.2,Warning,372,499,2.8162048220965747,2.882764126766796,0.04453311346673619,0.003890792689474676,2.8709039856425105,205.30013122558594,203.6
528,2.661,64.44,119.27,1296.56,32.53,Warning,371,500,2.8029662383506038,2.8744196183010375,0.04707865927307531,-0.013238583745970978,2.862411767231022,205.46754455566406,213.56
529,2.92,68.47,117.89,1309.62,34.47,Warning,370,501,2.8100514823279186,2.8681671783972074,0.049077939575643346,0.0070852439773148035,2.8558667316181343,204.6158020019531,203.2
530,2.848,67.09,116.54,1303.04,33.27,Warning,369,502,2.7939836315435587,2.859838708018403,0.05043302616531143,-0.016067850784359905,2.8481313441088125,205.449951171875,206.08
531,3.139,70.52,118.8,1330.45,34.1,Warning,368,503,2.820138684533085,2.8533299784776958,0.048692555024404414,0.02615505298952625,2.8446322616618467,204.03215942382812,194.44000000000003
532,3.129,70.19,119.64,1312.16,37.57,Warning,367,504,2.8452543530119296,2.848781646750996,0.045771536971108966,0.02511566847884472,2.8447100230806073,202.91214904785156,194.84000000000003
533,3.039,67.87,119.35,1316.23,33.9,Warning,366,505,2.833612558790163,2.842378490628637,0.04000381545072731,-0.011641794221766588,2.843322840044302,203.322314453125,198.44
534,2.875,68.82,124.67,1314.58,32.9,Warning,365,506,2.82289669193425,2.835371695257912,0.03242197148280673,-0.010715866855913081,2.8407695715305454,204.8405029296875,205.0
535,3.226,70.96,123.99,1247.59,35.72,Warning,364,507,2.870047456053645,2.8332694386943307,0.028621898556322124,0.04715076411939512,2.844429307095933,202.68707885742188,190.96
536,2.699,64.81,120.76,1378.24,29.62,Warning,363,508,2.863524471695676,2.831067507061013,0.024358566915244857,-0.006522984357969275,2.846816202670901,204.69618225097656,212.04000000000002
537,2.725,69.89,121.27,1321.73,29.65,Warning,362,509,2.8702325341337764,2.8313901889437796,0.02487239236460491,0.006708062438100626,2.8497432441037605,206.1733856201172,211.0
538,2.927,69.06,117.07,1324.56,31.93,Warning,361,510,2.8820056326569987,2.8328001487565677,0.02715663306466471,0.01177309852322228,2.8537760426729153,205.664404296875,202.92000000000002
539,3.282,71.31,118.64,1283.89,36.89,Warning,360,511,2.9381393431898357,2.840498124598787,0.038200220264075845,0.056133710532837,2.8643214552375302,202.69469299316407,188.72
540,2.918,70.38,116.74,1355.48,32.57,Warning,359,512,2.940964025621531,2.848155730356443,0.04585388379968229,0.0028246824316950914,2.8739017765355306,203.86485595703124,203.28
541,2.925,71.09,122.89,1336.89,32.14,Warning,358,513,2.953620794888877,2.8575761813885614,0.052059841994140356,0.012656769267346046,2.883866653829699,202.02422790527345,203.0
542,2.741,66.45,117.08,1324.77,32.11,Warning,357,514,2.942823111684878,2.8660174006944485,0.05505180487705343,-0.010797683203998876,2.8912362110615963,201.30252990722656,210.36
543,3.104,70.46,117.49,1316.18,30.28,Warning,356,515,2.971610259326302,2.8772603354261617,0.058375732533495615,0.02878714764142387,2.9012829670946845,199.12496643066407,195.84
544,3.11,68.5,119.58,1361.44,34.87,Warning,355,516,2.9844342065680274,2.888885850375502,0.06132471293783168,0.01282394724172553,2.9116768720288526,199.6704071044922,195.60000000000002
545,3.09,69.59,119.94,1323.9,34.92,Warning,354,517,3.0004411786713407,2.9026496868506877,0.06167113127071561,0.016006972103313366,2.9227724103591637,198.29271545410157,196.4
546,2.882,67.64,119.96,1331.89,33.2,Warning,353,518,2.9832008760166766,2.9135204996162605,0.06044738448245508,-0.01724030265466414,2.930325968566353,198.7785858154297,204.72000000000003
547,2.876,68.16,119.88,1315.5,31.55,Warning,352,519,2.9661765175615113,2.9215819772528993,0.05873182770570325,-0.017024358455165256,2.934807287190748,198.52558288574218,204.96000000000004
548,2.793,67.64,116.69,1298.67,30.99,Warning,351,520,2.9500098869890814,2.929341799132827,0.05375758493479795,-0.016166630572429952,2.9367076121655398,199.90344848632813,208.28
549,3.005,69.88,121.74,1326.23,34.34,Warning,350,521,2.958634538656867,2.938390988914335,0.04532224094438302,0.008624651667785699,2.939448477976956,199.7772186279297,199.8
550,2.836,67.88,117.42,1345.37,33.13,Warning,349,522,2.9318776122705628,2.942512999328796,0.0412952767816819,-0.026756926386304336,2.9385021197636565,200.9351593017578,206.56
551,2.827,65.63,118.57,1362.85,30.7,Warning,348,523,2.93990842261002,2.9476052627230858,0.03510476921988987,0.008030810339457073,2.9386779076194522,200.56065063476564,206.92000000000002
552,2.946,67.1,121.39,1283.25,32.75,Warning,347,524,2.9540843364174063,2.9531953828753275,0.027825380403738952,0.014175913807386475,2.9406037112191963,200.14787902832032,202.16000000000003
553,2.942,67.66,118.05,1308.17,34.54,Warning,346,525,2.955077539873813,2.9580668433564483,0.019674349136287617,0.0009932034564066328,2.9424129398010233,199.9573547363281,202.32
554,2.94,68.04,118.22,1320.21,29.58,Warning,345,526,2.9309762309965373,2.9575893025435622,0.020270484404382783,-0.024101308877275684,2.9409833512004626,201.32988586425782,202.40000000000003
555,3.097,71.45,122.06,1325.07,33.17,Warning,344,527,2.9431956555191277,2.9577380778700686,0.02014756412483318,0.012219424522590394,2.9412598892402957,200.5722412109375,196.12
556,3.045,67.66,118.13,1324.55,35.4,Warning,343,528,2.9512981324608107,2.9575832337081973,0.020190347745731155,0.00810247694168309,2.94251466964286,200.30777587890626,198.2
557,2.996,68.43,119.02,1327.5,34.38,Warning,342,529,2.967775204874296,2.959246706587492,0.019913401684570894,0.01647707241348506,2.9456722365467893,199.30934143066406,200.15999999999997
558,3.074,71.09,121.83,1335.3,34.49,Warning,341,530,2.9656927802229727,2.9588522079806037,0.019708536810299625,-0.0020824246513231337,2.9481748045063125,199.16547241210938,197.04000000000002
559,2.904,67.69,124.56,1314.93,31.36,Warning,340,531,2.9517353201125607,2.956672282216906,0.01844470543662028,-0.01395746011041199,2.9486198689570937,199.01734924316406,203.84
560,3.075,70.37,121.96,1346.8,32.68,Warning,339,532,2.9506908343640474,2.953355592596419,0.013933400754018156,-0.0010444857485132353,2.948878739632963,199.62802429199218,197.0
561,3.089,69.59,121.71,1335.1,33.21,Warning,338,533,2.9646207514621494,2.952116917626118,0.01174461371563502,0.013929917098101985,2.9508464911116112,199.1676239013672,196.44
562,2.848,68.01,120.41,1330.59,33.34,Warning,337,534,2.9628181516927428,2.9518930265681997,0.01148662411780037,-0.0018025997694066653,2.9523429486842527,200.19642639160156,206.08
563,3.229,70.72,118.69,1353.75,34.71,Warning,336,535,2.992211701512222,2.9547064808697425,0.01547004462246648,0.02939354981947906,2.957326542787749,198.60378723144532,190.84
564,2.955,69.6,120.02,1366.49,32.64,Warning,335,536,2.988890128459057,2.9567235201898883,0.017813673197338332,-0.003321573053164606,2.961271990996663,198.30247802734374,201.8
565,3.108,67.65,120.57,1345.12,33.21,Warning,334,537,3.0068669297681487,2.961722808023061,0.0206410245803224,0.017976801309091517,2.9669713583430983,197.04224548339843,195.67999999999998
566,3.277,70.94,122.46,1249.77,37.14,Warning,333,538,3.0371645877912727,2.9682065523684775,0.0274509135324873,0.030297658023124008,2.9757455120241203,196.3881591796875,188.92
567,3.248,71.68,121.78,1352.33,35.03,Warning,332,539,3.0576256474591523,2.9751093064379277,0.03548777911385342,0.02046105966787959,2.9859805289534993,195.09509887695313,190.07999999999998
568,3.122,70.9,121.68,1341.38,34.22,Warning,331,540,3.0695020117276353,2.9827376045615157,0.04248293916921029,0.01187636426848293,2.9964207143002666,195.40633544921874,195.12
569,3.07,71.87,119.64,1370.63,31.58,Warning,330,541,3.077974864528082,2.9925375134636183,0.04645852556054097,0.008472852800446962,3.006614983078743,193.88199462890626,197.2
570,3.275,70.89,121.79,1343.49,33.92,Warning,329,542,3.090233594191007,3.0023400427084104,0.0506289625692833,0.01225872966292485,3.0170673094677762,193.42831726074218,189.0
571,3.242,73.39,118.38,1352.64,35.67,Warning,328,543,3.103564552789797,3.0124911373970096,0.054760217507542314,0.013330958598789966,3.027879464883029,193.2021728515625,190.32
572,3.056,68.51,119.53,1346.54,31.89,Warning,327,544,3.1074621370715576,3.0218035995434938,0.05837115652075677,0.003897584281760569,3.037827298906595,193.48335876464844,197.76
573,3.037,71.33,123.7,1357.8,36.15,Warning,326,545,3.105035770056978,3.031093132199094,0.05987214096911877,-0.0024263670145794336,3.046228357800393,193.75857849121093,198.52
574,2.854,68.91,119.92,1381.17,28.71,Warning,325,546,3.1019435520331444,3.0411070143271326,0.05818896423448566,-0.0030922180238337482,3.053192757079487,193.8386199951172,205.84
575,3.196,69.4,121.13,1324.95,34.12,Warning,324,547,3.110086794072903,3.051733411641057,0.05496277794894491,0.00814324203975847,3.060304511703664,193.9569549560547,192.16000000000003
576,3.169,70.98,125.76,1286.94,34.88,Warning,323,548,3.1154479399705375,3.061788557541616,0.051580058168063395,0.005361145897634589,3.067197440237023,194.49984130859374,193.23999999999998
577,3.361,72.17,118.76,1305.2,36.49,Warning,322,549,3.149343370715024,3.0742235721431013,0.04840181066753709,0.03389543074448653,3.077465681546773,193.1041229248047,185.55999999999997
578,3.253,72.21,118.74,1325.94,34.35,Warning,321,550,3.150989505959464,3.084808759106251,0.046510108568842114,0.0016461352444401278,3.0866561595983595,192.59894409179688,189.88
579,3.408,72.34,126.73,1311.25,36.24,Critical,320,551,3.1813357991049402,3.0976384704826434,0.04466760261152187,0.0303462931454761,3.098491114536682,190.923486328125,183.68
580,3.112,69.55,120.79,1296.97,32.94,Warning,319,552,3.1815964755658968,3.10928710686916,0.04200921598866389,0.0002606764609565104,3.108879284665334,190.79940185546874,195.51999999999998
581,3.396,74.62,121.77,1274.3,36.99,Warning,318,553,3.18990521280283,3.119469815203263,0.041789563976363096,0.008308737236933261,3.119007525682521,189.8158447265625,184.16
582,3.155,70.25,117.93,1305.93,37.25,Warning,317,554,3.1836765958034534,3.12787321175955,0.041133667726199155,-0.006228616999376602,3.127091159447638,191.0478302001953,193.8
583,3.361,73.48,123.28,1329.74,37.07,Warning,316,555,3.1998581947746794,3.136563623962686,0.04168717900810133,0.016181598971225952,3.1361870388635182,190.15878295898438,185.55999999999997
584,3.034,68.97,121.57,1363.05,34.92,Warning,315,556,3.197568273964868,3.1445365179251388,0.04111387628883013,-0.0022899208098112744,3.143859693251187,191.13601989746093,198.64000000000001
585,3.298,74.18,119.05,1335.28,36.93,Warning,314,557,3.199143864640455,3.151797202621769,0.040450413369033905,0.0015755906755869908,3.1507702146748455,191.0600128173828,188.07999999999998
586,2.974,67.75,119.49,1354.55,34.16,Warning,313,558,3.1817388746826265,3.1570088240812906,0.03879433263707742,-0.017404989957828576,3.154641297175818,193.02638549804686,201.04
587,3.241,70.25,120.61,1316.15,32.02,Warning,312,559,3.193920047005978,3.1627726847435853,0.037301126241832815,0.012181172323351586,3.159551140904588,192.07625427246094,190.36
588,3.357,74.5,122.78,1273.82,36.53,Warning,311,560,3.2152030418000046,3.1701171695264536,0.035941922833308916,0.02128299479402651,3.166507628516515,191.6076904296875,185.72
589,3.223,70.34,118.54,1308.85,37.15,Warning,310,561,3.2383676134744186,3.1792121069558723,0.03469789836335665,0.023164571674413992,3.175490126636253,190.41238403320312,191.08
590,3.153,72.78,124.05,1316.66,33.94,Warning,309,562,3.2355562633546238,3.18757673824132,0.03185017082559146,-0.002811350119794831,3.182998393726049,190.22013244628906,193.88
591,3.447,74.36,124.97,1296.7,40.21,Critical,308,563,3.254449395315077,3.196843501930956,0.02949983344698273,0.018893131960453058,3.1919297689246777,187.38595275878907,182.12
592,3.315,71.6,120.98,1315.46,38.39,Warning,307,564,3.2513024774696064,3.203640775714595,0.02951977063335153,-0.0031469178454703872,3.199351357492794,187.52679748535155,187.40000000000003
593,3.267,68.68,121.06,1326.36,35.33,Warning,306,565,3.252238172910055,3.210390686844634,0.028165286789180503,0.0009356954404484696,3.2059622094199516,188.21304321289062,189.32000000000002
594,3.357,72.18,121.8,1330.92,36.27,Warning,305,566,3.248700068232421,3.2148816381197993,0.028569289042163794,-0.0035381046776339353,3.21130444177151,188.95928955078125,185.72
595,3.756,75.96,122.59,1286.07,40.0,Critical,304,567,3.2937696134773407,3.2223598473138955,0.03349138086109335,0.045069545244919684,3.221612588234739,187.07929077148438,169.76
596,3.544,75.65,122.16,1260.92,38.17,Critical,303,568,3.3041478376933036,3.229976022306594,0.038237319591901374,0.010378224215962906,3.2319294944170593,187.09301147460937,178.23999999999998
597,3.556,76.38,122.66,1291.59,37.51,Critical,302,569,3.3311860250267222,3.239809984254812,0.044011785902130986,0.027038187333418673,3.244336560743267,185.56856689453124,177.76
598,3.457,72.09,126.77,1308.11,38.59,Critical,301,570,3.3377290982542807,3.249001377820119,0.0491668470217356,0.006543073227558427,3.256010627932144,185.11843872070312,181.72
599,3.427,74.05,124.93,1335.54,35.81,Critical,300,571,3.3629917831201035,3.260029611763801,0.05501131248229474,0.025262684865822838,3.269383272330639,183.09903564453126,182.92000000000002
600,3.053,70.63,122.66,1314.84,34.37,Warning,299,572,3.347533529829587,3.2699222561097434,0.05659967081309719,-0.01545825329051631,3.2791520545180073,184.51841735839844,197.88
601,3.321,73.5,122.85,1325.2,37.35,Warning,298,573,3.369214309993751,3.282420618463818,0.05643503571597913,0.02168078016416386,3.290409836452475,183.3328430175781,187.16000000000003
602,3.362,73.0,119.38,1318.29,34.82,Warning,297,574,3.3771096024065708,3.2946332554905244,0.055732274935144405,0.007895292412819721,3.301247307196737,183.53070983886718,185.51999999999998
603,3.163,67.56,120.88,1322.79,36.81,Warning,296,575,3.3646016009824007,3.3045931594360174,0.053840787643590085,-0.012508001424170079,3.3091665939199446,183.2191375732422,193.48
604,3.282,71.3,124.12,1336.38,36.77,Warning,295,576,3.368401737718746,3.3132621010523056,0.052875918965674285,0.003800136736345383,3.3165709868947943,184.03302917480468,188.72
605,3.169,68.79,117.87,1307.0,35.84,Warning,294,577,3.3694025781039185,3.3221851887022584,0.05004377572518616,0.0010008403851724523,3.323174935795935,183.04097595214844,193.23999999999998
606,3.471,72.94,124.42,1293.78,37.2,Critical,293,578,3.3710447243151984,3.3299582106356005,0.04777486735313693,0.0016421462112798935,3.3291586593608424,184.0619873046875,181.16
607,3.611,75.97,129.47,1299.19,40.53,Critical,292,579,3.3912557556161995,3.3392884291787066,0.04489591239616363,0.020211031301001103,3.336920796392762,183.46869201660155,175.55999999999997
608,3.665,75.44,126.64,1282.66,41.78,Critical,291,580,3.4182663247129628,3.350356972632234,0.04229241096412713,0.02701056909676325,3.347088987432787,182.37789001464844,173.4
609,3.572,75.87,126.97,1312.56,39.17,Critical,290,581,3.432762784308484,3.362627820370638,0.037070452591561914,0.014496459595521038,3.357798212042249,181.73878479003906,177.12
610,3.377,72.9,122.81,1295.48,39.75,Warning,289,582,3.4064106035532475,3.3701372197090316,0.03334738332539324,-0.026352180755236265,3.3638747609811235,183.94886169433593,184.92000000000002
611,3.242,69.23,123.87,1322.86,35.72,Warning,288,583,3.3862971517573586,3.3756138406466354,0.028062832380070273,-0.02011345179588897,3.3666775598281524,185.0852478027344,190.32
612,3.28,67.74,119.88,1313.8,37.56,Warning,287,584,3.3676736777781784,3.3780463508300658,0.025390907618139568,-0.018623473979180183,3.3668020745719054,187.062353515625,188.8
613,3.364,72.5,124.18,1316.52,37.39,Warning,286,585,3.361388968863913,3.3796236755373745,0.023361205441689053,-0.006284708914265469,3.366125436358406,188.51671752929687,185.44
614,3.432,72.57,124.23,1298.26,38.52,Critical,285,586,3.361729039249495,3.3795394926126674,0.023427600841539213,0.00034007038558225844,3.3655758867197925,189.45293273925782,182.71999999999997
615,3.553,72.51,124.04,1294.89,36.91,Critical,284,587,3.394322043255963,3.3826587268410924,0.021928670981063637,0.03259300400646792,3.3691691562868136,185.8102996826172,177.88
616,3.436,70.37,125.91,1310.3,38.28,Critical,283,588,3.401944414595864,3.3848407338145665,0.022122872206425868,0.007622371339901068,3.3732660635754446,184.35167236328124,182.56
617,3.65,73.75,122.56,1301.92,39.2,Critical,282,589,3.4216744731198494,3.387811725195452,0.023929140568485642,0.01973005852398524,3.379317114768495,182.22182006835936,174.0
618,3.576,73.89,122.99,1301.1,38.24,Critical,281,590,3.4486813905220837,3.393417044498098,0.02766065408349084,0.027006917402234265,3.3879876492376932,180.33391418457032,176.95999999999998
619,3.624,75.61,123.98,1336.32,42.13,Critical,280,591,3.4714348810446283,3.400285920719823,0.03323601781036016,0.022753490522544606,3.3984185532135602,178.89618530273438,175.03999999999996
620,3.805,76.53,122.25,1267.97,41.57,Critical,279,592,3.513766886595258,3.409910207952579,0.043094253438813214,0.04233200555062977,3.4128370948862723,178.9557678222656,167.8
621,3.468,75.62,123.38,1305.18,36.84,Critical,278,593,3.513569400671251,3.4194118530429822,0.04919356014593375,-0.00019748592400725684,3.4254286331093944,178.60220642089843,181.28
622,3.719,73.92,120.02,1259.41,40.45,Critical,277,594,3.5210717023845644,3.428066249494207,0.054966593435380684,0.007502301713313564,3.4373840167687906,178.55722351074218,171.24
623,3.666,76.31,126.61,1304.89,38.63,Critical,276,595,3.521141102919147,3.434924568041285,0.05985691947673769,6.940053458270867e-05,3.4478536525375847,179.0100891113281,173.35999999999999
624,3.629,74.74,123.89,1274.0,41.79,Critical,275,596,3.525024605115072,3.4410753560950584,0.06420156417541562,0.003883502195924926,3.4575000216097704,179.06522216796876,174.84000000000003
625,3.824,77.45,123.64,1282.7,41.16,Critical,274,597,3.555332370773043,3.451003473909711,0.06973433222913007,0.030307765657970887,3.4697290652551795,178.57009582519532,167.04000000000002
626,3.834,75.85,122.92,1280.11,42.86,Critical,273,598,3.59439207655481,3.464876468896208,0.07632953120413379,0.03905970578176721,3.4853119416676335,176.4378662109375,166.64000000000001
627,3.572,75.75,122.84,1307.59,41.05,Critical,272,599,3.6128991129008847,3.481224831237722,0.08018730258501974,0.018507036346074646,3.50126033807179,174.90021057128905,177.12
628,3.698,75.72,125.91,1282.95,40.03,Critical,271,600,3.6345958784987364,3.4994386252133767,0.0820304642035578,0.02169676559785172,3.5179272806251585,173.07167358398436,172.07999999999998
629,3.779,74.99,126.04,1277.96,42.26,Critical,270,601,3.657472032246681,3.519154824746522,0.08210866433142489,0.022876153747944716,3.535370374577849,170.96785888671874,168.84
630,3.707,75.35,122.48,1326.23,39.44,Critical,269,602,3.667647429438477,3.53737651715869,0.08275265978209173,0.010175397191795721,3.551905006435428,170.50473022460938,171.72
631,3.847,76.27,122.97,1293.9,45.5,Critical,268,603,3.6947519357416496,3.556897018568409,0.08305826532983761,0.027104506303172737,3.569760872598706,169.72319641113282,166.12
632,3.813,77.05,126.52,1277.0,43.16,Critical,267,604,3.705710431212887,3.575832749107945,0.08240289643563455,0.010958495471237395,3.5867545674254786,169.2650634765625,167.47999999999996
633,4.057,76.75,124.54,1271.62,44.38,Critical,266,605,3.73858993026337,3.5951599850906972,0.0844235173905035,0.03287949905048304,3.6057339877802153,168.08164978027344,157.71999999999997
634,3.564,74.03,123.54,1337.98,38.2,Critical,265,606,3.734742650661042,3.6127138363984583,0.0842343574968398,-0.003847279602327891,3.6218600706403192,169.04497680664062,177.44
635,3.787,76.67,125.03,1285.48,41.51,Critical,264,607,3.7335227690033803,3.6273642285589998,0.084903629076735,-0.0012198816576618476,3.635817907935702,169.2469696044922,168.52
636,3.68,75.17,124.86,1280.82,40.04,Critical,263,608,3.747027799914665,3.6429281218418934,0.08394613624622224,0.013505030911284521,3.6497191444330728,169.5305633544922,172.8
637,3.919,79.29,127.66,1269.0,45.64,Critical,262,609,3.7605926837844765,3.658896187268555,0.08186601795507999,0.013564883869811695,3.6635783368519985,169.2290802001953,163.23999999999998
638,3.597,75.53,120.42,1288.08,37.97,Critical,261,610,3.7561479647816505,3.674563311392722,0.0758891069879584,-0.004444719002826059,3.675149540343205,171.00614013671876,176.12
639,3.903,77.11,120.64,1271.79,43.1,Critical,260,611,3.774418109678188,3.6911895450302628,0.06766032453308156,0.018270144896537666,3.687558111510078,169.9333465576172,163.88
640,3.767,76.23,123.19,1263.48,41.42,Critical,259,612,3.770594948634322,3.7055403835543483,0.059070007528664766,-0.0038231610438659303,3.6979377161506086,169.52073364257814,169.32000000000002
641,3.763,76.31,129.08,1267.11,41.24,Critical,258,613,3.765823566410585,3.716969149544733,0.052215615246223986,-0.004771382223737408,3.7064234474331057,170.17568969726562,169.48000000000002
642,3.667,75.61,129.06,1278.38,40.2,Critical,257,614,3.771905901972282,3.727569602149493,0.045255241974536134,0.0060823355616972385,3.714608754250503,170.78530578613282,173.32
643,3.826,73.69,129.53,1301.72,41.93,Critical,256,615,3.780407244376369,3.7372903598746685,0.03909952790340697,0.008501342404087175,3.7228335655162366,169.52481384277343,166.95999999999998
644,4.069,78.17,125.93,1268.14,45.9,Critical,255,616,3.800421941486673,3.7468203538240012,0.035511710898521016,0.020014697110303903,3.732532112512541,169.56861572265626,157.24
645,3.914,75.0,121.03,1279.74,43.85,Critical,254,617,3.814233439805872,3.756592754515161,0.03218120295405208,0.013811498319198812,3.7427447784242074,168.50855407714843,163.44
646,4.023,80.13,120.28,1306.79,44.8,Critical,253,618,3.8263191276560646,3.7653639006427886,0.03205163547075656,0.012085687850192706,3.7531915720781894,167.49976196289063,159.08
647,4.19,79.62,125.6,1299.01,42.14,Critical,252,619,3.8525134825634724,3.775150770732828,0.034828224935738984,0.026194354907407735,3.76560681088885,166.11180725097657,152.39999999999998
648,3.991,77.62,125.45,1274.27,44.29,Critical,251,620,3.847914881248458,3.7824391007985,0.037931515286056365,-0.004598601315014328,3.775895319683801,166.33722229003905,160.36
649,3.878,78.25,128.52,1272.22,40.51,Critical,250,621,3.868104807266732,3.7913299112388796,0.04142218365392717,0.02018992601827385,3.7874215056316674,166.16170654296874,164.88
650,4.043,79.02,128.43,1258.84,45.31,Critical,249,622,3.8853399851235673,3.8014510589802253,0.044706044658073006,0.01723517785683537,3.799661315568155,166.5811553955078,158.28
651,3.902,75.42,125.98,1300.14,44.84,Critical,248,623,3.899753889670475,3.8116327982972797,0.04864401605187361,0.01441390454690783,3.812172887330945,166.8394775390625,163.92
652,3.919,77.16,123.29,1279.56,41.9,Critical,247,624,3.899753889670475,3.8209102120230125,0.051406323638882874,0.0,3.8231205126233863,166.83966979980468,163.23999999999998
653,3.777,75.49,122.26,1282.64,41.21,Critical,246,625,3.911082765680113,3.831239198749577,0.05300482646773685,0.011328876009637945,3.834115794255477,166.4895050048828,168.92
654,4.155,76.78,127.56,1254.36,44.92,Critical,245,626,3.928351155383133,3.841501401796573,0.056032877205850734,0.017268389703020137,3.845895214396434,166.59110107421876,153.79999999999998
655,3.969,76.68,127.55,1264.64,45.26,Critical,244,627,3.9415886306581176,3.852900980598159,0.05793841491486269,0.013237475274984423,3.8578568914291447,166.2724395751953,161.24
656,4.064,78.3,127.37,1283.83,44.83,Critical,243,628,3.9614621963781675,3.865943555929332,0.05894759710409722,0.019873565720049946,3.8708075545477727,166.24188842773438,157.44
657,3.892,76.86,122.77,1256.46,45.06,Critical,242,629,3.9757474433536815,3.8795329920214248,0.05921582232640799,0.014285246975513921,3.8839250406485117,166.7408416748047,164.32000000000002
658,4.123,76.89,128.37,1295.72,45.89,Critical,241,630,3.9954922016359053,3.8938719891720606,0.05953853041280809,0.019744758282223884,3.897870935771936,166.89559936523438,155.07999999999998
659,3.954,79.31,126.79,1270.56,43.81,Critical,240,631,3.9877873898525067,3.906363019063116,0.058171247259718395,-0.007704811783398657,3.9091104925320073,166.52701416015626,161.83999999999997
660,4.057,78.36,123.67,1273.85,44.72,Critical,239,632,3.9973038997137396,3.918567716390307,0.05664588054319186,0.009516509861232869,3.9201346684297236,166.6000244140625,157.71999999999997
661,4.22,80.04,125.36,1239.57,47.49,Critical,238,633,4.010822426053457,3.930867936283467,0.05519723022648885,0.013518526339717063,3.93147063813269,166.40538024902344,151.20000000000002
662,4.217,80.56,129.03,1268.86,44.13,Critical,237,634,4.012708453567657,3.9415476010170787,0.054446500881085366,0.0018860275142005278,3.9416253650620607,165.94461059570312,151.32000000000002
663,4.106,77.77,126.05,1267.5,45.27,Critical,236,635,4.02043606258492,3.953049013106176,0.051390637259650776,0.007727609017262438,3.9514767022524184,165.85009155273437,155.76
664,3.854,77.37,129.09,1286.22,42.3,Critical,235,636,4.018897228510992,3.9631018411891272,0.048239392209708444,-0.0015388340739272977,3.95990426803474,165.8073272705078,165.84
665,4.578,82.65,130.72,1283.5,51.3,Critical,234,637,4.0569714402084065,3.9745439381947834,0.04882864868500329,0.038074211697414206,3.9720376645564484,165.26554260253906,136.88
666,4.4,80.26,127.19,1263.89,48.16,Critical,233,638,4.090799881033863,3.987280337619009,0.05269045175523154,0.033828440825456774,3.986882941616125,164.76989135742187,144.0
667,4.257,81.17,127.51,1249.68,45.47,Critical,232,639,4.1132561554077816,4.001513822001496,0.056085469405729144,0.022456274373918284,4.0026795933400825,164.7270050048828,149.72000000000003
668,4.045,80.64,126.43,1262.1,44.5,Critical,231,640,4.130209349012065,4.016122260890293,0.05929453342790942,0.01695319360428371,4.01862081279908,164.7325866699219,158.2
669,4.15,80.44,125.08,1285.57,44.25,Critical,230,641,4.1298742030881925,4.029557130737297,0.0607983112998733,-0.00033514592387273723,4.032527486585218,164.7936553955078,154.0
670,4.095,80.24,124.29,1303.8,42.55,Critical,229,642,4.1380670044518775,4.042655688990214,0.0616513454027851,0.008192801363684943,4.045719926318551,165.47490539550782,156.20000000000002
671,4.376,80.6,130.01,1267.41,49.08,Critical,228,643,4.159224751481138,4.055839859330412,0.06414329122792882,0.02115774702926032,4.059908029463874,165.7657684326172,144.95999999999998
672,4.235,77.72,129.52,1283.4,47.34,Critical,227,644,4.181505462549742,4.069557060610149,0.06769452916541012,0.022280711068604298,4.0751077085996075,165.7657684326172,150.6
673,4.087,81.02,128.03,1289.06,45.57,Critical,226,645,4.179148709167135,4.081800827778898,0.06991411490755746,-0.002356753382606769,4.088112833670548,165.322412109375,156.52
674,4.143,82.37,130.65,1304.06,47.27,Critical,225,646,4.1913370340898775,4.09537080406139,0.0701168711224108,0.012188324922742133,4.101015858722964,165.6036376953125,154.28
675,4.391,83.83,126.99,1217.56,47.44,Critical,224,647,4.213717471940107,4.109798375543147,0.0707590238620309,0.022380437850229917,4.115103560375108,164.90867309570314,144.36
676,4.472,81.74,133.02,1271.09,47.33,Critical,223,648,4.231009398870834,4.124477507064306,0.07159383077783588,0.01729192693072701,4.129591790187074,165.21599731445312,141.11999999999998
677,4.47,80.5,126.57,1278.15,49.08,Critical,222,649,4.248289216457216,4.140182891256943,0.07116209070541625,0.017279817586381974,4.144428968470841,165.8179473876953,141.20000000000002
678,4.363,79.67,125.65,1232.41,47.54,Critical,221,650,4.2653327498176115,4.156509337072456,0.06980661848286515,0.017043533360395102,4.159541941139187,166.2581329345703,145.48
679,4.22,77.45,122.92,1249.52,45.32,Critical,220,651,4.2883643812841585,4.174473813924,0.06645584979586598,0.023031631466547076,4.1756447461573085,165.72523803710936,151.20000000000002
680,3.78,75.86,123.57,1272.28,41.48,Critical,219,652,4.236203898145917,4.186422644453168,0.0595767792812036,-0.052160483138241176,4.183214640155884,167.15564880371093,168.8
681,4.319,83.28,126.66,1248.0,46.72,Critical,218,653,4.2306430795644605,4.195745524355208,0.05424777116275311,-0.00556081858145685,4.189143195081956,166.7748291015625,147.24
682,4.283,80.33,129.01,1255.26,44.72,Critical,217,654,4.232392176220598,4.203687925742729,0.049851024113540705,0.0017490966561375387,4.194549317724286,166.21576538085938,148.67999999999998
683,4.312,81.26,128.48,1269.73,46.86,Critical,216,655,4.249929191567,4.2116692485797245,0.046732808287118184,0.017537015346402285,4.201471801954625,166.28401794433594,147.51999999999998
684,4.307,82.83,124.86,1283.67,45.9,Critical,215,656,4.260330354952927,4.220366325370707,0.04235754429470357,0.010401163385926893,4.208829121079413,166.95337524414063,147.71999999999997
685,4.108,78.37,125.67,1298.37,45.49,Critical,214,657,4.261164629534982,4.22857283370958,0.036838822237389296,0.0008342745820550945,4.215371059636359,165.30655822753906,155.68
686,4.399,84.64,127.46,1241.63,47.53,Critical,213,658,4.2627431308958785,4.235474059003897,0.03234129666135316,0.0015785013608962117,4.221292568543799,165.23900146484374,144.04
687,4.418,84.75,124.07,1240.53,50.04,Critical,212,659,4.275107671158705,4.2417142062444935,0.03013962131453547,0.012364540262826296,4.228019456370662,165.63720703125,143.28
688,4.433,81.7,126.14,1287.3,50.85,Critical,211,660,4.298031363310416,4.249639716520713,0.02807201183709358,0.022923692151711528,4.236770944738131,164.4086456298828,142.68
689,4.48,81.45,126.95,1270.23,50.16,Critical,210,661,4.320509653578692,4.258251224486633,0.028714734941208204,0.022478290268275636,4.247238283343201,163.44129943847656,140.79999999999998
690,4.436,82.97,132.2,1260.02,46.78,Critical,209,662,4.323573136500257,4.265574935457311,0.030499004639409657,0.0030634829215649972,4.256780139987833,163.67733154296874,142.56
691,4.291,80.1,128.23,1275.85,49.16,Critical,208,663,4.311327459920745,4.270929472860638,0.031042713763388782,-0.012245676579511588,4.263598554979446,164.46202087402344,148.35999999999999
692,4.349,79.41,129.75,1261.88,49.89,Critical,207,664,4.303069199226679,4.274581471711936,0.03140908132538369,-0.008258260694065989,4.26853238551035,164.41578674316406,146.04
693,4.381,83.35,124.54,1272.51,48.21,Critical,206,665,4.304288249331512,4.277178505012862,0.032190516023726766,0.0012190501048330304,4.273001868487995,165.143994140625,144.76
694,4.39,83.34,131.33,1253.1,50.01,Critical,205,666,4.315608570449055,4.278994784290521,0.033604287089904795,0.011320321117542775,4.278327706233128,166.09426879882812,144.4
695,4.53,83.01,132.44,1259.39,49.12,Critical,204,667,4.3634822485411044,4.287480007650201,0.037830977478772274,0.04787367809204923,4.288972024021625,166.05982360839843,138.79999999999998
696,4.484,80.46,123.91,1222.57,46.9,Critical,203,668,4.374564016371613,4.2970747367706785,0.040539985354260843,0.011081767830508404,4.299671023065374,165.74715270996094,140.64
697,4.706,82.51,128.47,1229.59,50.77,Critical,202,669,4.4034418507950495,4.308478048408975,0.04487161235688545,0.02887783442343661,4.312642376531583,165.46802673339843,131.76
698,4.732,84.74,131.63,1228.53,54.29,Critical,201,670,4.432102450681091,4.320622932349915,0.05198283607365648,0.028660599886041638,4.327574885800272,165.31916198730468,130.72
699,4.419,81.02,130.12,1250.82,46.67,Critical,200,671,4.439446617166003,4.332564016497453,0.05743073111675843,0.007344166484911874,4.341558852220988,165.1381072998047,143.24
700,3.838,76.03,123.33,1267.73,42.21,Critical,199,672,4.4233085204026485,4.343373609221962,0.05828503077844246,-0.016138096763354426,4.351777560743695,166.418115234375,166.48
701,4.605,84.98,128.86,1238.02,50.7,Critical,198,673,4.437264157113029,4.355008344303106,0.05845858266565743,0.013955636710380581,4.362463385289862,166.31253662109376,135.79999999999998
702,4.344,82.2,126.57,1229.47,47.12,Critical,197,674,4.432390701792131,4.365493879678668,0.05719540273847979,-0.004873455320898223,4.3712042998526455,166.44363403320312,146.23999999999998
703,4.311,82.87,128.14,1276.53,46.84,Critical,196,675,4.424360910534613,4.373915849493615,0.05583687331058942,-0.008029791257517793,4.377848876187891,166.6342529296875,147.56
704,4.377,79.91,131.26,1259.33,48.24,Critical,195,676,4.41748247308351,4.38038070412727,0.05481625387396367,-0.006878437451103281,4.382803075799844,166.388671875,144.92000000000002
705,4.376,80.87,126.33,1223.71,47.4,Critical,194,677,4.413491067171202,4.386375232838665,0.05304828287713592,-0.0039914059123074,4.386639074721264,165.4145294189453,144.95999999999998
706,4.54,84.0,131.74,1234.64,48.09,Critical,193,678,4.430067493842504,4.394291235100116,0.04981005599963728,0.016576426671301547,4.392067627111418,165.4271209716797,138.4
707,4.22,80.65,125.36,1276.43,46.69,Critical,192,679,4.421742258431625,4.402202772380446,0.043282952782989055,-0.008325235410879372,4.3957769560264435,165.5415008544922,151.20000000000002
708,4.297,82.97,125.66,1253.2,48.66,Critical,191,680,4.416243630054845,4.4096664644286685,0.03380837533392851,-0.00549862837677928,4.398335290279993,165.75186767578126,148.12
709,4.515,83.27,131.14,1238.9,50.8,Critical,190,681,4.424637401339609,4.416935053154705,0.021690753789125498,0.008393771284763929,4.401623054162445,165.68771667480468,139.4
710,4.562,85.83,131.68,1250.24,49.13,Critical,189,682,4.426828706873578,4.42115815037687,0.01594635428509146,0.002191305533968624,4.404773760751336,164.8593322753906,137.51999999999998
711,4.57,83.94,131.55,1259.06,48.64,Critical,188,683,4.432687897878668,4.425033075810674,0.009624014074894096,0.005859191005090025,4.408263027892253,165.03482360839843,137.2
712,4.361,82.84,124.87,1230.37,47.6,Critical,187,684,4.40910206277877,4.425410423276256,0.008791974297592705,-0.02358583509989831,4.4083679072530675,166.4266815185547,145.56
713,4.337,80.54,126.85,1275.27,49.74,Critical,186,685,4.381936101770541,4.422066000015551,0.014039839396941143,-0.027165961008228656,4.405063931567751,167.48064270019532,146.52
714,4.412,81.73,130.53,1241.8,49.37,Critical,185,686,4.381465835387361,4.418200614563642,0.016651487940836776,-0.0004702663831803733,4.402114169545202,167.47319641113282,143.52
715,4.528,84.12,129.27,1253.19,50.73,Critical,184,687,4.425164275670076,4.418324331581471,0.0166989755769014,0.04369844028271519,4.404995432810811,166.93451843261718,138.88000000000002
716,4.719,86.89,127.63,1243.25,53.07,Critical,183,688,4.433163798763437,4.418050974358165,0.016397632509771005,0.007999523093361383,4.408516478554889,166.15121154785157,131.23999999999998
717,4.194,80.84,128.31,1258.72,46.68,Critical,182,689,4.4235236256480714,4.417459835948561,0.01599873518868565,-0.009640173115365691,4.410392371941536,164.9164825439453,152.24
718,4.472,82.12,127.04,1233.89,49.35,Critical,181,690,4.434166453047667,4.418113538782764,0.016493526220156946,0.010642827399595767,4.413364132079803,163.26315612792968,141.11999999999998
719,4.309,82.85,132.34,1258.26,48.26,Critical,180,691,4.429724099760616,4.4189296472279045,0.016760766449915386,-0.004442353287051226,4.415409128039904,163.2144744873047,147.64
720,4.265,77.1,131.45,1302.51,46.2,Critical,179,692,4.422500672696387,4.41953028759625,0.01671331510443699,-0.007223427064229071,4.416295571121965,164.29761352539063,149.4
721,4.662,81.82,131.48,1216.97,49.44,Critical,178,693,4.430954201222726,4.419589401421599,0.016754763278642233,0.008453528526339404,4.41812789988456,164.24400329589844,133.52
722,4.602,84.44,133.01,1287.14,51.56,Critical,177,694,4.456234067760205,4.421888855376837,0.019252075483114934,0.02527986653747849,4.422891170869016,162.7131774902344,135.92
723,4.591,83.34,129.71,1244.73,52.11,Critical,176,695,4.475737577949211,4.425855118569795,0.02363538727615021,0.01950351018900598,4.429496971754039,162.6685791015625,136.35999999999999
724,4.665,84.9,131.9,1247.52,49.86,Critical,175,696,4.485981148719493,4.429944701728454,0.028263590604278827,0.010243570770282595,4.436557493874721,163.07782592773438,133.4
725,4.458,82.22,132.44,1233.17,50.11,Critical,174,697,4.479005269030167,4.433423139205559,0.03093699205602932,-0.006975879689326447,4.441863465769152,163.43207702636718,141.68
726,4.469,83.07,129.43,1239.6,51.34,Critical,173,698,4.47220589865896,4.4360576725909135,0.03251243173583428,-0.006799370371206592,4.445656269880378,163.96856994628905,141.23999999999998
727,4.864,84.56,130.55,1225.71,53.51,Critical,172,699,4.5066584738584305,4.442561433329557,0.03627494188867311,0.0344525751994702,4.453281545377634,164.99651794433595,125.44
728,4.503,83.38,124.75,1231.87,48.46,Critical,171,700,4.517499300866945,4.451598979935984,0.036972281278234376,0.010840827008514076,4.461308764813798,165.70841064453126,139.88
729,4.653,85.37,129.71,1242.77,51.34,Critical,170,701,4.533590659363355,4.461740634867717,0.0372237196081897,0.016091358496410635,4.470344001632492,165.6834228515625,133.88000000000002
730,4.546,84.75,131.33,1243.74,49.29,Critical,169,702,4.534791402773304,4.469049110007932,0.04017448704169327,0.0012007434099485792,4.478399926775094,165.49169006347657,138.16
731,4.27,83.45,129.99,1307.19,46.17,Critical,168,703,4.505026341025469,4.4738399461587335,0.039873170043189854,-0.029765061747834665,4.48172822855639,166.71272888183594,149.20000000000002
732,4.244,80.56,128.72,1242.17,47.24,Critical,167,704,4.508146958562908,4.47948150168639,0.038196865436932764,0.0031206175374389744,4.485030569807205,166.7320343017578,150.24
733,4.466,82.6,127.44,1258.97,47.04,Critical,166,705,4.5077504145637874,4.484387099120798,0.0366554536170608,-0.00039654399912070204,4.4878705504017775,166.7622039794922,141.35999999999999
734,4.713,82.14,125.34,1249.78,49.97,Critical,165,706,4.534623064085188,4.491380363409102,0.035469035201726666,0.026872649521400227,4.493714614612204,166.33557739257813,131.48
735,4.675,83.28,128.81,1222.68,51.45,Critical,164,707,4.561487294001084,4.500646138162749,0.03432563141813592,0.026864229915896765,4.502186199535814,166.22432556152344,133.0
736,4.696,83.98,129.42,1260.29,51.63,Critical,163,708,4.563811762112894,4.5095033088887595,0.03212884050091907,0.00232446811180953,4.509889394857948,164.70197143554688,132.16000000000003
737,4.413,83.29,127.7,1250.57,48.99,Critical,162,709,4.55135021724323,4.515844385520962,0.030192343379755366,-0.01246154486966411,4.515071997656109,165.472900390625,143.48
738,4.806,84.33,132.38,1184.89,55.3,Critical,161,710,4.566122987101129,4.521870079464422,0.030632421355500445,0.014772769857898993,4.521453371336736,165.2816589355469,127.75999999999999
739,4.42,82.98,133.49,1273.5,48.76,Critical,160,711,4.549845140221808,4.52612767889791,0.029712328746713677,-0.01627784687932099,4.52500234244737,166.59786071777344,143.2
740,4.599,83.39,129.9,1225.49,51.36,Critical,159,712,4.559191441472929,4.531473423727428,0.027779168429495567,0.009346301251120792,4.529275979825564,167.15008850097655,136.04
741,4.567,82.84,128.86,1228.61,48.97,Critical,158,713,4.565661156941019,4.537703774279565,0.023720776510095947,0.006469715468090165,4.533824126964996,167.26803283691407,137.32
742,4.544,83.27,128.62,1267.94,50.98,Critical,157,714,4.543628263843775,4.540168426945256,0.022132110709342692,-0.022032893097243544,4.535049644074843,167.56602172851564,138.24
743,4.772,84.36,130.94,1233.75,51.81,Critical,156,715,4.561895380942736,4.543128165616975,0.021850784556184152,0.01826711709896056,4.5384053611833295,166.94657287597656,129.12
744,4.467,81.56,126.73,1276.84,49.23,Critical,155,716,4.549483648356884,4.544187698216543,0.0217403246057175,-0.012411732585851709,4.539790147080024,166.1445068359375,141.32000000000002
745,4.372,78.79,128.53,1288.04,47.95,Critical,154,717,4.538100116421702,4.5444082791264355,0.02165479564249109,-0.01138353193518249,4.539578893247733,166.2096160888672,145.12
746,4.578,82.83,130.6,1236.9,51.7,Critical,153,718,4.558073233286187,4.547944738610484,0.018923187172693565,0.01997311686448544,4.54189068575254,165.61078491210938,136.88
747,4.516,81.93,129.62,1271.63,47.98,Critical,152,719,4.5754649599794766,4.552432605371589,0.016657480613231624,0.017391726693289478,4.546087470030907,164.20646057128906,139.36
748,5.084,86.98,133.65,1209.18,52.96,Critical,151,720,4.618261534387155,4.559800013359814,0.019653012234229644,0.04279657440767881,4.5551092280754375,163.39531555175782,116.64000000000001
749,4.68,84.74,131.16,1295.14,51.2,Critical,150,721,4.616023721776135,4.565226723872543,0.023134484567380122,-0.0022378126110202956,4.562723539788024,162.62268981933593,132.8
750,4.518,83.65,124.68,1238.87,50.3,Critical,149,722,4.60558953157284,4.568166873043993,0.025324137299097868,-0.010434190203294946,4.568081788761126,162.7901641845703,139.28
751,4.422,82.14,130.12,1281.5,48.83,Critical,148,723,4.58747201263034,4.569744223078489,0.02576648979012781,-0.0181175189424998,4.570505566744778,164.47066345214844,143.12
752,4.299,82.18,126.11,1283.63,48.89,Critical,147,724,4.580249803959023,4.571670862192876,0.025370281616603724,-0.007222208671317176,4.571723596396558,164.97777404785157,148.04
753,4.427,82.71,125.83,1265.58,49.27,Critical,146,725,4.554711970403105,4.570910127746342,0.025717227396536053,-0.025537833555918432,4.5695971431473765,167.5240478515625,142.92000000000002
754,4.599,82.95,126.83,1235.29,49.86,Critical,145,726,4.566511564276024,4.572021222683288,0.02509461620023938,0.011799593872919623,4.569211445788457,167.76155700683594,136.04
755,4.796,84.47,131.86,1236.85,49.74,Critical,144,727,4.580001695778434,4.573408572970322,0.024909221218478786,0.013490131502409852,4.570560227037204,167.019873046875,128.16
756,4.751,85.23,129.95,1195.07,51.95,Critical,143,728,4.592462992048312,4.5751953619774755,0.02527241498845779,0.01246129626987802,4.573298072663592,165.81331481933594,129.95999999999998
757,4.617,84.42,125.5,1254.06,52.13,Critical,142,729,4.597314418947944,4.57877443898442,0.024263955548803673,0.0048514268996315835,4.576300115949135,165.4541259765625,135.32
758,4.535,84.91,130.4,1260.94,49.37,Critical,141,730,4.581293405433303,4.580067640617125,0.023812827543895937,-0.01602101351464036,4.5769242771346565,164.65082397460938,138.6
759,4.624,85.4,126.14,1251.74,50.9,Critical,140,731,4.591666552934058,4.582879834255603,0.02239138588729531,0.010373147500754243,4.5787670616095815,164.7643035888672,135.04000000000002
760,4.506,81.74,129.39,1189.28,50.11,Critical,139,732,4.600294758672173,4.587026143738967,0.019010178656122766,0.008628205738115291,4.581458023742405,164.48536682128906,139.76
761,4.842,85.42,131.65,1210.07,51.94,Critical,138,733,4.618279318822831,4.5910398827747425,0.018815371582367114,0.017984560150657636,4.586060685627458,164.0071563720703,126.32000000000002
762,4.556,84.01,131.55,1235.76,50.92,Critical,137,734,4.620897733846386,4.594068734365871,0.019762082795955167,0.0026184150235550874,4.590415316654823,163.84478149414062,137.76
763,4.571,84.74,133.88,1257.86,52.41,Critical,136,735,4.58502942920399,4.591853260686992,0.018689858672343563,-0.03586830464239554,4.589742080723469,164.58585205078126,137.16000000000003
764,4.252,81.67,124.1,1273.78,46.54,Critical,135,736,4.557152085824362,4.587928484956875,0.019418793953094277,-0.027877343379627995,4.585668331361081,165.85857849121095,149.92000000000002
765,4.555,82.9,129.2,1248.52,48.63,Critical,134,737,4.559606912881854,4.584862977044142,0.020050815117169843,0.002454827057492004,4.582410654051177,165.6649658203125,137.8
766,4.709,82.5,129.56,1258.51,51.72,Critical,133,738,4.578724895281073,4.584279835887525,0.02009666069097178,0.01911798239921847,4.581949934204913,165.6242706298828,131.64000000000001
767,4.423,80.31,129.63,1236.25,45.77,Critical,132,739,4.586591712081351,4.584702629762346,0.02007251690260468,0.00786681680027801,4.582530156439468,165.87386169433594,143.07999999999998
768,4.471,82.65,129.36,1269.88,49.62,Critical,131,740,4.589436167257731,4.5870175762193215,0.01828985893723246,0.002844455176380656,4.583393407791751,164.15790405273438,141.16
769,4.702,84.83,129.33,1255.34,52.31,Critical,130,741,4.596388930453993,4.589009400631187,0.017507305508338938,0.006952763196261813,4.58501784812453,162.76741638183594,131.92000000000002
770,4.361,79.6,127.07,1270.24,50.15,Critical,129,742,4.567410447945313,4.588169984108978,0.018255893676951226,-0.028978482508680514,4.582816923102128,164.5175811767578,145.56
771,4.741,84.74,127.66,1238.93,51.9,Critical,128,743,4.566717661515763,4.586453628740142,0.019017794761770568,-0.0006927864295498409,4.580804515403832,165.14475708007814,130.36
772,4.502,83.47,131.48,1295.16,50.06,Critical,127,744,4.559056686055424,4.5839031132139745,0.019997374844149794,-0.007660975460338726,4.5780860367352805,165.16073608398438,139.92000000000002
773,4.524,80.99,130.29,1264.67,48.64,Critical,126,745,4.558328048747698,4.582372089434933,0.021062225580708915,-0.0007286373077262098,4.575616288236832,165.6699951171875,139.04
774,4.413,83.37,130.77,1238.05,48.08,Critical,125,746,4.544362896307175,4.579218512326474,0.023021385758801843,-0.013965152440523099,4.571709614245624,166.2242004394531,143.48
775,4.638,83.17,129.05,1253.58,49.03,Critical,124,747,4.553207806956907,4.576079382212124,0.023152160339267543,0.008844910649732363,4.569396888334534,164.9082275390625,134.48000000000002
776,4.95,88.43,130.06,1249.08,54.19,Critical,123,748,4.560943294246633,4.5722569805737105,0.020236848625221515,0.007735487289726173,4.568340189073546,164.62329711914063,122.0
777,4.697,83.48,127.49,1232.2,51.27,Critical,122,749,4.570468458848976,4.5688950289072165,0.015121308847898396,0.009525164602342429,4.5686062227954745,164.60659484863282,132.12
778,4.45,80.51,129.6,1281.47,49.34,Critical,121,750,4.562500688584422,4.567393112865911,0.014510804290323743,-0.007967770264553309,4.567843031019093,164.47108459472656,142.0
779,4.749,84.06,127.9,1250.93,51.43,Critical,120,751,4.5950675366817695,4.569920809589738,0.015840825451727457,0.03256684809734711,4.571246094226927,163.04965515136718,130.04000000000002
780,4.531,82.64,133.81,1201.91,49.95,Critical,119,752,4.5934853941932445,4.5721793750104975,0.01665927654433192,-0.0015821424885249513,4.5740260067227165,162.92063598632814,138.76000000000002
781,4.784,84.47,127.44,1247.38,52.19,Critical,118,753,4.598649047999496,4.573507651858393,0.017961816427971608,0.005163653806251389,4.5771038868823135,162.8281707763672,128.64000000000001
782,4.698,83.96,130.87,1236.14,51.25,Critical,117,754,4.61679449401855,4.575521170654207,0.0209736571077948,0.018145446019054212,4.582065212774343,162.51146240234374,132.07999999999998
783,4.135,79.72,130.73,1285.05,45.59,Critical,116,755,4.59586955863632,4.575950063412779,0.02134109152161331,-0.02092493538223028,4.58379075600709,163.66441345214844,154.60000000000002
784,4.426,81.57,130.05,1279.49,48.74,Critical,115,756,4.577560682284834,4.5746948468681685,0.02059369511922169,-0.018308876351485814,4.583011996791808,165.68181457519532,142.95999999999998
785,4.717,84.36,130.74,1248.42,52.88,Critical,114,757,4.601033905547752,4.57693641070833,0.021551795283200347,0.023473223262917564,4.585264735386301,164.80576171875,131.32000000000002
786,4.598,80.82,127.17,1286.74,50.42,Critical,113,758,4.59134851650362,4.578578467707521,0.021655680563853873,-0.009685389044131298,4.586025208025966,165.70425415039062,136.08
787,4.421,82.38,125.07,1255.01,48.18,Critical,112,759,4.586098232702827,4.580381237484016,0.021031025097764354,-0.005250283800793731,4.586034336110573,165.97681884765626,143.16
788,4.479,82.18,130.8,1269.79,49.04,Critical,111,760,4.58315262674068,4.582036209350213,0.02012906519737686,-0.002945605962146658,4.585674122439336,164.7727081298828,140.84
789,4.288,83.0,131.49,1283.33,46.24,Critical,110,761,4.5752354766357834,4.584094381372121,0.01739445742762858,-0.007917150104896464,4.584369291713892,163.6218994140625,148.48
790,4.56,81.63,128.26,1249.87,49.69,Critical,109,762,4.570005477750182,4.585214226091673,0.015724516872082518,-0.0052299988856017166,4.582573814968428,164.42690734863282,137.60000000000002
791,4.904,83.43,128.58,1251.92,56.59,Critical,108,763,4.566698055853193,4.585597876865443,0.015149749269439742,-0.003307421896988849,4.580589345079024,163.6261199951172,123.84
792,4.693,85.16,124.01,1232.28,50.43,Critical,107,764,4.566423888923731,4.585328238870428,0.015470849536473685,-0.00027416692946147236,4.578818663059612,163.58203125,132.28000000000003
793,4.9,86.62,128.95,1225.7,53.54,Critical,106,765,4.5970346021466195,4.587630499774574,0.014360900303444122,0.03061071322288811,4.581095655445488,162.8874542236328,123.99999999999999
794,4.703,82.82,129.94,1215.95,51.23,Critical,105,766,4.593880821266481,4.587551385413553,0.014320214283906113,-0.0031537808801385125,4.582693801173112,162.8953887939453,131.88
795,4.725,82.23,134.35,1249.07,51.65,Critical,104,767,4.606891786588147,4.588445144906547,0.015113419029943372,0.01301096532166568,4.585718549349991,162.7544403076172,131.0
796,4.866,88.1,132.88,1243.84,53.1,Critical,103,768,4.612613713142113,4.589376122582721,0.01617938579879917,0.0057219265539663056,4.589080444824006,162.72693786621093,125.36000000000001
797,4.626,85.76,130.52,1274.62,51.25,Critical,102,769,4.607759766596634,4.588773807421261,0.015225835349592187,-0.004853946545479104,4.591415360045585,162.84198913574218,134.95999999999998
798,4.541,79.14,128.25,1270.33,47.73,Critical,101,770,4.633171750180071,4.5912606201908455,0.019036860746129754,0.025411983583436992,4.596634908812395,162.6092315673828,138.35999999999999
799,4.724,83.83,128.89,1237.53,53.31,Critical,100,771,4.652747625507606,4.596273083072362,0.024333575717900704,0.019575875327535464,4.603648998399296,162.4095916748047,131.04
800,4.787,87.58,134.24,1214.73,53.48,Critical,99,772,4.657511402741454,4.600038249551943,0.029037586340849422,0.004763777233847577,4.610381798942066,162.94291076660156,128.52
801,4.497,81.76,129.48,1264.69,47.85,Critical,98,773,4.650932465646002,4.6040105128281015,0.03171588890376594,-0.006578937095452098,4.615450632280058,163.41370544433593,140.12
802,4.46,81.41,123.5,1281.43,46.11,Critical,97,774,4.653414165964598,4.60849824171222,0.03370072278927177,0.0024817003185964026,4.620196073990625,163.51235656738282,141.6
803,4.589,82.88,127.85,1267.16,49.21,Critical,96,775,4.660553836902506,4.613658322389674,0.03542429587427506,0.007139670937907461,4.62524079435461,165.0644561767578,136.44
804,4.693,82.55,128.01,1269.21,51.31,Critical,95,776,4.686496459687841,4.621075721259812,0.03833325897767771,0.02594262278533499,4.632897752521264,165.1799560546875,132.28000000000003
805,4.688,81.63,128.76,1240.95,54.92,Critical,94,777,4.694908447811665,4.629402585930578,0.03997784567122172,0.008411988123824266,4.640649089432563,165.62383728027345,132.48000000000002
806,4.354,82.77,129.53,1252.01,48.6,Critical,93,778,4.658616246626602,4.635530465315471,0.03658015691197936,-0.03629220118506282,4.642894984081818,166.78037109375,145.84
807,4.855,82.93,130.86,1221.05,51.05,Critical,92,779,4.669670623645027,4.642413580963558,0.03208546913065493,0.011054377018425043,4.6462419390272185,167.1949035644531,125.79999999999998
808,4.472,82.62,128.64,1255.17,48.3,Critical,91,780,4.64094918452393,4.645341219788713,0.029552627769052188,-0.028721439121096815,4.645580344714308,168.12442016601562,141.11999999999998
809,4.528,84.09,132.45,1251.85,49.74,Critical,90,781,4.629331953244803,4.647704628587267,0.0263917570935077,-0.011617231279127616,4.643549295780619,169.11839294433594,138.88000000000002
810,4.433,79.72,126.86,1262.89,49.09,Critical,89,782,4.610036724365653,4.647914291105767,0.026054710782706384,-0.019295228879149917,4.639360224353748,169.6939208984375,142.68
811,4.973,85.37,136.5,1228.48,53.0,Critical,88,783,4.6176426308958405,4.648249552289348,0.02559635571433363,0.007605906530187667,4.6366455251715095,168.48264770507814,121.08000000000001
812,4.605,85.27,127.95,1246.8,50.48,Critical,87,784,4.6162430684125235,4.648815105743741,0.024716423784940614,-0.0013995624833169629,4.634095218076636,168.12912292480468,135.79999999999998
813,4.442,82.77,128.87,1240.83,47.93,Critical,86,785,4.609816945027934,4.647258118733599,0.026447253845710842,-0.006426123384589921,4.631060433945548,166.91380310058594,142.32
814,4.699,83.37,129.49,1265.75,50.26,Critical,85,786,4.608113200287799,4.644282490385612,0.02823596465279899,-0.0017037447401344608,4.6281920297383286,166.21858825683594,132.04000000000002
815,4.686,85.97,130.42,1247.4,51.88,Critical,84,787,4.601187064225926,4.640527534484576,0.030038656076940055,-0.006926136061872867,4.624816409049278,165.2580596923828,132.56
816,4.543,84.69,130.37,1249.03,50.98,Critical,83,788,4.604198634579819,4.637411945746831,0.031280316726103284,0.0030115703538928784,4.622239187240595,165.01778259277344,138.28
817,4.698,84.68,131.27,1228.68,52.77,Critical,82,789,4.6199515148970995,4.63518110234233,0.03125078360380185,0.015752880317280393,4.621953228197658,165.32598266601562,132.07999999999998
818,4.448,80.69,126.81,1228.28,49.68,Critical,81,790,4.610748767825027,4.631860764403833,0.031007319772271544,-0.009202747072072803,4.620552670651079,165.8479797363281,142.07999999999998
819,4.499,81.87,126.19,1283.83,48.84,Critical,80,791,4.597838731404137,4.625950249184919,0.02816885436892324,-0.012910036420890059,4.617713428245211,166.3922332763672,140.04000000000002
820,4.272,80.88,133.89,1278.59,47.92,Critical,79,792,4.570736301005925,4.617672106064536,0.024457270469194683,-0.027102430398211474,4.6118412873403,167.40960998535155,149.12
821,4.376,81.1,127.05,1225.47,48.54,Critical,78,793,4.572136736071367,4.611906805360855,0.024308552278445496,0.0014004350654417408,4.6068782184316825,167.07537231445312,144.95999999999998
822,4.847,87.03,132.83,1254.44,53.49,Critical,77,794,4.571570838708871,4.605366819698443,0.020565991883702242,-0.0005658973624962371,4.602464795966331,166.86742553710937,126.11999999999998
823,4.823,83.11,126.92,1259.14,52.26,Critical,76,795,4.595297915623462,4.602323401771745,0.018161542104903998,0.023727076914591194,4.601568935923472,164.95795288085938,127.07999999999998
824,4.588,81.05,128.83,1253.34,49.82,Critical,75,796,4.59926373817955,4.600318854100729,0.016555985281414866,0.003965822556088128,4.601280786205482,163.9011993408203,136.48
825,4.829,85.73,130.65,1273.72,53.21,Critical,74,797,4.625769528773924,4.601367707727946,0.017676068387195515,0.02650579059437419,4.604341879026537,161.46483154296874,126.84
826,4.557,82.27,130.52,1256.94,53.29,Critical,73,798,4.597112688053956,4.599999044871822,0.0171116940150421,-0.028656840719968102,4.603438230154963,163.1924560546875,137.71999999999997
827,4.546,81.97,122.47,1221.55,50.39,Critical,72,799,4.593196178407073,4.598462585538125,0.016575242060258264,-0.003916509646883171,4.602157973686477,162.9070556640625,138.16
828,4.592,80.68,129.97,1258.43,49.72,Critical,71,800,4.603019784156194,4.598009441480008,0.01633381150896512,0.009823605749121,4.602265699995192,163.7295928955078,136.32000000000002
829,4.567,83.13,126.52,1257.06,49.15,Critical,70,801,4.594153930086946,4.597078823466618,0.01611320633051971,-0.008865854069248336,4.601251728756661,164.4814025878906,137.32
830,4.555,82.91,130.14,1238.99,49.46,Critical,69,802,4.585362101295818,4.5960238259379445,0.016341455816871926,-0.00879182879112772,4.599265525324055,166.08358154296874,137.8
831,4.76,85.82,127.97,1254.6,55.19,Critical,68,803,4.60001402171776,4.595744851747141,0.016227250585819575,0.014651920421941966,4.599359087373268,164.33167114257813,129.60000000000002
832,4.613,83.62,127.54,1212.65,50.23,Critical,67,804,4.594275423466324,4.594033112318423,0.01478120709015463,-0.005738598251435967,4.598723629384899,164.37828979492187,135.48
833,4.7,84.1,129.51,1266.81,52.87,Critical,66,805,4.610970946196328,4.594047924209843,0.014799254202171059,0.01669552273000452,4.600254543986328,164.39327697753907,132.0
834,4.75,86.51,127.87,1223.21,51.76,Critical,65,806,4.627722946187106,4.596040205195374,0.017167972844541295,0.016751999990777477,4.6036880942614244,163.57384338378907,130.0
835,4.655,81.93,128.74,1225.57,51.55,Critical,64,807,4.6522850013013315,4.601476785215068,0.02105467978076687,0.0245620551142256,4.609762707641412,162.07669372558593,133.79999999999998
836,4.454,82.89,125.74,1254.81,50.02,Critical,63,808,4.657217166219902,4.607148813891636,0.023859359530056842,0.004932164918570514,4.615694514963723,162.2470489501953,141.84
837,4.399,79.08,123.81,1269.58,47.64,Critical,62,809,4.627474963015287,4.6108757555120645,0.022214498375489854,-0.029742203204614626,4.617167070970168,163.54867248535157,144.04
838,4.627,82.38,132.3,1252.28,50.06,Critical,61,810,4.6141136237996285,4.612130136057143,0.02179939017859402,-0.013361339215658852,4.616785390073851,164.2669647216797,134.92000000000002
839,4.581,81.41,126.25,1234.6,52.55,Critical,60,811,4.613649928924676,4.613089215440151,0.02150740046603988,-0.00046369487495212525,4.616393457430204,164.86297607421875,136.76
840,4.623,84.78,129.29,1237.73,52.13,Critical,59,812,4.599560652931974,4.611341957050687,0.02146823871009972,-0.01408927599270271,4.614289356867925,166.52393493652343,135.07999999999998
841,4.61,83.39,131.54,1224.57,51.74,Critical,58,813,4.603080302000679,4.611739797980468,0.021239791688002836,0.0035196490687052773,4.6128882250095185,166.40286560058593,135.6
842,5.003,87.01,130.48,1224.91,56.06,Critical,57,814,4.634573817155863,4.614498307230388,0.021346107907011427,0.031493515155183616,4.615598924027811,164.07412414550782,119.88
843,4.419,80.11,126.45,1282.7,49.21,Critical,56,815,4.62334809418456,4.615853527898945,0.021210175135923416,-0.011225722971302865,4.616567570297404,164.1423126220703,143.24
844,4.323,80.46,128.5,1263.75,50.18,Critical,55,816,4.607682381993505,4.616755424692716,0.02049720403051225,-0.015665712191054837,4.615456921759416,164.6147705078125,147.07999999999998
845,4.675,82.93,132.84,1265.17,51.48,Critical,54,817,4.615688132156823,4.61877716008345,0.01858605923912165,0.008005750163317948,4.6154858230590925,163.89462890625,133.0
846,4.572,83.72,126.51,1283.43,51.04,Critical,53,818,4.603000745890301,4.6189762750282854,0.018385606860116994,-0.01268738626652155,4.613925188412993,164.75298767089845,137.12
847,4.679,82.63,129.7,1233.1,49.59,Critical,52,819,4.607439708413629,4.619853894024773,0.01741065894672965,0.004438962523328094,4.6131145034130725,165.6380859375,132.83999999999997
848,4.723,86.5,126.01,1239.75,50.88,Critical,51,820,4.609007405794296,4.619722991331304,0.01748941953932293,0.0015676973806666439,4.612601116210725,164.84475708007812,131.08
849,4.832,82.97,130.01,1286.18,51.59,Critical,50,821,4.614686432106375,4.618853890392589,0.017387094446374665,0.005679026312079394,4.612861780697681,164.1877868652344,126.72
850,4.417,80.54,128.59,1290.93,50.24,Critical,49,822,4.599063868513534,4.615305814873403,0.015393709144256857,-0.01562256359284131,4.611137041674662,165.04798889160156,143.32
851,4.563,85.59,127.24,1215.03,46.88,Critical,48,823,4.606181933011331,4.611903465992831,0.010248944604260159,0.007118064497796617,4.610517653091745,165.22238159179688,137.48000000000002
852,4.715,83.79,129.15,1252.75,51.35,Critical,47,824,4.626976723520445,4.6118702500265085,0.010195542234875492,0.02079479050911459,4.612575036895332,165.10871276855468,131.4
853,4.771,82.97,127.1,1241.47,48.59,Critical,46,825,4.6367159067598696,4.613377068890525,0.012051981244284414,0.009739183239424243,4.615592645628398,165.22213134765624,129.16
854,4.989,87.23,132.12,1248.75,53.79,Critical,45,826,4.664701319484453,4.616780494927842,0.017916190087131353,0.027985412724583547,4.621731229860404,163.9359558105469,120.44
855,4.807,84.55,133.48,1223.24,52.24,Critical,44,827,4.677083820786908,4.621948706118172,0.02304215111024217,0.012382501302455218,4.628650303726216,162.94169921875,127.71999999999998
856,4.66,82.69,127.22,1228.53,53.06,Critical,43,828,4.680385995478009,4.62710241901666,0.026850989544423855,0.00330217469110039,4.6351172651951895,162.23702087402344,133.6
857,4.54,81.21,127.68,1238.14,50.45,Critical,42,829,4.648811941417578,4.628051627300774,0.027380422594605998,-0.03157405406043079,4.636829099722988,164.12406005859376,138.4
858,4.593,87.49,130.82,1237.75,49.44,Critical,41,830,4.66004202413097,4.630497889297202,0.028544607796620405,0.011230082713391987,4.639730715273986,164.6673553466797,136.28
859,4.594,82.97,132.59,1268.24,51.92,Critical,40,831,4.677295386581152,4.635138756269711,0.030182206873244005,0.017253362450182053,4.644426299187381,166.28751525878906,136.23999999999998
860,4.786,82.19,126.98,1214.7,52.67,Critical,39,832,4.684773583998839,4.63974445305918,0.03220539136977278,0.007478197417687404,4.649469709788813,167.08920593261718,128.56
861,4.732,86.83,129.97,1229.72,52.1,Critical,38,833,4.695353682098932,4.645901315473088,0.033481661592634514,0.010580098100092528,4.655205206327578,167.6852783203125,130.72
862,4.5,83.42,129.71,1215.65,47.93,Critical,37,834,4.683674853502678,4.650983658479024,0.033009084337584114,-0.011678828596253688,4.658763912224465,167.00997314453124,140.0
863,4.638,82.6,129.58,1270.24,49.74,Critical,36,835,4.678008600533636,4.655583738128314,0.03151567160634743,-0.005666252969041885,4.661169498263112,166.93492431640624,134.48000000000002
864,4.841,84.17,124.85,1265.92,52.18,Critical,35,836,4.678628887469776,4.659846568485874,0.029870242267475564,0.0006202869361393581,4.663351921913945,166.45614624023438,126.35999999999999
865,4.768,85.92,131.86,1234.42,52.5,Critical,34,837,4.701542009454629,4.666678444548613,0.026504843825842173,0.02291312198485329,4.668125682856529,165.3953430175781,129.28
866,4.806,84.88,134.63,1233.15,52.97,Critical,33,838,4.717655674873557,4.674110027339428,0.02382303538448393,0.01611366541892778,4.674316931858657,164.50314331054688,127.75999999999999
867,4.784,82.17,131.0,1250.77,54.63,Critical,32,839,4.72228445423046,4.680463876053429,0.023051455461033314,0.004628779356902868,4.680312872155132,163.323583984375,128.64000000000001
868,4.977,89.47,129.28,1263.61,55.24,Critical,31,840,4.73643779648799,4.687112002035304,0.023897707077176433,0.014153342257530177,4.687328487696739,162.86396484375,120.91999999999999
869,4.774,84.32,129.36,1250.29,48.99,Critical,30,841,4.721642369628038,4.690908072044876,0.02459581995639474,-0.014795426859952165,4.691617722938151,163.7483673095703,129.04
870,4.687,86.43,134.55,1230.3,51.9,Critical,29,842,4.713592543555994,4.693341986896149,0.024934166508930357,-0.008049826072043409,4.694364575515381,164.39191284179688,132.51999999999998
871,4.614,85.44,131.96,1213.69,48.87,Critical,28,843,4.710574742003358,4.69535456999784,0.02503187968338948,-0.0030178015526365343,4.696390846326378,164.67254028320312,135.44
872,4.795,83.65,132.37,1215.71,51.49,Critical,27,844,4.727389279507241,4.7005930592038165,0.022710459842403677,0.016814537503883287,4.700265650473986,164.69554748535157,128.2
873,4.398,83.13,129.28,1261.7,47.32,Critical,26,845,4.7150107529039635,4.704257641122016,0.019969183122597167,-0.012378526603277429,4.702108788277733,165.53037719726564,144.08
874,4.743,83.71,128.81,1228.41,51.31,Critical,25,846,4.724835863110309,4.707427006223961,0.019139679739085234,0.009825110206345578,4.7049496726318045,164.44661560058594,130.27999999999997
875,4.747,81.92,129.98,1246.94,50.43,Critical,24,847,4.72221220757108,4.709922914462109,0.018401405300709637,-0.002623655539228942,4.707107489499214,164.22936096191407,130.12
876,4.58,82.58,129.29,1238.83,50.65,Critical,23,848,4.712210365988909,4.711046693388108,0.017957471097989168,-0.01000184158217099,4.707745349060426,164.80730285644532,136.8
877,4.653,84.47,131.29,1224.09,49.34,Critical,22,849,4.722106217921546,4.713608784349366,0.0164517076145354,0.009895851932636646,4.709540457668066,164.73939514160156,133.88000000000002
878,4.92,85.59,135.3,1208.08,54.59,Critical,21,850,4.741094550136427,4.717814514322885,0.01466773264227799,0.01898833221488161,4.71348471922661,163.71502685546875,123.2
879,4.841,85.11,133.84,1272.33,56.16,Critical,20,851,4.7410945501364266,4.721978891833995,0.011206852007650897,-8.881784197001252e-16,4.716935948090336,164.44992370605468,126.35999999999999
880,4.829,87.18,127.43,1258.11,51.39,Critical,19,852,4.745208671210712,4.724890002617735,0.011190389516632449,0.004114121074285215,4.720470038480383,165.0262939453125,126.84
881,4.867,85.96,131.76,1274.71,53.17,Critical,18,853,4.749351766294007,4.7270030753790975,0.012627107129102392,0.004143095083295023,4.7240802544570855,164.04827880859375,125.32
882,4.843,84.32,132.9,1249.74,49.99,Critical,17,854,4.753336554463612,4.72907321539464,0.014240581404135214,0.003984788169605125,4.727737291957901,164.22374572753907,126.28
883,5.023,88.26,133.69,1219.39,54.86,Critical,16,855,4.756561264891546,4.730414779954878,0.015841800719737443,0.003224710427933708,4.731340288574606,164.09811401367188,119.08000000000001
884,4.863,86.06,129.6,1265.97,54.33,Critical,15,856,4.762568067755043,4.733143159830011,0.01764469767155378,0.00600680286349764,4.7352437609721605,163.6251220703125,125.47999999999999
885,4.634,79.92,137.09,1247.59,51.91,Critical,14,857,4.759109202361299,4.736177603750365,0.01795348355044363,-0.0034588653937444036,4.738226941145803,163.0528350830078,134.64
886,5.105,88.59,129.44,1229.61,56.26,Critical,13,858,4.792416474667729,4.741633719261324,0.02166852906824011,0.03330727230643049,4.745000632836044,162.30858459472657,115.79999999999998
887,4.924,86.91,128.84,1232.85,55.32,Critical,12,859,4.801128936684232,4.746549696406457,0.02611461890897987,0.008712462016502442,4.752016670817067,163.00952758789063,123.03999999999999
888,4.789,85.13,131.32,1175.74,55.98,Critical,11,860,4.826003888657088,4.753949238789998,0.031673097853946765,0.024874951972856607,4.76126507304707,163.27495727539062,128.44
889,4.697,85.61,135.48,1280.44,53.9,Critical,10,861,4.823003649179627,4.760493757861285,0.035176142270007954,-0.0030002394774610863,4.768982395063639,163.73033142089844,132.12
890,4.953,85.57,129.63,1243.14,53.81,Critical,9,862,4.836794137994022,4.768132553222815,0.03854872314649251,0.013790488814394486,4.777458862929936,164.2119934082031,121.88
891,4.885,86.47,130.64,1243.02,51.85,Critical,8,863,4.856648281822901,4.7777617476117475,0.0415081568602007,0.019854143828879067,4.787357540291556,166.1263397216797,124.60000000000001
892,5.147,85.97,135.58,1221.28,56.09,Critical,7,864,4.889762693628393,4.788938845992204,0.047579812798728485,0.03311441180549224,4.80015818445866,165.55614318847657,114.11999999999999
893,4.868,86.42,131.16,1240.2,52.32,Critical,6,865,4.886291790986972,4.7986186620489075,0.05173888898892556,-0.0034709026414212474,4.810924885274699,165.94036560058595,125.27999999999999
894,4.803,88.16,129.98,1226.7,53.42,Critical,5,866,4.883791150325738,4.808131768728194,0.05349540581135057,-0.0025006406612337884,4.820033168406079,165.6518585205078,127.88
895,5.072,86.16,133.85,1239.96,54.26,Critical,4,867,4.9001849148782135,4.818463518306028,0.05540623222793038,0.01639376455247543,4.830052136715095,165.69344177246094,117.12
896,5.086,86.63,133.2,1196.96,55.85,Critical,3,868,4.914989928779102,4.829506062471702,0.05712752332884074,0.014805013900888397,4.840669360723095,165.31141967773436,116.55999999999999
897,4.981,85.77,134.46,1235.03,55.88,Critical,2,869,4.924175748285189,4.840895342059807,0.05788200745754565,0.009185819506087434,4.851107659168356,165.83930053710938,120.76
898,5.067,87.8,135.63,1239.02,55.6,Critical,1,870,4.927180140134246,4.852269933742653,0.05688125776567467,0.0030043918490569865,4.860616719289093,165.61278686523437,117.32
899,4.969,85.13,132.58,1227.18,53.43,Critical,0,871,4.934225734601124,4.863713778199059,0.05477394432942031,0.0070455944668772474,4.869817846203095,165.94185791015624,121.23999999999998
