timestamp,vibration_sensor,temperature_sensor,pressure_sensor,rpm_sensor,bearing_wear_sensor,health_status,actual_remaining_life
0,0.25172796127404307,40.89792461718982,95.362426796179,1516.9693926169607,1.184526046497734,Healthy,150000.0
1,0.05,39.97002396724153,105.24718475780647,1410.3116906583982,1.1213764321840016,Healthy,150000.0
2,0.36956042937744865,39.98304372027805,102.16293999286204,1382.950934470449,0.8960221567175051,Healthy,150000.0
3,0.19261965443537554,40.559366751809804,96.77220949511452,1554.7737126811173,1.390495257835445,Healthy,149328.14829602835
4,0.34331303617936726,42.14757438227809,99.52166683225485,1468.7359982539529,0.8800092262295729,Healthy,149603.8071467455
5,0.2044275801221639,40.012610579099466,97.24367459281802,1493.2154169007918,0.981945604154905,Healthy,150000.0
6,0.10261915347396586,40.26616564496315,104.02159817360648,1421.6935775833442,0.7120875563161038,Healthy,150000.0
7,0.32037322819697006,39.324620136166914,94.36122382719626,1546.1845910847187,0.8101878205644578,Healthy,150000.0
8,0.14614551233381293,38.51517527830574,97.21524293329396,1468.1113468643202,0.6866797387855669,Healthy,149574.33917773273
9,0.16705177595812457,37.758863980591386,97.60560107053504,1491.5774681004198,1.2930463558827632,Healthy,148707.54539222282
10,0.2535991562746783,40.008104731587224,97.9381840155465,1434.9385651948382,1.1749656205500636,Healthy,149823.55004781636
11,0.32169600826795314,39.66429429348909,92.15957063818158,1430.850480910517,1.2452339562574357,Healthy,149673.47058253607
12,0.05,37.47101108752017,96.59922561213628,1526.077877046262,0.9797241208623554,Healthy,149435.1941230002
13,0.05,37.29458055194503,95.14349533313221,1588.4656290301573,0.8774962226008441,Healthy,150000.0
14,0.05,41.49271444720819,99.66551531884102,1492.9861477796326,1.2661843390705183,Healthy,149409.65034128405
15,0.05,36.78397158863486,103.66233243464443,1495.418612271443,0.938153853634844,Healthy,149948.06802456838
16,0.23424510290012,43.6063471140249,100.21224899058183,1443.1308188672324,1.1600288554551672,Healthy,148786.789500987
17,0.09273307376904572,40.418536366708025,108.44528180425442,1533.5979778639555,1.5210837382414921,Healthy,148702.36751271502
18,0.1166421506438258,41.11033986712326,98.4724692099614,1539.0973250854806,1.2317403886888392,Healthy,149533.6702397076
19,0.2656894206917541,38.05175013812898,99.12812372656657,1568.4724770240173,1.164234373470438,Healthy,148483.9284274988
20,0.2698594134483384,40.132809518125455,97.8156315787627,1456.3756450940355,1.4123535200703947,Healthy,148813.22710252012
21,0.24760694639702785,37.6041525513518,97.42222258842772,1508.3696387473392,0.7051349503096811,Healthy,149001.6937363895
22,0.5130572560786966,39.74068115367938,95.26073179393727,1492.7446304609202,1.4378854971753698,Healthy,148864.20184159736
23,0.5008896316722168,41.42983875298426,99.23444822642601,1559.3908518141307,1.2957863842083177,Healthy,149406.4058115917
24,0.05,41.08094234099375,102.83516404391001,1535.7848982337193,1.033897536673783,Healthy,149257.338924985
25,0.05,39.93501689337855,98.25617085155217,1452.4662340073562,0.9453145625337618,Healthy,148669.12866554357
26,0.4896541614128127,39.234050062945165,102.39232827406148,1432.9428416443968,1.4220548220244733,Healthy,149220.67353614315
27,0.05,37.63985569319616,101.41104268681339,1607.59256303046,1.0155211470538197,Healthy,148021.54028623272
28,0.29916698610941117,37.46885424352879,101.35163928110192,1493.910881953034,0.7456673853282461,Healthy,148612.9277912328
29,0.09612052580442465,38.3912010398341,99.36581318956776,1507.7061465396853,0.6198577274352559,Healthy,148777.59536090025
30,0.05,39.97597101042686,98.0471240252886,1452.4707795334978,0.9760187989251862,Healthy,148398.79160934422
31,0.1843393227032192,39.08784339325867,96.8458688609607,1413.720194963774,1.2601127394110505,Healthy,148137.08352414306
32,0.231446958716032,37.617571662752646,102.91432938686074,1462.0769361294356,1.1166043881915413,Healthy,148560.79820265868
33,0.05,39.609876121565165,97.3861619245398,1496.5175623420448,1.371812630655885,Healthy,148107.68376263877
34,0.10792049008918136,37.636639050669025,98.12334350373062,1403.9881879701877,1.5975525553442693,Healthy,148263.67836983633
35,0.4809724383195606,40.813952030042614,97.98838644311569,1496.7023458249826,1.4755446586845702,Healthy,146979.8998301999
36,0.05,36.985949493011795,102.60353509999173,1519.390612783486,0.7705870412280562,Healthy,148978.08223548374
37,0.05,43.98525194392366,101.94100251410613,1509.5674009147986,1.723440410422366,Healthy,147833.63585089438
38,0.08444981413199093,37.47148251266792,96.82532375324274,1527.4575513751959,1.1226439693957375,Healthy,147565.72760242835
39,0.05,39.37566670018484,99.75300023146424,1444.8394429756502,1.1988437639344718,Healthy,147997.33619801834
40,0.1480494681519134,41.08219009192594,98.35686742855368,1462.1836397217824,1.2163278044715846,Healthy,148261.40329480526
41,0.4824334769563232,38.63360053424487,97.15792319525181,1504.3343067227509,1.6875177172546234,Healthy,148992.3035393632
42,0.2725032918380985,39.694872198003026,102.80862983953125,1555.196002093027,1.3330840785592741,Healthy,148425.43916422568
43,0.16248076620617624,42.13758870233489,95.73875447834965,1429.0504986676972,1.1652628122586872,Healthy,147639.72731881338
44,0.26635361196381246,36.57934937735263,106.35783663920674,1516.6470904310481,1.0664228131883193,Healthy,148181.68921611225
45,0.05,40.77559400104265,101.00096473606942,1543.9349110350636,0.9700430232003145,Healthy,147157.87501218007
46,0.1935438995528537,39.500744354180796,95.09677394003718,1492.3108299644953,1.2045690130531104,Healthy,147666.28323032917
47,0.11622965239686749,39.6011517755761,92.38005042124978,1477.1702648417415,1.2356254277002008,Healthy,147597.52170029946
48,0.05,39.449891847767105,102.65834484696552,1508.0300410336522,0.8928280033240718,Healthy,147352.36957744858
49,0.4450868534183827,36.799933095543025,101.14385367814879,1506.5730031665344,1.0025798492848934,Healthy,147055.66950633202
50,0.19207697157594777,41.69570797176149,101.84347318160656,1453.0050305054656,1.5018597166825756,Healthy,147359.82878203978
51,0.09845394936782556,40.53178742723832,103.42911853222041,1485.9588533670276,1.0713793577120898,Healthy,147384.18439298435
52,0.05,42.93743178356698,100.62257921872613,1532.1493646455722,0.7393026869180652,Healthy,148132.541712797
53,0.3863849964589902,39.54974930292471,94.19245987414938,1540.78064511169,1.7785089364979507,Healthy,147497.0114747143
54,0.07090520881721891,42.32922640720167,100.9033859596543,1563.5708723582736,1.330780075399528,Healthy,146977.20747612655
55,0.05,38.53926054247267,98.68615135918968,1429.1457168769823,1.069480617061941,Healthy,146913.55977366946
56,0.41202407085155024,38.04883191297979,101.23855432078918,1588.7654204291252,0.5,Healthy,147726.07466267023
57,0.15677658732906946,38.614564631105225,93.94012510250829,1535.3530551131119,0.8436857244415402,Healthy,147287.43259254805
58,0.05,42.36814063880406,97.8482852876093,1572.1492840508781,1.0054614851604824,Healthy,147539.02090855117
59,0.3130514350131331,43.12971370768901,99.83615281414578,1452.425897475315,0.8278265090896864,Healthy,147078.3679137966
60,0.05,44.0106501580239,103.06820449787993,1488.581285419209,0.9375213914608901,Healthy,147345.89367681908
61,0.06477020858932561,36.775473304894334,105.0849294710158,1544.0036376314852,1.2691705631303276,Healthy,145998.93946571
62,0.355140351592587,37.364976529466745,97.38029716446836,1541.3769021257865,1.0179959291192704,Healthy,146472.1433512019
63,0.735794365052244,39.31239846924485,99.79678271466783,1536.7127901234812,1.6117412869381107,Healthy,146957.0502517155
64,0.05,40.86666162671719,97.57751419282427,1470.1535278664423,1.174522397754098,Healthy,147300.46110774777
65,0.43101873368015986,37.25661253915888,100.75634997379225,1559.8180937312368,0.7526627095847095,Healthy,146666.58746726677
66,0.17671682598035762,43.32616222980191,102.34336984154416,1492.1064826747681,1.1697553179324756,Healthy,146404.27675464444
67,0.1225164917394643,41.587036106210924,97.0827762218049,1526.3580806616628,0.9952463366359742,Healthy,146402.55050829524
68,0.05,38.45529888560405,95.00409912142631,1441.1046168663456,1.3894336389632278,Healthy,146657.30785978516
69,0.20199257401084036,39.45934697904391,95.82696488143952,1466.8388337952247,1.4467244677946733,Healthy,147188.50703636304
70,0.05,38.523585525143055,104.57243000545692,1496.0132926506603,1.214536411026153,Healthy,146586.60839959144
71,0.5774909177798716,37.2727374444039,105.21989502761602,1500.6559234825984,1.279324003647792,Healthy,146019.5262371318
72,0.3506111103339694,43.443186733147044,95.96759138845026,1530.9363626276443,1.2997277887374832,Healthy,146676.5066338816
73,0.16026076730264022,37.58817677264872,92.20656802808757,1482.2154673968475,1.5183795015737107,Healthy,146482.07821213242
74,0.42700583793378594,39.28840639687833,100.20421998757331,1510.368109814011,1.0778483813316104,Healthy,146776.8052605162
75,0.18555243555569884,37.66479962254649,98.3743228975456,1525.9768602354827,1.0275022442293669,Healthy,146416.34781835633
76,0.30404026705160037,41.31892803767165,108.48791474437368,1564.645815191675,0.9139152087224549,Healthy,146193.83604961785
77,0.05,37.80458834281098,99.90169760012546,1451.0125755701627,1.251113720870694,Healthy,146152.16833061478
78,0.22975102560765837,41.9432745782086,104.61159467940134,1498.8977833817655,1.2502430675098248,Healthy,146145.13319001812
79,0.2728723075650218,39.75294751374789,96.16800882073781,1543.22443413647,1.6937642850586616,Healthy,145588.2168537356
80,0.06681804954244058,40.43470188128457,96.44172206524624,1503.1666673039854,0.8001369020262168,Healthy,145086.81908155198
81,0.10463748280084884,39.01934449286611,97.19258994079877,1510.0637589588991,1.1772950195270995,Healthy,145856.73287017032
82,0.07763483173691113,43.10965354188374,99.84167910546499,1449.0659179055244,1.0325275471032818,Healthy,145981.45597587962
83,0.30612815356710377,39.384349209028144,94.96238776366441,1614.0584894515134,0.8858873266132912,Healthy,145720.61055672046
84,0.05,44.33429241132533,93.79033535620422,1554.1447990136535,1.593661619285839,Healthy,146103.46253063856
85,0.4292733128724667,43.26485779202291,101.02793054745165,1552.6758467039758,0.9574894503655229,Healthy,145157.68704454252
86,0.10731873074285755,41.36470342265135,97.54545673526577,1545.4428701012162,1.150608127745651,Healthy,145761.46890595084
87,0.1899869624834879,40.374716066433436,100.47291865134378,1468.2354855030662,1.8797282667609394,Healthy,145346.0338934664
88,0.413637575784951,38.20492842994301,103.31337544186349,1532.985648141881,1.268576665041666,Healthy,145224.56957601168
89,0.05,39.51357401071949,99.87686993834511,1526.253595893919,0.8346783035001012,Healthy,145275.92504095894
90,0.05,41.14789886405493,97.02517495523404,1503.4486846563473,1.2931380904731435,Healthy,146529.43457853264
91,0.05,42.789636160671336,96.43349625573116,1532.0949888140105,1.6258118940192527,Healthy,144334.60263116952
92,0.1948356640732002,37.01775774991344,98.8806470749585,1612.9462358256326,1.0190131695815356,Healthy,145244.35217820448
93,0.21969069962762017,38.8187330233275,98.93728368087052,1477.046850694486,1.3054847413115298,Healthy,146034.94080685647
94,0.2889325177077416,42.52872744807616,100.2127733423903,1542.428948458264,1.603555615721369,Healthy,145683.70029491396
95,0.15872063715552645,36.53066432476851,98.37599329424265,1468.8743903406137,1.2908247846370648,Healthy,145169.90138521153
96,0.15787059918623597,40.48176371701858,100.01523218988659,1513.6512901897809,1.2896357807781627,Healthy,145505.0000786097
97,0.1067787404284293,38.934880540864405,99.07120793838428,1490.5044513079922,1.7683346409271343,Healthy,145172.31714347107
98,0.4565460294982896,40.47121752875571,97.13953634143722,1496.5198724840075,1.6404245808618485,Healthy,145661.86647122822
99,0.4348242299134538,38.99490266962022,101.65664871036202,1548.2227893676106,0.9869168800654404,Healthy,144761.04388265288
100,0.29042437375040203,42.28861969977181,92.3292192894868,1563.7083992010064,1.2604403672032978,Healthy,145129.80178244712
101,0.3258139452806621,37.6776129527377,99.39233039260695,1542.5393521224478,1.2012503314550578,Healthy,145384.44542005289
102,0.10403917518969319,40.66970462898255,99.02686723324811,1503.14787999528,1.5452249063945513,Healthy,145232.58512591533
103,0.33248927131280137,40.98439719841534,95.90395278152101,1511.861769501711,1.0812105145263018,Healthy,145063.36500706006
104,0.5155206785019552,38.38678661230115,98.14418617107867,1510.4888097303324,1.3978463472929954,Healthy,145416.91470159404
105,0.05,43.30458975232734,100.44902422449569,1483.7763147545634,1.1017294993219615,Healthy,145230.87331840166
106,0.13533929269597383,41.85896116569835,100.2458494587508,1468.5362928605532,1.4335487214065328,Healthy,144272.2968276251
107,0.5903807836540956,40.600519036808784,97.17744927181157,1503.6980731093904,1.591814169395831,Healthy,145408.46231959577
108,0.3640328315225915,39.78192968178918,105.18249601851522,1577.437790664178,1.1853608961771582,Healthy,144421.84554923503
109,0.283975196728751,42.156490485702655,98.15752875505896,1455.2330755463684,1.1027314984433418,Healthy,143710.5024379851
110,0.21305300003616873,41.28055904874913,99.51394478638971,1481.1202993909585,0.9050087949702481,Healthy,143652.18628899593
111,0.058475665901289386,37.38983501608192,103.40991068256194,1485.2977739554099,1.4761378136692729,Healthy,144221.3129371986
112,0.3758852700325977,39.72127360207493,102.32426769401768,1476.3005347267517,0.6678553029911274,Healthy,144080.89430351157
113,0.056466119150573535,40.459420736961164,98.54890666480739,1454.6636733024075,1.28329316208413,Healthy,144076.4799788741
114,0.295388999536637,36.37696992378893,97.47707636193914,1534.735965847502,1.2517940029896992,Healthy,144182.7239885008
115,0.4154071522284828,39.26439361616747,100.8325314708009,1517.4924113861885,1.0949947360848848,Healthy,144923.62718132918
116,0.2174362369414512,40.829014425626035,101.11603604822022,1514.0510280630285,1.5978282970886677,Healthy,144398.29623094414
117,0.3152751050449965,39.613036783584384,98.00025196787348,1594.8576152402954,0.8447564909920219,Healthy,143799.36125034263
118,0.38336895006219746,40.99904204548035,98.06436535990824,1512.2717885004474,1.2326459822242684,Healthy,144258.19324239655
119,0.3111082568604978,40.43353168425261,100.58614624929456,1470.6990613528196,0.8397996014586238,Healthy,144055.63198259834
120,0.3238280237871006,39.23116055430032,104.17344158836958,1411.744897727282,1.4293091936177782,Healthy,144074.73696819763
121,0.6014898153609614,42.739414358426465,100.26804603911499,1433.5016325862537,1.1817231415691856,Healthy,144171.34463289348
122,0.3214843771541479,38.09392532387207,98.99175178339367,1475.6903404736047,1.2532473460538311,Healthy,144155.51256279528
123,0.05,43.1481072001226,103.32899118504059,1536.9627243616724,1.5569545815420707,Healthy,143532.54866532554
124,0.4387388449696945,37.39098136881084,102.80860527030771,1541.2414175134563,0.8771938354825992,Healthy,144614.26701374317
125,0.4509905425356341,42.42291532400391,100.50359583292303,1393.3234251636982,1.2579929270427859,Healthy,143875.1532312342
126,0.38162183004781164,39.49893764836566,101.99340504667498,1612.0629191958903,1.3883685489420943,Healthy,144495.74106559562
127,0.19276333103626514,39.333065777299005,104.3797810155146,1581.2194238413185,1.1157987366294235,Healthy,143663.29287183323
128,0.41827924000161487,38.680401467749306,99.32004938331242,1512.8356577954237,1.4063181336747357,Healthy,143447.37975897625
129,0.47111724037494696,40.66305145966541,104.10752244391279,1555.5152929477513,1.038482003850583,Healthy,143154.93318815136
130,0.21140159939003073,35.60562414047429,98.80540453652638,1500.7774422332493,1.5786585893074778,Healthy,143375.82372570486
131,0.338380617926315,39.52257226843536,99.25401257984686,1529.85755621568,1.1209142171748967,Healthy,141844.0587071399
132,0.15664655603978375,39.01377215425094,99.02449736736487,1525.0800135242878,0.8024795380751722,Healthy,144086.55652780723
133,0.29806044750729666,40.29716859438155,100.34861348529499,1455.8697851414522,1.281534136427433,Healthy,142991.26608382337
134,0.428326395161874,40.54597967630753,96.11343587418048,1556.654352420786,0.874849819188541,Healthy,142962.77641525937
135,0.5752516613043883,41.7969024843428,98.29607640293429,1502.4187793004733,1.7062529855006252,Healthy,143780.08650825568
136,0.32397647341684377,35.072250374790414,96.8654946060851,1554.9679929275662,1.4286367460104035,Healthy,143106.59398050772
137,0.2714075095447755,39.585347768241924,104.0028468763018,1429.3776140664463,1.3062540235341757,Healthy,143244.05529818463
138,0.30003112381250197,40.782026369862294,96.570383850171,1525.5340999815407,1.3688744161180133,Healthy,143098.9214527018
139,0.05,41.50181717494383,102.10429112227258,1539.015551906516,1.8316329941200933,Healthy,142007.9651791614
140,0.11643770821909288,38.877025061704884,98.17906776102816,1501.4893495619729,1.3294647218842366,Healthy,142815.65331364423
141,0.28932140936054895,36.850339983406364,105.52776301159781,1445.125388131302,1.9853432635045176,Healthy,143268.70239486446
142,0.26699180087788743,40.504185673257126,97.26218470289545,1495.5792963580739,2.0176699219897802,Healthy,142412.91759417194
143,0.3681651093946591,41.090476051955335,101.83631467411405,1482.7824565660114,1.5749259681202288,Healthy,143133.0402014193
144,0.5070640436733314,39.63606982974955,98.49950542075455,1429.8431146531077,1.553935339137428,Healthy,143443.29221767263
145,0.6946488972745561,45.56957000592379,104.62830509949583,1585.2847882527421,1.1376210935825997,Healthy,142880.99371579848
146,0.33647589826232965,40.3435830436724,97.81489358972051,1418.7357078455316,1.6361237035793375,Healthy,143072.17599758308
147,0.42885757624417364,41.32909341161869,99.48711837647525,1446.040645289651,1.2638185582772632,Healthy,142668.17830230502
148,0.1235071415580925,39.43929082051627,101.08249937072583,1445.162313760514,1.7060823764901292,Healthy,143081.7031004995
149,0.5063890695537623,40.144703257337774,93.5227366708005,1426.5444963250677,1.5256266480705862,Healthy,143143.4062812502
150,0.17792729267297314,39.04926275287842,101.49269641463702,1483.879320569408,1.3989231227927998,Healthy,142893.76754828473
151,0.5976348565572626,40.39548465748145,99.14257468256923,1507.7088025913336,1.675744223931116,Healthy,142181.1088580214
152,0.37945401061178186,41.97696736707094,96.81456878978993,1485.166304434019,1.690845749474059,Healthy,142789.4743286473
153,0.5163005096001734,38.581106938328865,101.37920848461364,1482.7648527292847,1.1420392171910427,Healthy,141798.27365662495
154,0.42397144988102864,40.45011287086914,101.03305587830452,1493.1851614063155,1.359199817774526,Healthy,141986.15978964916
155,0.2310568406602526,39.988791229891156,101.25736794719529,1420.9262141946435,1.4568863966895702,Healthy,142216.98283221704
156,0.08402613165945805,40.12829620584501,101.66884173002661,1564.2409836993002,1.3790468440523078,Healthy,142857.03715385086
157,0.21632338179176372,41.73798778025168,96.89433599784618,1414.9602780042394,1.3743149111592228,Healthy,142073.55343593252
158,0.47785232036587266,40.850919015266754,95.12456766982912,1466.694298737528,1.4946137799359902,Healthy,141751.67885358777
159,0.2641190517797857,41.2019807305497,99.00443549329646,1492.0343282471072,1.8092572359431924,Healthy,142109.09715593705
160,0.12817466492164561,41.12435791013187,95.80482738856546,1377.6018318084107,1.4529271674127973,Healthy,141790.35065691677
161,0.6527803686087174,38.1724721628776,98.21778851643175,1386.0948467928356,0.8480674644672764,Healthy,141736.82009257367
162,0.5784063805539273,40.76365706198959,102.69626327488761,1468.1933317270418,1.4523172755574032,Healthy,141604.48800789376
163,0.5743079116929869,41.22670659739824,99.05688469898556,1521.0894606542486,1.4837989782700072,Healthy,141423.83829439493
164,0.46771962062103756,40.838399837934304,100.1297921142225,1507.1831848059583,1.488463317986437,Healthy,141274.84833167604
165,0.23688234732925087,35.34433857459648,100.33974016670585,1547.97447260223,1.1872129784351628,Healthy,142332.27325221788
166,0.25062595269385957,36.39297911725185,98.08071993011336,1523.4810547042757,1.3702305984802032,Healthy,140362.0101191936
167,0.40654853366379345,39.654264335583065,103.02894719234244,1465.5917873669023,0.8717158198187692,Healthy,141367.25552238623
168,0.2901248181227279,38.78494667382114,95.96393658373977,1510.5151723142258,1.2075522886472747,Healthy,142111.69450221455
169,0.5476299419282877,37.89485794006306,103.24678569329355,1522.7788979341499,1.5568034696008828,Healthy,142371.9156218127
170,0.14221568127887607,39.52743378712892,102.65477123952226,1499.2882518729,1.9579039831854477,Healthy,141275.01086245145
171,0.16669553148105248,40.23769929654164,100.10367800544788,1557.135971643314,1.648272326542621,Healthy,141875.44767437255
172,0.4329811443629306,38.7201736233287,95.03056634260258,1532.4096648922769,1.3129776416001597,Healthy,142078.03469509308
173,0.45473701656724275,39.59168932435876,98.02337873315766,1551.5956912333236,1.8348277493578926,Healthy,141692.0519644219
174,0.5556390148149932,39.41373718066639,104.14038568717068,1514.8662007895782,1.2837285168565415,Healthy,141270.05295417004
175,0.4577085374674356,42.78473908273885,93.84509777823767,1516.3158403232844,1.320701661446097,Healthy,141205.39728066817
176,0.638274429309349,34.921643803460704,99.36528364194831,1514.4536769067017,1.1223956018556018,Healthy,140567.45845670922
177,0.2120723666754021,38.56287138519758,104.27195741717546,1471.1876430910297,1.2116040187104653,Healthy,140857.53365288314
178,0.21527417529141304,39.335290586538854,100.20956577874637,1553.0255065485476,1.4753570474480315,Healthy,141331.1003406276
179,0.3069901099578235,42.804409486185634,96.75841910925165,1621.7575288258665,1.273910550525501,Healthy,141035.93464111557
180,0.39614744086190684,41.23482310898332,102.24884706764122,1505.4127672153961,1.7685100053392735,Healthy,141269.94011634527
181,0.5888909089993815,45.77228484715643,100.45086068776294,1504.9111500108843,1.7336559991856912,Healthy,140062.63174362518
182,0.423982137492396,38.39270999704008,98.75761932346175,1554.6123182628596,1.3421178788688928,Healthy,141264.7436867689
183,0.2712586494265057,40.48561918001839,98.33248097627165,1461.2444311238244,1.9596024559638008,Healthy,140232.85195440525
184,0.20868155239322644,38.66666963880029,103.46096840832185,1545.8135243679064,1.2321002993895367,Healthy,140612.44072374483
185,0.20017409897590635,40.977450828622935,100.86887343204826,1474.0909123428296,1.3989874554066997,Healthy,141936.7574271983
186,0.2882005203589246,42.96788729552835,103.31674388768074,1569.32247699134,1.451535789328095,Healthy,141084.5748888035
187,0.41158307514342224,40.20612123272335,98.32307373446754,1492.8242546661043,1.6982435462430303,Healthy,139876.7640740655
188,0.3768663011619738,40.84970927351971,99.4989667953296,1552.52889290256,1.54581825116845,Healthy,140960.46078688753
189,0.5004716428707148,39.79519379169299,98.41504301339958,1561.4069769758662,1.5135230911798951,Healthy,140735.74306324002
190,0.05,39.72945785801253,100.3228715153383,1454.032093842328,1.6344940557253984,Healthy,140722.1178947238
191,0.12743011596077536,43.91172800859239,95.53528950086222,1552.7464877800548,1.3428033904345933,Healthy,138751.7724363208
192,0.4203271535718565,37.45455321908405,101.03537998273383,1482.4579420640405,1.0342873454005508,Healthy,139434.01473323067
193,0.4724683755880297,40.168360010058244,101.2771062438649,1450.010803600169,1.243827938009055,Healthy,140376.98222413263
194,0.4876358329122498,37.96411172029962,103.60911040599555,1508.363536939807,1.4981787173407215,Healthy,139976.36407583236
195,0.06326843997806603,44.01515369694625,94.61838537303842,1516.767242848385,1.752933975590871,Healthy,140905.98542710245
196,0.7083107528894848,42.238339333729186,102.53093105623704,1467.5169225428967,1.1625613237134493,Healthy,140629.68012356912
197,0.390832517688677,38.78938735963293,95.98888424725658,1412.4952159229829,1.9820049199215355,Healthy,141053.24675078783
198,0.05,39.45238122496856,107.40121619083058,1470.9963678139504,1.4300107099725081,Healthy,140597.58875501866
199,0.6076744904646405,42.81882874723724,97.62941451825763,1421.6991370439084,1.6354120824336498,Healthy,139772.23864501368
200,0.7957713479775854,38.3300340644197,98.34864041008247,1511.868900211941,1.7477516557924173,Healthy,140287.83905630553
201,0.48356531790603186,39.10551857878362,100.61295068397379,1550.6701622719643,1.132479568763314,Healthy,140287.06389644527
202,0.078504133554605,36.34850859607049,101.35923144723269,1451.6835011184005,1.9545538569805176,Healthy,139446.42490036675
203,0.6658114570196718,43.053767186827145,98.80687297524925,1560.4727421976254,1.2215957660473693,Healthy,140421.10668727124
204,0.5166399790318816,38.500274719763944,101.1166277689745,1449.0890479509621,1.8308779728114395,Healthy,140451.38470916642
205,0.47890627782740164,36.54036325808522,100.72973520568739,1401.2708928933332,1.5755389599322238,Healthy,139635.83004928014
206,0.05,37.52620218175112,97.50960854409574,1566.9738717977336,1.548550082097676,Healthy,139974.88127361913
207,0.3595384438005334,41.47543763108962,93.93834318184325,1490.5754424699333,1.5648924776552688,Healthy,140834.01109778098
208,0.3938212672548781,41.74907365886582,98.99947683932201,1505.1437596755711,1.472493191801254,Healthy,139333.42077632964
209,0.4919690523730258,39.61221376751858,96.05075041410255,1452.1068915814894,1.3746337609706334,Healthy,140551.058321533
210,0.35755700418945785,40.38993484692188,102.56144619585513,1562.7071328101606,1.6802987471037412,Healthy,139048.00956233166
211,0.3891746721691436,41.26871760343128,97.70805902989736,1508.7465851900456,1.1309652338188998,Healthy,139221.65560091782
212,0.19473611676820873,37.79339542002022,99.00671763629545,1516.3624953774306,1.7145476783539413,Healthy,139909.85976624236
213,0.5342266623251586,42.64407513657832,97.37709701778424,1547.77724475537,1.7718831510516795,Healthy,139283.96126100287
214,0.3467075003087578,34.881065148778916,100.72066823957238,1432.3282125630608,1.4992646735377062,Healthy,138995.60491918764
215,0.5126274451470866,40.09844603758212,97.21962294397063,1443.0784865916187,1.995997842797739,Healthy,139706.53343591033
216,0.533137261357281,37.49968590001405,98.82581761424876,1466.0932595677946,1.7559343083525962,Healthy,139193.2804437361
217,0.6659791813218113,40.87965163971258,95.5029646638156,1509.367265411399,2.1608235128688045,Healthy,138626.42427250915
218,0.3824103831167479,41.17992425092146,95.65143686406468,1463.0062177126915,1.58867497841038,Healthy,138785.7276005531
219,0.3082633841087118,38.65385818409013,95.7724359164969,1553.6296162584308,1.9343512552545161,Healthy,139147.06243501845
220,0.39201141827763714,39.87023607098593,95.5436724593736,1438.6911082393317,1.7502125286268446,Healthy,139092.56739815313
221,0.5433887009168153,40.25913269788304,99.60508956057019,1519.1400228702555,2.047254547392643,Healthy,139196.363589739
222,0.06515162373375027,40.08373860152296,99.82803138796174,1373.3993177041123,1.2891869634637938,Healthy,139270.76666209343
223,0.37559536951521166,37.03377695519777,96.26609348547716,1475.6147253635972,1.6921326343822871,Healthy,138839.52584311986
224,0.6447573230899297,41.94593744070942,101.23694672061315,1518.5070133940021,1.818507608974425,Healthy,139162.66244606403
225,0.7312043264104626,42.087753819625846,102.45069867639239,1522.8131118761605,2.0149187316028665,Healthy,139014.27470812353
226,0.6215489041005897,38.26006457481352,101.2044608259245,1498.3866036127802,1.3761371194554344,Healthy,138770.70921447207
227,0.38840769872840947,41.25699449318886,94.10352628253001,1519.0095740506335,1.6757192301175377,Healthy,138973.60930706825
228,0.4764956843546176,43.19595156252706,100.61433445631289,1474.638035204075,1.1608202367877876,Healthy,137754.90603855124
229,0.30496621705075344,38.243454507732096,98.39016835784048,1561.4539481598083,1.5321339816251223,Healthy,138259.00687764885
230,0.827965167084755,38.26712885132647,100.05631032430863,1478.9223491852842,1.559855789819638,Healthy,138649.4422717297
231,0.6839503285502895,39.23134279853415,103.04008388187769,1566.5269520198976,1.5619878478627636,Healthy,138174.05170731488
232,0.3680086982658708,39.3467677859681,102.53951462181989,1469.229492899577,2.0021116791978835,Healthy,138577.6250004701
233,0.94051962291099,38.1918139829329,95.30598815485573,1477.4337114721143,1.5762861968444308,Healthy,138645.05023315432
234,0.5753065598546752,34.11063394366606,100.37184681817484,1508.857393155829,1.5776644232331782,Healthy,138072.1824477333
235,0.7515749581469628,38.135217468039976,99.66146528238258,1474.5922771963803,1.5445963129048927,Healthy,138269.38441895423
236,0.5302818588283643,39.36021758044312,98.34719135689774,1550.1384882192958,1.7908316834719566,Healthy,137697.59947195585
237,0.46751676718041496,37.05736902744614,98.48071524523849,1504.2985013066018,1.74356550147801,Healthy,138864.07064734533
238,0.4022222348120231,39.97846866458221,100.7293823712392,1494.6716051913857,1.5009636966430782,Healthy,137882.59920892736
239,0.6840983804038181,41.670806324764406,102.01642525954986,1450.1933251225178,1.099305141811464,Healthy,137905.10180058554
240,0.1374021760100299,41.280364699690395,98.39770091973752,1479.417575675377,1.8904239640064608,Healthy,136945.35346793913
241,0.4501181723811355,38.210135607030146,100.16521057344077,1448.5967710594573,1.6185486334890655,Healthy,137956.3994914826
242,0.4960424306190442,40.0397397602582,102.68398709078934,1559.3816101934385,1.5796834340417136,Healthy,138494.09072197933
243,0.37626152968168736,38.40326547366958,100.11410968986729,1482.4656947707751,1.6913146585574603,Healthy,137789.47163943155
244,0.568574338181624,41.75521444859001,100.58993179654833,1564.202807209943,0.935669816581887,Healthy,137304.56844590054
245,0.9674552599302603,38.50165521932614,100.2135238160675,1477.2418079238057,1.9381448756107598,Healthy,137517.28388442277
246,0.6794580021947653,41.80378939049713,101.8567641034006,1461.3758547018076,1.5050516490293724,Healthy,137581.5764604167
247,0.6047765701799998,41.08052301600799,101.74222300549349,1423.0156241311947,1.8951244958624274,Healthy,137105.09100797688
248,0.7529546307084112,40.433426847420556,106.1342888688236,1477.729702341882,1.2120806465890195,Healthy,137740.09296180157
249,0.5322858321629701,41.66432819662041,101.09503327945725,1428.072728516147,1.5022388754415097,Healthy,136707.59863859095
250,0.9411950230824029,34.8851791117449,95.88246805360791,1390.1507925069661,2.2027927638520977,Healthy,138151.84866195754
251,0.8116695403764,38.60157569224082,98.29492990387692,1564.3582222553105,1.4898274115018153,Healthy,137775.49817123346
252,0.29366251863529913,38.790818890330854,104.6377934356137,1527.140511122259,1.7286726454334123,Healthy,137787.12042514025
253,0.9034883942525328,37.520259369650475,100.73141651702193,1470.4509938726937,1.7985350594825804,Healthy,136736.97730873612
254,0.6579408564335905,37.21393290082052,100.47102205356177,1477.4619728830733,1.254860794942077,Healthy,137109.86911199585
255,0.6864208149396233,39.97083142185059,98.29353148350751,1494.2597725042176,1.9247527421163657,Healthy,137669.29818749052
256,0.5602698742273617,39.77251715700924,101.68681854547147,1478.1061210731339,1.599083019806532,Healthy,137979.7181181333
257,0.5069232599419438,36.9679565996715,102.25473684976862,1550.6741246197328,1.984779031429158,Healthy,136941.49480615833
258,0.19847156125669918,39.61056207400388,101.68254824112933,1582.6930739547367,1.7909693717151767,Healthy,137309.43356679572
259,0.5862737910875442,39.86562620965785,99.69478549106968,1472.9420636355112,1.7178531161552137,Healthy,136502.81192706112
260,0.5521494923170653,37.629314311725196,101.43538546729499,1522.4268696618567,1.6351962090477363,Healthy,137291.97347809927
261,0.5053912426755999,43.92094713081433,94.3261257353334,1474.0523453219093,1.2378753861341716,Healthy,136360.69428057788
262,0.7630795100192863,40.99619135786696,101.59579317229971,1486.0854946482166,2.084994810431783,Healthy,137235.9473664233
263,0.23642173672435496,37.68181456144687,102.37887751208444,1508.6038341388357,1.256569882710193,Healthy,137419.95023586307
264,0.11654621668884457,37.1665727933682,101.08952500670144,1525.6573447724725,1.2119006293043229,Healthy,137194.16687984997
265,0.47901968996119954,38.72937520608934,97.42973683728547,1478.2657771331812,1.6464810838984585,Healthy,136541.8710287215
266,0.41856762636338407,41.18450743880127,97.93133702106036,1481.3967431790768,1.4622588672838968,Healthy,136661.84455906966
267,0.26189410868460916,39.633652912153075,98.92670564749395,1557.983096685171,1.9777708233285227,Healthy,136768.77214192567
268,0.8425207342002005,37.26151260840187,99.6330185839434,1472.024683894991,1.9831313331506213,Healthy,136856.93625156712
269,0.11239386052918215,38.227139846825686,99.86753068573228,1472.7103769521934,1.444392552322011,Healthy,136855.5337868129
270,0.7770631346858481,39.83722263220469,102.8345425261736,1486.2452346020307,2.1102152903277545,Healthy,135992.27401340133
271,0.6115137456036952,39.30999594793217,103.12620156521395,1411.9911434889361,2.4895907512765807,Healthy,136500.5730252284
272,0.6637194476594842,43.893358533013256,103.40782051774369,1531.6404736342,1.2529274204798213,Healthy,136972.73901675415
273,0.45992591749576234,38.96574638584747,100.8895134489214,1465.7815949112933,2.023777631279766,Healthy,136581.65441494092
274,0.5494775712165687,39.13096106010775,101.47832017772411,1493.8245672707712,1.9957550669914748,Healthy,136103.67229716913
275,0.37745757102305977,39.86710890184128,95.74442629727587,1437.0702078899212,1.9468294316539907,Healthy,137006.24980291733
276,0.6908508911280669,42.38785755225107,98.07830611295577,1532.797457352586,2.0644612333898724,Healthy,135550.65767692137
277,0.3356575641508881,41.691924571489764,102.90297784990979,1459.3062266177092,1.7957586158189913,Healthy,137102.78139132465
278,0.6140601127505737,39.71823585137842,102.35877564471068,1440.3519537929037,1.989605347018182,Healthy,136361.23404124612
279,0.23818725282961378,40.84829232167296,103.90006986349982,1531.9928840949444,1.6762597759967746,Healthy,136487.00752257812
280,0.6321503563024022,41.2242541110295,99.03702967975455,1484.9319092263459,1.6117456333262643,Healthy,135793.32688515267
281,1.0562367486349293,41.644152851931224,102.09442647420269,1555.1494678510417,1.6038723380731132,Healthy,136525.74325386152
282,0.37892708422984456,37.579582032801646,98.61994281786299,1530.169412832645,1.8623558768345643,Healthy,135692.48672290932
283,0.5079087920216797,42.34990431282303,100.51138079194544,1456.4523801828857,1.1648675089790848,Healthy,135083.2896404716
284,0.5850525584530507,40.09466162266803,101.80780219600432,1573.158162232816,1.4434129985068584,Healthy,136342.28872553457
285,0.33875479377946105,39.042289527663556,102.00253909669783,1502.5789289418303,1.600415903164428,Healthy,136574.16166508134
286,0.43856819497380584,38.16426420876425,98.80929763558999,1530.1667009540956,1.3552002156457825,Healthy,136335.5131179947
287,0.4590415812073002,38.71618455107056,102.0306385991037,1523.0855529316898,1.9289914541065454,Healthy,134604.84104701623
288,0.7741535669924356,41.98427935665129,100.00394059580367,1492.1718579419585,1.659076750648063,Healthy,135550.27547642088
289,0.8231492047569258,39.807000575558654,97.35271924802385,1540.8417707995004,1.8494544998742342,Healthy,134593.3271469242
290,0.6545133755229716,38.37953873968908,104.41043226111,1563.5449905447636,1.7496771690568358,Healthy,134918.59306884633
291,0.5183484495031138,43.3822250502087,101.9850706497926,1566.9435986542383,1.5557713942011555,Healthy,135789.26188595328
292,0.38321284930618166,41.15594225872274,96.23523567804315,1492.400975224109,1.8151014425685572,Healthy,135842.97203563797
293,1.084915585677389,43.03991762728807,103.21952380613426,1422.11355839519,2.3282388941218253,Healthy,134569.1071795212
294,0.49668410401789564,39.614272414410976,99.12158283330007,1487.1014581965094,1.4157992103856774,Healthy,136840.274145252
295,0.8921506865154051,38.02096737381163,99.35045820164622,1523.5965766677136,1.7449364050790375,Healthy,135220.15972074025
296,0.9472219909020048,39.98856303432897,104.57678374511707,1473.3392512168916,1.7585277900080263,Healthy,135624.46912348986
297,0.6811305708900981,40.739131379492726,95.24927258084664,1479.4875083011057,2.0109411286936543,Healthy,135623.53079027814
298,0.6566101541933776,39.972859140491856,104.84303046292985,1444.8517507667889,1.7333971313973744,Healthy,135457.69526222258
299,0.2739296951409249,41.326036696716216,99.55904777142636,1547.0204726963423,0.8535422233201504,Healthy,135456.477771925
300,0.26034567129141184,38.75506716490157,106.51762436372577,1445.2139548135126,2.3323342467932617,Healthy,134800.08285492336
301,0.29167541834133276,41.94447712746983,98.88357861163851,1476.3431836239163,2.271822221439792,Healthy,136127.6624894027
302,0.8446756891410794,39.438708612245236,107.87179453334504,1458.5943868042023,1.721025027354557,Healthy,135049.00225133265
303,0.7436372471634322,40.181333515136814,102.41100434606042,1484.328188100992,2.004418362247986,Healthy,134880.30401179637
304,0.4032292384624192,40.84872823775577,99.78963365428412,1517.00809615413,2.062429266785176,Healthy,134419.75835771888
305,0.6684224753347853,35.09760328974495,100.57082931875915,1402.3933399053385,2.2149443328484395,Healthy,135002.59510550444
306,0.8034465706822254,36.1054188073381,102.31388303255586,1451.1154904011887,1.6884393618624358,Healthy,134772.3150713532
307,0.6700269011628955,41.1791158636061,105.23632746065527,1421.2475969464103,1.651283062406158,Healthy,134796.5006463074
308,0.3865772677480552,40.64766838737417,102.58979019747773,1533.7123126531503,2.171582120186458,Healthy,134179.45776314577
309,0.28413433683241984,41.81585485733401,99.93809164175417,1555.427649363157,1.61942387293913,Healthy,134987.179651926
310,0.7393337871428206,40.82539894623949,99.18561241404294,1483.7474849659852,2.2544247162254005,Healthy,134868.83966228634
311,0.7159451917048008,39.293235217042366,99.51233094507602,1497.9387006280688,1.6442504399756577,Healthy,134526.36137797922
312,0.8363992284433507,39.535959464304455,101.95625429553334,1631.9992109397656,1.879776749654936,Healthy,135401.8942545709
313,0.45256992683881214,37.72501822997948,96.92147052600858,1465.322188145658,1.7409233970520608,Healthy,133324.13846436076
314,0.5014688359749245,38.5614349591282,100.6917255862457,1534.6714816879885,2.015764425550702,Healthy,133774.26336452854
315,0.5152168208166349,41.64562718520107,102.7409255673139,1501.4111337269665,2.198408205489163,Healthy,133883.70553125156
316,0.5400339960806517,41.928079311750054,103.4447600854794,1460.32580804001,1.699748720595961,Healthy,133575.54394236745
317,0.5042286226020017,40.02135399159722,98.66373687947396,1509.8702051871549,2.1063859484958956,Healthy,134455.9503533759
318,0.43119393315179855,41.728863760126195,103.52043837261576,1434.652474889422,1.9203217381747084,Healthy,134310.28089657842
319,0.5789718600738384,39.746595169853244,96.6421416407669,1385.0214258128678,1.860603596195499,Healthy,133804.46665468838
320,0.7257156097015702,39.80796651153507,99.45370311073997,1444.254394663175,1.9464020116860214,Healthy,133548.3113389608
321,0.513784990231654,40.94701295463147,92.37909661955607,1411.817684568052,1.8488106371737922,Healthy,134735.65173289418
322,0.5835703372254005,41.952765623532606,99.45884134081794,1452.3293607699713,1.595802471838554,Healthy,133673.52466997295
323,0.2946741539951048,39.668191491191614,102.13323813939508,1480.5785171291984,2.2265293801311294,Healthy,133430.37837530568
324,0.9118381114288701,39.40298108059534,102.96304626524852,1540.966162577747,2.0285114540263534,Healthy,133692.0625376101
325,0.6275816995463995,41.93143461106211,102.30515237249976,1520.6966023167138,2.088930783738261,Healthy,133512.25025303467
326,0.5940804061771705,38.86264100897721,94.5054788224927,1534.33416787609,2.250266830767707,Healthy,134349.318048054
327,0.778753303171568,38.15294276889854,100.88209184064688,1502.820978790631,1.5980413534787385,Healthy,134588.09306363322
328,0.6388926683402102,40.942446351940546,99.46569052398893,1462.754141768528,1.5025620852299457,Healthy,134297.89295434003
329,0.5631387259208515,41.190603755530674,99.24878613795639,1546.9386173832572,1.9594576014633887,Healthy,134067.8757282988
330,0.6191153571584191,38.11763301988509,100.09653845297314,1500.4830298281079,1.7557249547975484,Healthy,133983.16054624188
331,0.6950114438769013,38.24315094212924,103.25417631912639,1349.6956577649335,2.246191360969179,Healthy,133039.1254661638
332,0.650097869871439,39.40620020143508,99.39706150724494,1516.0045790795828,1.9852699851024465,Healthy,134160.51363754476
333,0.8710436395026815,40.385105965809565,100.46374421580924,1614.819523208705,2.1796938585560075,Healthy,133954.85324394636
334,0.46704063520769934,41.14714173677162,98.14362980372562,1484.0936476785857,2.0095663441733276,Healthy,133701.88297968154
335,0.3043979193757201,36.17080544444898,91.29153392323488,1445.3268728697426,1.8089387177269283,Healthy,134078.0581649209
336,0.7201195303282784,41.40444889337101,99.77337436851175,1563.208911527892,1.8534515279492214,Healthy,133035.93579256377
337,0.7030261198568655,40.52324589055424,99.72398382787705,1579.990110452513,1.4691542704860212,Healthy,132645.27366554798
338,0.4075529771356312,40.49868322473424,104.99072192032207,1593.0565973380808,1.9604516064517514,Healthy,132228.6334328853
339,0.5573073895538452,39.18797728691756,101.6710786772507,1527.948900743528,2.2825406883664265,Healthy,132834.65930436054
340,1.2271153261020076,38.59948030979265,104.99667808712024,1548.7556463872327,1.5819795701087127,Healthy,132770.72970080643
341,0.8173037729194516,42.37077091545412,102.95455606319858,1514.9288079374933,1.902876021270773,Healthy,132999.67646319035
342,0.588014297964131,40.22815012173233,98.58660063610502,1568.9148396317999,2.162108206996501,Healthy,133297.38625882825
343,0.9224080669267749,36.69481129081943,97.86665322863327,1481.6598031108317,1.666346202529554,Healthy,132324.6392686136
344,0.8680784855116849,39.664897452208066,99.97483088280897,1485.1866848302045,1.7010237998920494,Healthy,132445.05746081323
345,0.5271403755467516,38.41741836297701,95.00757246072952,1477.9151033539904,1.7771962481424228,Healthy,132444.38745393587
346,0.7032209998560506,42.718558466913684,104.61816224924816,1550.5027723934063,2.0238082664109456,Healthy,132891.80226291137
347,0.6383052794358964,39.54036215383857,99.51050049377083,1475.1685545530224,2.2136905388359644,Healthy,132432.4367780465
348,0.7170910649575267,37.2939165297278,103.49452727917053,1598.6383551225804,1.676457258140613,Healthy,132320.547404538
349,0.9429749915394492,40.200962731348945,101.20243411525034,1483.9092021512195,1.8420831881406656,Healthy,132593.10273600847
350,0.5271709765415168,39.326281441325904,103.09843675411311,1516.2724639517658,2.658491913399394,Healthy,132661.3731207067
351,0.35593992584627654,39.199021304382285,98.21104992337303,1403.3992372245812,2.044101865401359,Healthy,132405.96192469247
352,0.7224959049709972,41.96639656859032,100.79271939670555,1471.8255201332022,1.9523769117320033,Healthy,131964.14336470864
353,0.6445703721297082,41.63678498868666,108.05589190018472,1576.7373351648043,1.8024240366883078,Healthy,132235.01358039907
354,0.9018699517357852,39.59162072726797,105.03334126095058,1505.0565085962653,1.480117157874202,Healthy,132426.12148027818
355,0.5910715663197101,39.98745098065672,97.60362732046411,1512.8838524129787,2.1778421258478673,Healthy,133170.82884497885
356,1.0668305242113665,39.65346382231146,98.72922379595298,1469.0484551155603,1.8097019755078758,Healthy,132099.34283588757
357,0.5358161083202768,36.03199446714314,98.1373240826996,1423.865094990649,1.624910175273921,Healthy,131720.26172862903
358,1.1471583781175336,42.93046988071561,98.49781550563713,1558.3735015208179,2.052587736540759,Healthy,132282.6895669651
359,0.7757735725819315,42.0643099077388,99.59681840846706,1515.3357850885777,1.7068375251525048,Healthy,131871.4828842907
360,0.5998857039058252,40.967357050625544,103.44338641061051,1478.341530544147,2.157691045168964,Healthy,132179.6388821677
361,0.743537467551211,40.474081780262054,98.94638343101226,1455.6298698257235,1.6733113947906642,Healthy,131214.566623694
362,0.5993274263713568,41.568139370414,97.26740893286755,1510.5982099307048,1.789685578966406,Healthy,132096.31845765276
363,0.7137311151635893,43.873417660695125,104.34754369358978,1511.7211922012646,1.7010792681154132,Healthy,131365.51176104083
364,0.45739825155124203,41.700465525175176,97.27384034878577,1482.3070495573988,1.8650805163779784,Healthy,131294.16744477916
365,0.49404794917985073,41.58641637359157,97.82801295734541,1444.7748616768642,1.5712453713059213,Healthy,131584.36791203532
366,0.5507502976966129,38.73518441859779,97.12268147315649,1507.997725205325,1.6504579072723944,Healthy,131424.3202711563
367,0.9404267270437985,39.002788212099,98.06951758296073,1530.8149793634777,1.9340751345348293,Healthy,132241.97046755173
368,0.5062856031371195,37.86947001766355,101.61570606452301,1500.409730507171,1.9209180974618205,Healthy,132028.77273037046
369,1.000990264721763,39.72970247303421,97.8207195091516,1576.8306672793956,1.8561401298660105,Healthy,132046.54712411182
370,0.7203286149527415,39.0741338389587,106.93047126990788,1512.0062984651206,1.6723214940581579,Healthy,130572.9814547904
371,1.0752613829041204,41.58387731326544,103.45278403210008,1553.552747093871,2.1311973580274093,Healthy,131719.0848197117
372,0.6505380470154978,37.518230038545994,96.82140690361526,1554.7671295003177,1.7641060593586064,Healthy,131035.24384580352
373,0.5056264596112927,39.43138416062138,99.03770285641549,1518.4428171205493,2.245503674425932,Healthy,132312.04008448718
374,0.8308047173013205,43.17286112770367,106.76622541573519,1390.4235899583152,1.9220679776933083,Healthy,131946.19186382598
375,0.5255075040153925,40.67349123911187,100.35331046099338,1474.3105547856085,1.6675805271223656,Healthy,130748.13362379282
376,1.0472926945676464,39.2698486132044,103.94974552571124,1494.3024917196349,1.695317143571228,Healthy,131038.60229388614
377,0.8674062440811994,38.681189249924046,97.7505290548639,1450.3811186971204,2.26763403523929,Healthy,130265.52142020807
378,0.6335006744906401,38.85100414019206,101.64217646110583,1547.8581350051943,2.098607513677165,Healthy,131324.1005994123
379,0.8261064706937449,40.41160882333019,97.11796155768704,1477.4819026942318,2.5949663537012793,Healthy,129772.83002258762
380,0.9473621965353864,38.64924770360854,100.75476260200928,1400.9530064750434,1.5600857332820037,Healthy,131492.61880800955
381,0.7315314310344891,39.81123113800074,97.24280501715961,1524.074198981425,2.147761569003252,Healthy,131063.70181897425
382,0.5363579161394693,41.02067654015783,99.57640827569149,1506.0542441420048,2.034812306534677,Healthy,131582.23584649974
383,0.8110369454641988,38.618218771124305,96.07647332397926,1527.3405076930671,2.624002209317241,Healthy,130282.52146571712
384,0.599182928654049,41.57235073216932,100.49544563914154,1534.6697924768753,1.8689362066005129,Healthy,129425.93173251992
385,0.736031575679279,42.044798389097565,104.58825673173988,1481.967831931362,2.156848842204611,Healthy,131105.00835373258
386,0.7700724238873521,40.775418270027274,96.20317513980595,1459.6166149016685,2.092423907758555,Healthy,129936.83295516575
387,0.8867264878576919,41.43926694955714,101.18861149000037,1471.9035223400363,1.9552602625583064,Healthy,130082.52131643408
388,1.1583632495750487,40.24693575776472,97.70317845778975,1508.9700413353376,2.0837571506857637,Healthy,130552.93422589016
389,0.6171185333747637,40.655491698660185,102.70670628371244,1529.002912532484,2.1423679922221317,Healthy,131465.87900270443
390,0.6788960664340782,38.479622008059216,102.35804112390812,1452.4355493677906,1.9215202962971352,Healthy,131058.68104484747
391,0.4833953747650057,41.12973293578749,99.63818001745221,1517.55367022081,2.194575881768678,Healthy,130908.20756927047
392,1.050528001069536,39.54563117242559,98.25028901484562,1537.625863608584,1.9408042363916642,Healthy,131026.1776820454
393,0.9756115224520011,37.80624949081495,100.59639757081658,1432.87908289515,1.9684150030169807,Healthy,129541.54216206589
394,0.71649797388201,42.61568480520021,98.0085959233445,1622.0680672450144,2.334598231191321,Healthy,130360.9249304248
395,0.37333208323237216,42.18995056146113,102.30661745398307,1494.0432649449624,2.1503207318565463,Healthy,130356.99824509607
396,0.6408296395510128,41.438925579271206,98.66631427804252,1576.1359143686814,2.4350831726086097,Healthy,130173.91184746973
397,1.0458455806840332,39.348841824731714,101.3263003062866,1508.358151626828,2.1485163037463315,Healthy,131143.4118344746
398,0.9053432601498395,40.46605267746569,98.51154497807772,1458.3041059266855,2.2075912228817773,Healthy,129451.14153649472
399,0.5112303182521175,40.300050099590145,95.51706326510022,1509.7531740518389,2.2510131125957726,Healthy,130710.07480184041
400,0.6769476825286207,37.91206156763919,97.37246096516616,1543.3353018463174,2.7251900844971746,Healthy,130040.02827978836
401,0.3359040644429614,40.08186255462462,101.01900586518802,1449.8250517368406,2.1447553162047903,Healthy,130198.62800203767
402,0.7625042747364006,42.36016324854169,98.5086603901606,1552.4645530459723,1.886054990540824,Healthy,130073.87771890032
403,0.8149917309874641,36.75538127529278,99.69091888228087,1501.8228947900166,1.89743994081508,Healthy,130135.27153692718
404,0.996377705386301,39.91851143469779,96.3493289976178,1539.3346358069703,1.8186115796342974,Healthy,130013.2398415403
405,0.6782816310540293,39.63126518847368,101.03007928226356,1462.6611718322204,2.5217617636086938,Healthy,128777.98573419005
406,0.9029231520613974,40.90828433105719,100.9567089517985,1584.6596898858559,2.3152706455122627,Healthy,129120.62072923756
407,0.9239501500066332,40.95200400478338,97.55390940998026,1534.1820154809548,2.1762173671611587,Healthy,129104.85298084198
408,0.9942547132617591,35.95243385008541,92.22847124708738,1486.3983255202886,1.9357492636197908,Healthy,129442.1846191258
409,1.2498560059605355,38.95202700144394,100.35806936224942,1478.67875285895,2.0981346189447923,Healthy,129417.18135805317
410,0.6289239563009617,41.07753752328001,101.07875873574916,1495.8924109940435,1.6544838709764966,Healthy,128938.41984844001
411,0.8509503906317731,40.44494207746244,98.35686294604317,1578.4961988060181,2.7773445527745424,Healthy,129084.27015039213
412,0.6618158927990856,39.35593435839304,95.0536290830419,1493.102472654109,1.9859685080863136,Healthy,129591.21763981266
413,0.5642232184997221,37.56588663668114,97.25916528359875,1503.0242061304077,2.0785359010257576,Healthy,129554.08740124383
414,0.7252805710768377,40.583200840256175,106.8109615854552,1417.4157922083666,2.2435373347019247,Healthy,129897.54390658226
415,0.695828290827367,40.09060050676451,96.30733141651777,1472.8107586554854,1.9797852524084902,Healthy,130199.22031918829
416,0.9473657168263727,41.61960430654771,90.67584929163597,1469.6949023564762,2.0116319959328886,Healthy,129499.23632649044
417,0.7070940767364998,39.603846844555754,98.46033658761424,1486.312552190031,2.3010793671702423,Healthy,129484.33863769966
418,0.7591429090634527,40.194894830370544,103.04902834502855,1574.529839934178,2.554349178781383,Healthy,128948.95694542714
419,0.6254529840667743,42.56915643082192,98.47230234011087,1500.3459278602068,1.6102188997982503,Healthy,128996.8474405398
420,0.8572596940894469,38.096068966352824,102.89302905581482,1474.6263544637713,2.2428857692740594,Healthy,128685.02394451154
421,1.1738090147607356,38.524235122356096,102.77501019160943,1493.6180511236746,1.6310785665893834,Healthy,129395.55131977143
422,0.53500929246482,40.53784069095715,94.16422228675435,1462.60786126191,1.6785172060703213,Healthy,129705.47012037096
423,0.5742245943898915,39.42305217402964,97.5557298291746,1543.0577370876822,2.3838061763168406,Healthy,129224.87120091384
424,0.9084046784862418,38.76942556163506,101.67818759347087,1448.9051345027187,2.458250515145828,Healthy,129660.79942024812
425,0.8575583951952627,39.224602802429686,104.34997640833849,1487.9180467605006,2.0572274815507408,Healthy,128847.50745274113
426,0.9612448990520457,41.55554577907543,103.28487100143376,1531.6381634986224,2.4105551398219234,Healthy,128435.16582912496
427,0.9765968895870807,33.9249926410253,96.26049341493643,1528.42793274664,1.8285160390138337,Healthy,129449.93105350893
428,0.6460755970906876,40.491777182027825,102.28347126236775,1436.8942460511719,2.231389153761914,Healthy,128691.42741474647
429,0.6110340322083735,41.59047337465694,104.12387858668743,1483.8255686729315,1.7980229485079804,Healthy,129068.37510220884
430,0.8207711720932425,39.58801939949092,99.00074433120557,1587.3411175989474,2.6242481228988623,Healthy,128669.64627640207
431,0.9148483071346911,41.43352577622098,97.12354818885862,1510.4755366659615,2.6540289252162097,Healthy,128484.42563676977
432,0.684812477463326,41.8428011975326,99.55389136318328,1468.951781055302,2.147256680610685,Healthy,127767.00289749078
433,0.5313110981578956,40.34611379660613,102.05904676203119,1542.8897762765766,2.110857519709653,Healthy,128653.16860170038
434,0.4928199045307836,38.364240400467345,104.49014319700329,1520.17639544538,2.2963185295704847,Healthy,128240.67238413163
435,0.811375639758796,41.441963003752115,98.03040395804265,1532.4391402633485,2.1427314188076183,Healthy,128336.83509491237
436,0.7462251175934438,41.36125897284338,104.61225443542351,1505.8930779137916,2.398490913090564,Healthy,128440.61276419392
437,0.48205135985845604,40.835772860401306,96.06671308356293,1560.9826768493015,2.4282678871454957,Healthy,128428.2975416456
438,0.7375447774423619,39.876567470322726,100.05810944801544,1444.715158777684,2.6859080837344695,Healthy,128769.85565264683
439,0.5406854090642058,39.151049676895624,96.47164276510713,1537.9177791314532,2.4621801839943753,Healthy,128783.98333609798
440,0.5638017493167232,41.74474231418829,101.92009276879482,1568.737893052372,1.4143688246468797,Healthy,128631.42180232452
441,0.8920955885014863,42.48029705458611,103.35966418150143,1512.4714024792695,2.539061773344322,Healthy,128052.30855963303
442,0.8214558816435034,41.599893822941276,102.07791644530568,1429.2521546254206,2.6218752305495903,Healthy,127000.94929104895
443,1.084099857302116,39.989816146115565,97.69306805141909,1447.6479298692836,2.3477823335658843,Healthy,128305.70755472744
444,0.9224194309424323,43.49716855262124,98.55902851933438,1464.733630306295,2.1594994031835295,Healthy,128621.74525819608
445,0.7959677738995435,41.92117790923595,95.86628196928109,1533.402115468339,2.5253812980587718,Healthy,128090.65919875982
446,0.5093908722188992,38.5776428393095,99.1513311050587,1483.688202834526,1.7789146480878257,Healthy,127987.90288579812
447,0.8607586801952023,36.53095043886123,99.31182002336443,1535.0615913593954,1.7584177832220838,Healthy,126240.3444758538
448,0.8342154977557179,42.4993943705048,100.59298401659557,1482.5948098188035,2.1052502160322373,Healthy,127756.88226506866
449,0.7781590903352245,40.62825140841723,102.26643732153838,1535.8217873512033,1.9456943181225248,Healthy,127405.60603439598
450,1.0417022240573282,38.83906226157399,101.8565830411392,1468.2762936245435,2.0147037756466637,Healthy,128273.16548216235
451,0.9273077230301792,40.01397989435328,101.25273688032034,1556.247419787661,2.241991840219991,Healthy,127380.35943744666
452,0.6017053822247906,40.48188132998831,104.77737263133287,1515.833474485883,1.9289975021970645,Healthy,128221.09826712115
453,0.9287859594548253,43.28633468368229,96.87881171057151,1561.5128175481705,2.7449231103864764,Healthy,127415.1099653291
454,1.013916638377233,40.444814445045,101.39423415503936,1400.3677606429133,2.531241712557203,Healthy,125842.12615666221
455,0.9527380797929574,41.636709476619394,97.91652644103756,1469.3844039467099,2.3106783714516257,Healthy,126903.53876887198
456,0.879529208249452,41.13877205726726,95.58959079956328,1525.4157257734478,1.8506045176093657,Healthy,126915.7307611967
457,0.7003554281278521,40.92027067339423,101.33273133733991,1504.3403826104884,1.944922739023441,Healthy,127013.34453192672
458,1.1488854027541064,41.04213874322921,99.2368155605167,1502.0789145256233,2.5922479876073696,Healthy,126461.58056180704
459,0.6902004143396643,42.02702620836017,99.74856777726971,1564.2397301525461,2.473074836439012,Healthy,126699.82255369665
460,0.8802455766858835,35.23732453997079,99.18190259777734,1536.100899160633,2.493930220744352,Healthy,127700.81149312055
461,0.9689794073340608,40.58080746032514,97.407506089295,1485.9005995196671,2.4036559277594742,Healthy,127760.04418876539
462,0.9749652094084797,39.54167192129204,103.66251775807484,1487.0362292515235,2.1342825419047817,Healthy,127804.11827571671
463,1.0654117822995788,41.52057473780696,97.65565933810247,1524.3173200072024,2.6046849868844966,Healthy,127545.83988349185
464,0.5318867208205793,42.10206738364106,100.69251855887896,1491.3371279877574,2.7254839273913527,Healthy,126552.18794657217
465,1.178096646282546,41.48573623740674,105.81862624895687,1432.1962624683201,2.447856547100733,Healthy,126709.49426169919
466,0.6755106888895849,43.24873125109935,99.5866783454648,1510.2132339942675,1.955142436321356,Healthy,125882.11927834639
467,0.5636783683718378,42.422168398190315,104.71131632564773,1570.6378929320813,2.6666771741265283,Healthy,126860.46452248006
468,1.2439979311510294,39.72694443705351,99.51865969380447,1543.7299426200948,2.5190334376330297,Healthy,125861.86161580897
469,0.6198278217483308,38.220228863395526,102.78666876119567,1477.2470424747323,1.7133730925551087,Healthy,126770.66576819374
470,0.8482352743240539,42.30453832070668,97.54459654442549,1516.36387660569,2.175963551699433,Healthy,126669.16792252338
471,1.1212979529951639,38.99253670996939,99.171677407484,1512.3898767713415,2.4385902952874305,Healthy,126449.20647186888
472,0.8591329454416287,40.67297010273219,100.16281799583551,1553.2187526591445,2.479649718390143,Healthy,126056.53016086355
473,1.015585668642518,39.426653035840054,100.80861880760843,1475.1700896834404,2.1985182886055465,Healthy,126273.53574470444
474,0.5308348055526072,36.65006842534842,96.23400892530562,1423.2232155016673,2.4192798725579068,Healthy,126484.53598174527
475,1.0029986701375764,40.279550867129366,98.66521659562596,1538.225438260249,2.8939133273424775,Healthy,125950.16691319757
476,0.8295578363000065,38.24697879939564,96.3873142508496,1443.260440640256,2.3899779123145604,Healthy,126767.13345508518
477,1.016524141398417,44.175892379317034,100.5101845284751,1449.8275417130114,2.382622015191992,Healthy,126727.92479618704
478,1.081599920628555,41.41591121088355,100.19934949067842,1481.1500738956308,2.346575320336926,Healthy,126194.01392950873
479,0.6507159604778605,41.10945681772634,99.24930523861066,1487.8001833721794,2.4887996924748315,Healthy,126271.1510275972
480,0.5240601699503823,39.35755134786329,101.059462843942,1469.840598582812,2.1520850393293376,Healthy,125402.5998741907
481,0.7105903141556945,42.052917734946135,100.01177078173866,1541.8752770910028,1.7699037326202651,Healthy,126201.02424188852
482,0.8555254919274208,39.28457179336641,95.26695582015226,1464.2546740783246,2.5148694200495916,Healthy,126530.66538697736
483,0.5886878654931181,41.59288152640398,98.71376229749876,1546.0996570437494,2.4653241946945306,Healthy,125916.77078026114
484,0.5468546082415616,40.904397289653275,99.17207692131898,1499.0507387537446,2.094257398595706,Healthy,125823.35179841341
485,0.7153408820322642,39.54401262206073,99.76024912563105,1553.8039461187961,2.197748087223466,Healthy,125269.65931580104
486,1.0407046826553514,37.37677407802446,96.61122314591432,1462.9061328728103,2.3146523933337586,Healthy,125608.08210918748
487,0.7738452395169837,37.52057300035986,101.28364588950593,1385.2944224498183,2.2204692884791926,Healthy,125907.40481064553
488,1.1860041861904658,41.48294248372574,97.63290195919376,1524.9674789532762,2.3659506429234054,Healthy,126044.26329072808
489,0.9329189428081339,41.410030028419875,93.46473714850471,1476.9848273856057,2.5982122317310528,Healthy,125049.89755651803
490,0.9975375677838677,39.656813024261844,104.61869668885862,1514.1855495786558,2.2258672606774184,Healthy,126150.94109913989
491,1.2429925831072248,43.29723796513917,102.8823172392105,1491.8211523723432,2.1121225693846246,Healthy,125638.29174998101
492,0.745462315310583,36.43726098105578,96.61136779116143,1466.6166213734784,2.056233633975782,Healthy,126490.60765580485
493,1.094937355736359,40.333097509305176,100.49691527568338,1530.2863575096806,2.2961071259577155,Healthy,125024.12119662894
494,0.6661121425131373,37.732085332093334,96.33881664727613,1523.7591693971578,2.489429485605741,Healthy,125203.29614884162
495,1.0209164932964787,43.50401965052319,95.55735616195767,1504.7724185054353,2.3857695709573257,Healthy,125646.83304819788
496,1.0584106173290977,38.82566684906201,101.0053388643175,1460.9239075184844,2.1904955450228702,Healthy,125173.84123974263
497,0.8308089132640722,39.7690065789088,97.10114255819464,1565.0958187509937,2.165923629629313,Healthy,125164.05277807666
498,1.0284014268158854,37.79833971341969,100.08405762943171,1534.8027939509243,2.167035488162424,Healthy,126216.6955294729
499,0.9135801252940001,38.73602365967101,103.69991295666426,1506.1844597093123,2.5362300038996635,Healthy,125515.1474474915
500,0.8803913826112334,41.671219768452666,98.07581751184345,1463.455198187665,2.555143625925887,Healthy,125407.67601340039
501,0.8350958783459066,37.1417984525723,101.15828321223783,1521.971008597295,2.636721261384384,Healthy,124968.20373264236
502,1.0604761660016686,36.279689613832765,101.20792660000097,1482.636040375404,2.2125626217105334,Healthy,124466.93074085431
503,1.167739044890918,41.26570760122813,103.77520346563296,1526.9842985590367,2.6362019206076504,Healthy,125036.84949519359
504,1.227491627377045,37.11211708069064,104.09479568094842,1448.3129885756107,1.9863235310994325,Healthy,125259.24672480329
505,1.2654185354217793,39.97455257358425,101.70544220884605,1545.0728240976553,1.9810995498247896,Healthy,124322.54809663071
506,1.0638580855998463,39.94571094997184,101.6845318886988,1459.7645827682263,2.7209698345073083,Healthy,124783.14132650563
507,1.0178293931872222,39.5307333792252,102.08973283527767,1547.5187921433633,2.1966573356287222,Healthy,124559.24492089344
508,0.5655333719159454,38.683111078315136,102.12467366392512,1469.8454293630953,2.5525896561917727,Healthy,124321.58056402524
509,0.9634580878739758,43.23789372156403,96.17150876312598,1519.9385533706475,2.070383694029707,Healthy,125325.48907287091
510,1.2064928353273037,39.522209910691146,108.57544749557437,1515.676590526067,2.0659992247446217,Healthy,124961.01375307968
511,1.190773723642458,42.41105320038102,103.71919495631033,1488.3888079631795,2.5273091273247177,Healthy,124564.30994688634
512,0.9955644351565971,42.02342881737739,103.62133842059679,1521.3721288938086,2.219721557283722,Healthy,124921.78535017732
513,1.0377952184699073,40.35699308075574,101.7573714893602,1485.5360766441645,2.266741971963201,Healthy,124335.14525943217
514,1.0252911671735707,39.79645761160128,98.3508197400144,1455.3070301861176,1.6206957362551488,Healthy,123408.78639508276
515,0.8847521707749912,39.78904480105351,100.78733311103547,1502.664489430674,1.9450611944186016,Healthy,123389.84061655676
516,0.8881324484057797,38.13813766029719,102.09483796783933,1424.937021238929,2.2352576304674723,Healthy,124279.80726690018
517,0.7420018266433854,43.07166841621806,100.49777382990791,1495.965499960872,2.064078791992651,Healthy,124365.61174966807
518,0.9840675541935511,38.787982720920326,102.46813372504778,1523.4337809959363,2.2215465237280667,Healthy,124726.59755870215
519,1.0048695976565456,43.42634655147114,98.98124890764704,1514.3602198698882,2.5108690780524605,Healthy,124019.84446485621
520,0.8057708697047321,41.837133986317106,102.66409284785816,1514.929759432591,2.2056275081712435,Healthy,123485.65536430416
521,1.0627574640639565,38.33531672769834,97.5808179010105,1440.4567492508147,2.3832482556831303,Healthy,123821.37593894539
522,1.0092408717779335,39.2188515971674,99.55391955950941,1481.0718199725425,2.1967225095189784,Healthy,124059.0434686513
523,1.1697740093786029,38.46766755150578,103.38060181599859,1521.9489919342436,1.8325084189365395,Healthy,123539.25958492086
524,0.986331261928348,38.16800896786879,99.73067566360186,1497.341300978483,2.458435477865237,Healthy,124237.88046622684
525,0.694314620435244,35.64430703820907,95.72648485227089,1529.8145849150906,1.8962667950473828,Healthy,123447.34281182937
526,1.1251309585393572,37.799692263766595,97.89737171450125,1516.597332674906,2.501843435757178,Healthy,123906.37930991282
527,0.8826804871259856,38.03129254715557,100.495565592746,1540.3230483526154,2.369626747307507,Healthy,123035.20479904486
528,1.0967606823722635,37.064210386556354,102.44551199474145,1510.1780620308152,1.8950909421717534,Healthy,124457.67352725848
529,1.1078727518604243,38.907343408819635,96.12047557854638,1570.6428032731303,2.1690035059275306,Healthy,122976.99335641725
530,0.7902809515954421,39.637113384119225,99.0501839981859,1529.9502083548075,2.001637586414667,Healthy,123918.95262562174
531,0.9993199076534977,38.47755425820443,104.34651941381021,1609.3748493671399,2.455312257871401,Healthy,124376.34523870186
532,0.8763051383309125,37.83448992392391,101.66032413005006,1439.1417181613283,2.036580436902655,Healthy,123383.01854324847
533,0.9257078750522995,39.05351798152552,103.46995129941308,1537.2141834148363,2.1716107093368624,Healthy,122762.25901676106
534,0.7978344676409258,39.328010550029326,102.92311877146258,1486.6827036570378,2.3786618168758236,Healthy,122986.47825817825
535,0.8896911693687779,39.55217054132535,100.48077970980687,1372.7629452902527,2.3191419788647103,Healthy,123356.06093836682
536,0.5490694932073973,37.558632687868936,102.40915544238435,1370.5755453724164,2.356514879785472,Healthy,123819.29457844369
537,0.9279783224526292,41.63207601512794,96.1993429553391,1602.4454694531319,3.117948238310958,Healthy,122782.6608398381
538,0.9799945943458067,36.18714709914002,99.90203175794511,1472.2441795113682,2.559725386399564,Healthy,122626.50999784484
539,1.0413148291211562,40.57793622705652,101.30072432789865,1458.7326581643824,1.7752003863980552,Healthy,123449.70188048575
540,0.8769725200396478,39.019466731807995,101.20194687857047,1498.2610755595147,2.0338388093848767,Healthy,122701.16520230292
541,1.0891982308262818,36.94122812946217,96.13945190574006,1484.6508835229363,2.691520307050448,Healthy,123681.94012433293
542,0.9465346669371156,39.1839900530038,91.88058269582898,1490.852760998237,2.393070533903562,Healthy,122696.52163284695
543,0.9514965440568487,39.31122175619065,100.87624576463553,1502.7417261064977,2.41869344858627,Healthy,124273.43200969565
544,1.1391128012159448,40.600593344533465,98.36641781308805,1512.4969759974192,2.567445563196632,Healthy,122261.5245287408
545,0.7027244044850083,41.31650793107984,100.45384736090605,1574.328772281006,2.6366637966660704,Healthy,122893.73685855114
546,0.9226418574327182,39.634934632880814,100.2657718598749,1476.5013510322026,2.2027684020078464,Healthy,122327.78823669499
547,0.8968212896700942,39.53174207330826,100.56962160243064,1479.9575107402648,2.098254885962513,Healthy,122778.79538950353
548,0.9577403992990657,40.15950465041064,98.47455785355801,1585.4338836890345,2.433463769284909,Healthy,122610.61165969966
549,1.1150529588774594,38.374219328958866,100.92332589196876,1596.4199183021365,2.495532800624933,Healthy,122455.17142687026
550,0.9669928798434699,37.99923333289808,100.04091345994317,1529.630552340718,2.5839943799581446,Healthy,122520.02157621954
551,0.8488176116599605,39.515874155249506,96.12053240975271,1485.2094324485665,2.7898442410396114,Healthy,122966.84807032425
552,1.0132825055500587,40.733588535060385,96.88142530785183,1432.9180387206604,2.172006190601364,Healthy,122250.79613811077
553,1.0605826982284312,37.844940121515805,101.50793217917386,1514.8468633663313,2.723025429541242,Healthy,121096.7375172314
554,1.0793654994121897,38.661848232934275,102.1566527896845,1519.977723874495,2.2950084135319506,Healthy,122462.0404324417
555,1.2618760230110024,40.6830932788555,95.85683595342888,1427.1284557171202,2.583381500051463,Healthy,122148.3800859633
556,1.0686026968586,39.5705815546724,102.77281402224982,1471.9330406941422,2.7578223392335026,Healthy,122491.52582036606
557,0.9625130326994351,40.16055033850332,101.44798012716228,1510.4191395384776,1.9541948304820118,Healthy,122251.58713876821
558,1.1115866203778166,40.081994161653064,103.41078572744057,1476.1026276393943,2.1920929964590146,Healthy,122446.12939220051
559,0.6572421308963218,39.21347224013314,100.22530075994666,1521.0970944637081,2.8713893641329578,Healthy,122483.93289202676
560,0.7581651390274419,40.21635246764449,99.94156246700537,1455.9696329296114,2.1143974132016616,Healthy,121782.74807986239
561,1.101260024518315,40.578935175364926,96.60838959100202,1537.0859558485977,2.656796557099481,Healthy,121723.93882214738
562,0.9752816433659466,40.15466399484039,98.68473101999831,1463.14272013089,2.524008825876813,Healthy,121768.5378175122
563,1.0248881254911948,41.70585636345671,98.92137195458447,1529.6345107554523,2.76481982086182,Healthy,121760.71936798216
564,1.2643077101986744,40.33141487289362,102.15810443578255,1523.0761362008266,2.486022815549667,Healthy,122651.30144053111
565,0.9958807419966824,38.99000270382447,96.11787268746973,1547.903177753248,2.645790004789676,Healthy,122027.17084631948
566,1.147862986179681,35.68522697808503,97.41368447877943,1482.6729978027156,2.865832829343859,Healthy,121740.664725494
567,1.4197457746414819,41.4889787648121,101.1427539046739,1393.4241882324636,2.711755720966458,Healthy,122370.03536451297
568,1.2066033052024643,42.37251334861816,102.05324368393697,1500.8315952316038,2.7323749686595282,Healthy,121430.92816014399
569,1.1852985716124982,38.82017068462667,98.15466037151732,1450.8576992342266,3.073590970135975,Healthy,121578.02326557355
570,0.7817293513917835,42.74549001706249,99.34532349041736,1536.5715602942655,2.310046745183986,Healthy,121566.75003198275
571,1.0832938336746567,41.44714444683122,102.23040256756497,1496.8110589941437,3.079644634636003,Healthy,121307.64079524914
572,1.039280515006597,41.228797782131544,100.18466341674177,1508.9474377837814,3.1322992065602704,Healthy,121821.92738268743
573,1.076287124817484,40.14985679828518,94.33852401014911,1426.8240256988447,2.9899959737039814,Healthy,120964.3583330607
574,1.3627781205862894,41.4096614534259,100.34846936915426,1451.7816788270006,2.2027592684337,Healthy,120442.75745917352
575,1.178427341320112,40.64398357693288,100.67550736848985,1617.3789442889054,2.5463258518619805,Healthy,121926.61154617871
576,0.6636394706486843,39.14963639917133,102.34148354016035,1407.0967904699105,2.2795007156374654,Healthy,121698.87166092778
577,0.8034652729229583,41.17249964769783,94.28965659415897,1492.2935339163464,2.5745057609552786,Healthy,120732.9582816025
578,1.2293982085965904,43.47805488726584,102.87267476608073,1508.1603797031692,2.6888436340809276,Healthy,120741.40428343198
579,1.063815108411212,40.50919246290457,100.47170190105624,1477.3981804012208,2.8441663321052544,Healthy,121857.78379235027
580,1.1187566308576093,39.125447903064114,96.59171112835288,1485.727409051396,2.3993874793780208,Healthy,120179.70019842559
581,0.769736952236071,42.97384923227951,101.24881838301077,1413.3509124325124,2.5271634430482557,Healthy,120537.88116178346
582,1.536110113634925,42.26136002517546,95.78057575153922,1482.0458692299032,2.713889212651502,Healthy,121113.61394825211
583,0.9646464281049107,42.99367786305861,101.28348230807471,1495.8661176890007,2.3495062023874445,Healthy,120675.32211959074
584,0.9429029632909075,43.48414152745471,102.92569210568494,1490.94191163411,1.6957588301634505,Healthy,120541.14782536184
585,1.2812804978502816,40.88121500212789,102.20702692540728,1470.2071371296963,2.1517900303984456,Healthy,120534.74191927204
586,1.2665427401299594,41.83351043821773,99.9817928931377,1469.9213880942843,3.0951050706106265,Healthy,120742.45718354957
587,0.9022346641947023,38.451197031747185,103.14102002375697,1491.8132429480781,3.0893677352722535,Healthy,120596.212727406
588,0.9009221633159872,38.47693432002238,93.93527601867939,1505.598924104297,2.6694575132352947,Healthy,120467.17792082705
589,0.9016910878423443,39.801860173181545,97.36299374644543,1465.9620010471972,2.387292307311937,Healthy,120404.06858303696
590,1.2175882613150026,39.349183248770984,100.2367414890742,1496.0150780797792,2.4726843308851136,Healthy,120852.63924655212
591,0.8586098685415857,37.35598836367147,100.38570142217377,1551.1359754677094,2.5940650612068343,Healthy,120175.55424712978
592,1.0803223815575047,40.45221414006358,99.53659744945475,1523.4207002582064,2.457285133974356,Healthy,120486.27929681404
593,1.1697314696448857,39.3221086858841,102.60859552650673,1570.2210718859574,2.2793403773336376,Healthy,119823.34232690022
594,1.2782018216722157,42.32662484416884,101.30199697894452,1604.2121939913266,2.3781502467666074,Healthy,119460.33873689265
595,0.8297451178016775,41.935125511019876,98.87661101940628,1469.6900694555045,2.2342112860874828,Healthy,119624.12787128445
596,1.0170227938225715,42.65828032128559,103.85762184045865,1514.4966149676686,2.6921446894272147,Healthy,120827.05127948367
597,0.9123579118448992,41.44065157977115,100.152709219893,1510.9919817482469,2.198825399451184,Healthy,120834.94438662953
598,0.9217296618917413,39.738715129731986,99.73546822621087,1463.0547685487545,2.1581224889341373,Healthy,119652.76541483402
599,1.1127910673423216,37.08755269700133,101.23395790126183,1535.1452102504327,2.2704095530075827,Healthy,119450.18931724879
600,0.8972445006291241,35.421196006336125,100.58702042438311,1602.6101875869422,1.9981100218271832,Healthy,119398.67732249835
601,0.9294770577179169,40.455719294178905,98.84395269741755,1468.4786717029197,2.7791923509445517,Healthy,119996.61095451194
602,0.924628438301434,40.625766381125075,100.70082574254043,1531.3623837606829,2.949831783584125,Healthy,119345.80788985023
603,0.9934924812306123,40.29173303849404,96.16009227636228,1429.2242509995253,2.1582849419679633,Healthy,119696.18585992011
604,1.0397277985099396,38.83850230677756,98.44654560648053,1519.086255246102,2.2409489497011723,Healthy,119979.35970353523
605,0.7296271845097514,38.54914385399823,98.95962663397918,1532.2413951613153,2.4145017572440106,Healthy,118824.89218856253
606,1.4847367277156878,37.02859501590892,99.75335186295553,1527.0398258086918,2.1715796706754764,Healthy,120229.81349647956
607,1.103925909950753,39.067233229668595,105.10739192410149,1507.3184346993366,2.999697389260193,Healthy,118413.25792612071
608,1.0774714135041805,41.50223308547793,101.65574274050475,1465.2467488966581,3.1479544826291024,Healthy,120283.06257760739
609,0.9429532939959036,40.072053109205534,97.86599685262985,1564.8542361220966,2.3280598269884227,Healthy,120035.42537095524
610,1.200038899890005,44.57067769365688,99.40137742915475,1437.8430128288965,2.4673674574933093,Healthy,120007.44574491194
611,1.3663818513566584,41.775474901848746,95.40646447360432,1525.7571856750462,2.6261263746297683,Healthy,118634.10049806337
612,1.334223799380923,41.179883343202725,98.2328373163425,1439.0669678013564,2.3148022722410624,Healthy,119820.55974439679
613,1.012228901800282,38.868423099759966,98.37219125315032,1571.9392467871212,2.781283710579386,Healthy,120330.11808339077
614,1.0747651387486878,40.799031388167414,99.88362481130106,1532.0986647299046,2.7895748530631823,Healthy,120188.3957480627
615,1.1819661725043633,38.82320216437087,103.38795515350036,1555.8979525452623,3.034504172563221,Healthy,119057.96485355811
616,1.3293327603132084,36.9120156788351,101.39073417997399,1634.323208382427,2.984713146403386,Healthy,119534.00760638637
617,1.2448509441073574,39.93019265872445,101.19134141788271,1500.2192825569373,2.3843091500267306,Healthy,119256.7195097685
618,1.1033709055549834,39.44571327784455,100.27108968596674,1431.6970575327905,2.7820636491304205,Healthy,118684.60248607237
619,1.4221948238919777,39.62148041549575,96.08719399491608,1493.6810944815154,2.7944819329365633,Healthy,118950.45964349518
620,1.0230540377235164,38.43241479255612,100.42385103034916,1510.9329499250532,2.724393454446238,Healthy,119050.40299818132
621,1.0725838263838219,41.61511489220954,99.1871595873765,1490.823823039582,2.045948645986656,Healthy,118640.29232193125
622,1.2293809085482326,41.77810948523888,94.92530547228934,1486.7724564951454,2.7499971016014912,Healthy,119458.69354132627
623,1.6371600443711354,38.80837916658644,98.38243473229753,1426.9052693500705,2.5312436356913,Healthy,119310.30282071521
624,0.963615990829487,38.63418825063637,104.06655152416631,1526.7395009539523,2.1905516931703994,Healthy,118502.33997171797
625,1.467614925176219,41.05716365538015,102.61385366279787,1610.4594505284497,2.6526464846499898,Healthy,118128.39464785959
626,1.0859580008421883,37.95776669815591,98.05117415892812,1526.27040784407,2.2506084263604813,Healthy,119491.4928440913
627,1.0665545629843618,42.47226970248524,100.1102505665262,1533.8096986500625,3.0939294044674956,Healthy,117783.49014220419
628,1.2492417832134692,39.828083349275225,97.98181631404839,1381.9189211418873,3.3196099340130925,Healthy,118701.95600187195
629,1.1926279892649028,40.79799591995768,98.34950555355604,1510.9421343458819,2.6806421973173973,Healthy,119618.02808841712
630,1.3805197268737313,36.916303433199495,103.56351095607582,1548.2489468906772,2.300886564971497,Healthy,118327.80411084647
631,1.4814709030012554,43.78797339747665,102.01770988446405,1475.8754132600836,2.1245420303760665,Healthy,118127.59853622784
632,1.2801248180896958,39.59219151872828,98.82534786186262,1541.885303699056,2.986809528280368,Healthy,117595.2661739122
633,0.951811505628845,41.496450734244654,99.0658313166137,1422.8721687821578,2.546493756163314,Healthy,117683.04862959155
634,1.2426602561817437,40.29352314824894,106.01475643704602,1517.6637163544383,2.9021740701488086,Healthy,118757.23644175414
635,1.4619652662619702,38.03316710480445,98.24544776477484,1534.717751141339,2.8016316920103153,Healthy,117692.11164353261
636,0.9617007202043361,37.22972012888608,97.38919911298294,1560.9714901517998,2.785299610394186,Healthy,118559.0275557255
637,1.261454470717498,42.73327272405458,99.84748438731235,1494.7208258187306,2.645383638397196,Healthy,117099.185967252
638,1.1144180910074528,41.62279806911035,99.94330824618181,1511.1912674033522,2.8961763586207425,Healthy,117629.19233135693
639,1.4820015921679868,37.244160776679955,100.50635734678607,1469.0588908693683,2.704744536516802,Healthy,118982.86777811019
640,1.1930509125145994,39.30333451371944,102.38600526649516,1435.2063707079833,2.6657596171055884,Healthy,118392.57385056713
641,1.2832936390660423,41.45078828188386,95.17111164386128,1487.4620213475466,2.8307141207091635,Healthy,118263.3998203736
642,1.0755472891784599,41.7476371623279,96.45186697218311,1493.4357205196645,2.638905884446898,Healthy,117686.53498123877
643,1.3799524872519617,41.42626980367077,97.76568258855328,1507.3056635713226,2.905395605393666,Healthy,117450.1923125959
644,1.5847272802873493,39.721888404473574,105.81112006962343,1492.7692591203665,2.584706039685309,Healthy,118765.49193698324
645,1.2468542760881924,40.06039369450177,99.89385667367276,1457.8534649146907,2.108835279811786,Healthy,117422.00870878964
646,1.287323748754594,39.53226329619206,98.26006117423111,1562.6273566710686,2.507023349876662,Healthy,117333.9055003329
647,1.3326922245132609,43.02417136528638,105.46745027898639,1573.2695276014172,2.6529920815124677,Healthy,117465.07134071748
648,1.4109033058657885,38.82763069983079,104.69615724412932,1613.0018113505532,2.2956337535965727,Healthy,117548.28720386884
649,1.2706318134944279,40.973635554453175,98.57448424729682,1419.4768198536171,2.8898935595972626,Healthy,117551.64802596123
650,1.0469643723972606,39.809124877647164,100.06336345970831,1491.7433625704384,2.389738345468037,Healthy,118067.7791147638
651,1.1247484260878398,39.280808167434984,100.32916616076263,1439.3102858134798,3.184636356979774,Healthy,117453.22210339764
652,1.0040157708691033,38.24180173918441,102.92621373948691,1496.9707855680904,2.931014083867241,Healthy,118239.38586481533
653,1.1309409267352082,40.36255786097089,100.15563792547402,1531.2485746740638,1.936127684596004,Healthy,117352.03619681687
654,1.1593801312616776,41.21566565874495,102.98319770045256,1442.5161637096244,2.617829520787486,Healthy,117027.80018941936
655,1.2019108684846445,40.08451313889919,96.43455960713752,1454.8957992987612,3.0310919521627,Healthy,117031.33501564735
656,0.9975270189329484,41.56162697349794,94.93793624790179,1497.8755288027915,3.156535852101348,Healthy,117199.66617604655
657,1.1572926318094146,39.92439692239507,92.52530552778592,1491.0667063787823,2.7824980659971588,Healthy,116515.09446954126
658,1.1364039587393775,34.926552748888476,98.52711622213776,1535.8346503699775,2.4664633255074655,Healthy,117532.91627590172
659,1.1024518470711364,38.79207359983055,99.0102917278755,1477.0838336608317,2.8293159862659842,Healthy,117222.72426074858
660,0.7449619523954447,40.76816212043361,101.54459260851705,1488.3441113294048,2.615853731322531,Healthy,116705.24830669076
661,1.376813952098607,41.65819897777555,107.15556629609742,1486.0167504919043,2.786183902383223,Healthy,117293.4732137244
662,1.1591193970653568,40.450189805420706,100.74262029594007,1522.5631450768358,2.778280667640215,Healthy,116635.46042203986
663,1.3518882034285788,42.00600035295792,103.36092615677953,1445.9235764366406,2.6754279599150403,Healthy,117086.99104198441
664,1.5940622706826815,39.12296618521569,103.9042938918209,1514.2159915087145,2.324078757219814,Healthy,117242.0349139614
665,1.2705895684705797,42.48041914339574,101.74760282074249,1449.1890673151486,2.4055813885742863,Healthy,116657.1620102162
666,1.197602440548051,39.88867336554911,98.05413319688114,1514.43400583445,2.8379639229239664,Healthy,115962.6945398816
667,1.2550935579187463,41.30889705331816,96.23231288724762,1557.6783498585105,2.664691212621525,Healthy,116449.95413530947
668,0.9866618348171765,37.85318195502666,102.97879666307657,1485.478876500432,2.4207739699700763,Healthy,117232.76816911587
669,1.2770295066055777,39.44323525493806,97.25133391791097,1538.059083583261,3.0863087103239146,Healthy,116372.42000199306
670,0.9882886160571303,42.14646369967181,101.58039702258966,1476.0305768767437,3.278827133618569,Healthy,116895.60083098737
671,1.2001901102083121,40.29693705307995,100.396229331766,1494.5139359337247,3.161463251710782,Healthy,115952.15803177298
672,1.189543067246037,37.988312716090824,101.07222398769146,1518.4655249909893,2.554999065586343,Healthy,117049.9421607026
673,1.1463792586246673,38.94388187539389,94.47293589297287,1491.4189313547365,2.9742045748656962,Healthy,116217.82597268725
674,1.4631854314900539,39.34530513768843,103.54459950041853,1444.9886316381928,2.846025339343704,Healthy,115899.0047770726
675,1.3791065094403308,37.93435246794165,95.78938608265746,1529.8979230838952,2.8640475469866438,Healthy,115747.76929688886
676,1.2374301214760137,41.77276783034788,107.7868859017573,1518.954589870093,2.8774627622112674,Healthy,115928.35400061704
677,1.5200718094494163,44.677417369121834,96.14035318557309,1571.2454596280259,2.819789611744279,Healthy,115459.4096555415
678,1.206655000596873,41.34139051551118,102.82392941770011,1592.7754570398345,3.01560594567766,Healthy,116828.84013586579
679,0.7321449798873865,40.958274164599636,100.57102927321486,1436.9299262589288,2.906595083356021,Healthy,116435.90268236154
680,1.418658744434666,40.95754020202301,99.46632031220206,1524.302055758434,2.8210437182267154,Healthy,115621.1832701732
681,1.5405824023276695,39.09310725753215,99.55587527669961,1566.9694015533792,2.916054323596497,Healthy,114781.48058858304
682,1.1518552770893176,37.850207586051056,106.93794980174104,1427.9722118070354,2.3491811422030437,Healthy,115965.2627663928
683,1.0198261951331964,40.93041675869627,103.09254051831232,1485.8454857551756,2.792749686861765,Healthy,115119.26729390907
684,1.6851708455750019,42.30193127607902,99.84437480712135,1520.131894075424,2.674458673617985,Healthy,116737.25743822464
685,0.9199384354630291,37.30384448626933,102.50967117447117,1449.9309112032831,2.776486616457564,Healthy,116201.68483761286
686,1.4736300261582496,37.36801888799488,97.61123124259514,1537.1127728012814,2.7780787122280373,Healthy,115786.05249676241
687,1.34882735072752,37.06341400537086,99.19504518608505,1516.5025207704555,3.2121063492722124,Healthy,115596.54489520866
688,1.1068687923624825,37.047671005639344,99.73937507136242,1552.2099442123586,2.875840661462585,Healthy,115709.74798257128
689,1.2621504264675312,39.45703745259995,100.75809186986571,1499.9289822811602,3.1808583342944297,Healthy,115501.99993818428
690,1.1362646311002838,43.34151914580469,100.9170105199706,1429.245248905335,2.289521417585528,Healthy,115539.51954339475
691,1.166836752768908,37.86085574247827,105.040131634606,1446.1161358619747,2.2223951847889594,Healthy,115834.78771410344
692,1.3439456490528707,37.38226985101276,104.34693033490313,1406.0966246513656,3.3545542898620355,Healthy,116208.62686023329
693,1.3825400825742329,40.04197516313651,96.61636914491764,1460.4953721825093,3.107018292682907,Healthy,115499.10309871685
694,0.9219892798550456,38.319976322398176,103.19572672019798,1585.77210257349,3.093489560414571,Healthy,114350.89258045611
695,0.9624592106841297,40.38177647066015,97.99544355221165,1478.1611279949107,2.799757347753415,Healthy,115809.07709360457
696,1.1094938157291008,38.53994460336887,107.91579615551264,1502.1616260819308,3.188282695215316,Healthy,114710.68836599274
697,1.1467783326905001,40.73973900774058,100.90510145678914,1479.982068709657,2.3505423591680397,Healthy,115281.46235317521
698,1.3807119823132656,37.49745324908057,98.51943598029573,1444.2749904145546,2.5430604536158596,Healthy,115027.8570935947
699,1.5395458275993015,38.88607459533076,98.99448304135886,1504.8532276910648,2.537219896884229,Healthy,115014.03602817655
700,1.593246448189852,40.08694567579924,102.42896974082599,1506.4657126512848,3.049907459557599,Healthy,114668.12162113476
701,1.4190962104775817,42.11164640781535,100.53279482651625,1500.5782449395117,2.706459869044928,Healthy,113868.41047065445
702,1.416554150921335,39.98350965005326,98.47392983911794,1461.2387078382362,2.8760272310678108,Healthy,114128.4221465801
703,1.4750329165865468,41.328484821605464,107.07530044690488,1435.4973122539923,2.4871511487747315,Healthy,115076.55513877478
704,1.2597295314198267,42.20667842386877,94.67209077838898,1511.084389987494,2.6306294122553564,Healthy,114400.0281455812
705,1.1888987875272778,37.884157743274045,100.9777467559679,1523.1824705330696,3.0783384853115163,Healthy,114878.75211589763
706,1.5077784363034874,41.00945888997977,100.06705030110147,1410.7785609541575,2.874505742785292,Healthy,114579.0735985001
707,1.1776262290759385,40.352730625428926,99.89772762294318,1434.1529306032248,2.8862968181737263,Healthy,115081.41784445512
708,1.4361710810925337,40.20458668377679,102.41442858728344,1553.5242085272018,3.15499804234855,Healthy,114416.07856219648
709,1.4833652105944268,34.673664424055914,99.86214446392114,1551.4773058680644,2.9257847189021327,Healthy,114533.43554262075
710,1.0918256286171024,43.173799829370616,98.75732596784732,1483.3177939878765,2.9490061937807606,Healthy,114523.73728978165
711,1.403805617835994,39.315321885276255,101.61303753280592,1473.6067802565901,2.5754213852973984,Healthy,114548.37508536145
712,1.028072123309967,39.11566673792911,99.573563118274,1526.8578479294592,3.4609637037875953,Healthy,114780.03948214983
713,1.1079824435572792,39.47965770694598,97.50871096393404,1557.1180886669044,3.3617259381136013,Healthy,113968.36120110721
714,1.201311174412961,40.48930601626124,99.2005766312716,1444.5986175603393,3.117574219451827,Healthy,114130.9181826404
715,1.017478817165225,38.03210361264321,102.23482140626575,1476.255631125382,3.01302349816375,Healthy,114194.05952487436
716,1.4463977909695906,36.87335450460271,99.71723020760896,1518.571545314168,3.0248532307873286,Healthy,113550.22336131739
717,1.3440186743057012,40.423654140809056,99.17335069890666,1497.1912165463211,2.807700292151619,Healthy,113602.07061747201
718,1.4807175505962216,38.23043633295342,98.91250193458268,1462.1224811078332,3.0948596731851348,Healthy,113665.3686076109
719,0.8735306707737625,37.13316670572754,100.17705259097842,1489.1876409665342,2.870152823356451,Healthy,114093.68082667823
720,1.0689443198013353,42.154190824609884,99.41874001309253,1542.029656191491,3.2071625390789373,Healthy,113680.29502225148
721,0.9842691621614013,37.76703847093015,99.12569116757236,1408.9465272322118,2.983684727673767,Healthy,114009.3428461154
722,1.1082847011723023,37.780488988326425,103.48338140574879,1493.1931276105527,2.46293159545219,Healthy,114384.50598764414
723,1.1765695078523282,39.43391370603657,98.29638748198519,1400.9124643037374,2.5773332411209786,Healthy,114432.02682440248
724,1.5109752806178505,36.94964842324096,102.1356231189237,1477.0493759378046,3.2544822742055937,Healthy,113778.37892392848
725,1.449471147008013,41.36789647367944,96.91797232747204,1538.5966532098098,3.0929848778101277,Healthy,113612.27588968378
726,1.1592970094313455,38.308984538361464,104.46678401216634,1420.6832000431373,2.5981477013787484,Healthy,113243.34271049527
727,1.6946026845470494,38.154695859555744,99.74777877672281,1526.6327235959254,2.954247237201158,Healthy,113679.9280356426
728,1.4073980347044153,40.62666100685801,99.54912405512229,1529.845940521866,2.525777026850995,Healthy,114312.41642925791
729,1.464465287382713,39.34708922383695,96.93800185393161,1504.726444442551,2.98673108717898,Healthy,113236.1040111425
730,1.3871516226970328,42.381665551335544,101.06572619092458,1542.1754042396262,3.412229301593292,Healthy,113960.13053350933
731,1.3648197907422708,43.95526871687942,94.85257208182212,1487.9409119802554,3.403332737647829,Healthy,112939.04189521592
732,1.3608904034629719,38.392838258832,99.19570486813778,1521.2440147190598,3.0074578389479103,Healthy,113615.34007664646
733,1.2207649132262675,42.36443048963113,98.96807410202452,1499.4789426620107,2.8108190677898706,Healthy,112810.94505258337
734,1.6101074997877278,39.73518785130293,101.7027923091207,1416.9789202188038,2.476802113389066,Healthy,113373.01654128614
735,1.3990191195795871,34.50230658209592,99.06427216381405,1538.8749818311762,2.968395936854039,Healthy,112549.69149874231
736,1.380792083790755,39.31467417718572,101.72598781159304,1418.7756680269665,2.5853057389830756,Healthy,113254.0163895013
737,0.8788651467748277,38.09087826306897,100.17483619533667,1465.5220888622157,2.5761579630434253,Healthy,113451.13991540571
738,1.3656553721334335,38.80467576530533,96.80725453623994,1526.5198627175257,2.5925744896402927,Healthy,112170.28718041538
739,0.9227959495148024,40.38354263221471,96.38404607072945,1562.9232997566269,3.1819207995082377,Healthy,113227.67408928793
740,1.2287628983782262,38.15016208561112,95.63410108984378,1412.2403823548561,3.025024189625156,Healthy,112703.77177144456
741,1.4177461350765799,39.594514533939595,102.72698616573119,1485.9817044669612,3.465302114918146,Healthy,112915.42190772331
742,1.462574734168423,39.56910535564837,100.78314452807949,1450.4878744711477,3.1702953367840827,Healthy,112405.51702380288
743,1.2682521618451938,40.72520204201555,98.36455456040393,1452.589132144628,3.03453482321997,Healthy,112555.21509195595
744,1.4287164052825514,39.49983393520056,94.41692474564984,1504.7816034295329,2.8521992250856156,Healthy,112824.69875043661
745,1.440151162158867,37.690394820933776,98.75711342490416,1458.5196641578727,2.856786706533585,Healthy,112459.1585825171
746,1.3732383682758023,40.68259355059856,96.09612349952697,1548.8153130111812,2.880121148498241,Healthy,114135.57006891328
747,1.4626412776957929,39.713470385765035,96.5933651071998,1497.900349327608,2.8347475168892755,Healthy,112923.55736697368
748,1.501612998167865,40.531637580977915,101.86470995422532,1561.6999483123334,2.5858051659145755,Healthy,113690.24648263097
749,1.1890717830025241,43.56540154581785,99.02564992189342,1472.9903072963255,2.6733599285569833,Healthy,112725.72808816298
750,1.3659459100268905,39.25864876169534,97.1911671134013,1537.8745959818068,3.0542633227191534,Healthy,113235.76653065934
751,1.284744802483943,39.92198012263137,96.86400271310342,1453.6156248639277,3.081280106078779,Healthy,112756.5408134426
752,1.3089262160586723,40.47335161653672,98.2645823448029,1379.3133294422282,2.9395722330716727,Healthy,112344.30207789225
753,1.5013153950488127,39.47837898155253,98.32775556584926,1472.4314954256567,2.969360862173353,Healthy,112738.95909015804
754,1.6350045898980465,43.135813995675804,96.42670860302992,1500.1198026236357,3.5408232508292183,Healthy,112547.78772974851
755,1.0521719103870795,38.63469893069837,102.23742449543994,1533.9190523511493,2.9092356563780934,Healthy,112494.17144994307
756,1.422223087544613,37.21388918392824,105.58883786246918,1511.4296444857475,3.442442963673521,Healthy,111966.763156238
757,1.3293234653647963,40.21539003759716,103.80179130930568,1563.2359645446343,3.420264775177585,Healthy,111762.43770540656
758,1.771836820240646,43.63996859184108,100.34258224097243,1490.9087132285715,2.590878328362601,Healthy,111244.44904494242
759,1.6253641555672291,41.07565271156579,99.35910847523594,1459.9502224517112,2.9009707570810406,Healthy,112020.06582779794
760,1.0539249434792792,41.00134786432646,100.35841885481905,1497.499925560284,3.2409040264796753,Healthy,111786.2649873152
761,1.124251407185691,37.771222627019995,103.5910001042697,1502.9501775771407,2.7429568318962207,Healthy,111939.50298608687
762,1.4109978718034717,36.430127336048905,99.66717522284083,1505.4461008679611,2.602435414781029,Healthy,112192.34759392249
763,1.1906134882185797,39.40502117662083,99.02374170919416,1477.436886108127,2.9289171176903057,Healthy,111722.45899708
764,1.1764896275950312,41.27439582094048,102.01701989569446,1514.4114790328172,3.338546776976554,Healthy,111535.19720978203
765,1.200479410499631,40.230983063349164,98.7747894956502,1420.9086665820355,3.3857221558815636,Healthy,113022.52765524446
766,1.346726114170656,42.265561826888685,95.00481606555208,1504.8458091714413,2.950401015200975,Healthy,111258.59528633545
767,1.4241779279809355,41.58760521959022,99.37954893274716,1448.9005181017565,3.170871784193205,Healthy,111984.33434493277
768,1.2947351467812405,40.08106457361602,102.44886603416582,1428.8820690482855,2.876118969260565,Healthy,111281.17328099738
769,1.0884036971458997,39.42590319074364,101.76730450136183,1483.65274249918,3.837054040334146,Healthy,111907.6470769839
770,1.480177893778447,41.544111860419605,103.33568830934216,1553.9797108514067,3.3564064644349134,Healthy,111624.65277293054
771,1.4850007408863526,38.454035779779225,95.45902424140317,1489.715843528692,3.6710454169725857,Healthy,111783.17893808548
772,1.0203771416444574,41.00366004275869,101.78507595707045,1478.0911072569204,2.9508703850519473,Healthy,110871.46664348467
773,1.6847977613393066,39.42529890505416,101.72086874771442,1540.3427948571918,3.1269365766926174,Healthy,111016.64775514402
774,1.2501993091388723,40.76959242444404,100.46634906792235,1404.3765277022633,3.059224087722424,Healthy,111806.16929466979
775,1.0843424007683606,37.88184028646596,98.36181931749793,1512.6595927615947,2.943232558669718,Healthy,111053.53628723508
776,1.7075802634594908,41.82230115558167,101.95956111050734,1440.7713679809756,2.5521575181298917,Healthy,110817.59084382282
777,1.5853781336408035,41.575501170774295,102.34877995708973,1562.0561498772472,3.4513634611272797,Healthy,111727.47997477613
778,1.321005688292342,39.05525354382136,95.23757178537552,1469.2769423792683,2.94879833077737,Healthy,110552.61782436109
779,1.3443791588620437,36.96286402383486,99.00673140428796,1493.6397697813957,3.526305627685194,Healthy,111869.85750057195
780,1.1511342584493272,39.972452414490974,94.94487898954678,1482.4660657492834,3.092082115558082,Healthy,111202.83462269745
781,1.580009358350772,40.82627133961901,99.09366994070317,1579.2541503520695,2.8893965971936124,Healthy,110818.38845692096
782,1.0627512662968897,42.647902443778705,92.30988259415201,1477.0885351376608,3.0788750439404144,Healthy,110939.81440980964
783,1.7402099147280947,38.76693217616993,99.09543108365351,1486.10838636306,3.1476957617196537,Healthy,110914.25679646997
784,1.2595170958823778,37.88763230250496,102.88097555448458,1461.9107646062196,3.0842022752168434,Healthy,111073.99080554226
785,1.394888811146266,40.30353052510837,102.64672054413313,1487.1490878996244,3.1745842367385233,Healthy,110878.20963117114
786,1.2745610763193753,39.68820663585463,99.52325874129035,1516.0874074716814,3.3148670132225595,Healthy,110332.49349705478
787,1.0985195551764224,37.11647021479932,100.48350670713195,1457.3923350775387,3.124364874303653,Healthy,110981.16712632451
788,1.500487792337767,41.173480369290864,100.32218791565244,1482.9785900492889,3.1440569680263146,Healthy,110509.53419632964
789,1.4049365443965864,40.472583803809606,99.11224159434083,1556.215941462536,3.3172899848614,Healthy,110501.38959939862
790,1.1262383889571292,35.58068052712822,100.16432699358306,1486.2930606536536,2.9363009900898485,Healthy,111337.5074497085
791,1.2097755604501934,41.389704647345226,97.63707741255824,1432.5185016707012,3.5466311019538823,Healthy,110241.16003488065
792,1.35735180880422,41.89510299204031,99.6374197790232,1562.5138262903397,3.630454421935343,Healthy,110375.12050335787
793,1.415893923268643,39.78955043320087,101.81328873500739,1514.713890740335,2.968534766881496,Healthy,110570.41513636352
794,1.1383628362556384,39.15782017127345,93.49190164947288,1511.2531327478446,3.625711061500655,Healthy,110650.94574649652
795,1.3718164417211298,42.166222100322315,99.34566301431006,1613.4258203402635,3.3202660229115732,Healthy,110620.71599541919
796,1.390746656329625,40.91523972123956,102.13387594857966,1548.2536936691167,3.4670783994144645,Healthy,109977.46788805597
797,1.549512756474289,40.32200319173733,98.04844807382369,1522.4192032368178,3.143303324487773,Healthy,109912.40733932902
798,1.231209436328064,41.02175123871916,96.19818692487087,1520.4737885739553,3.142049478082158,Healthy,108609.15612199111
799,1.041557211954454,41.554770340173086,97.80936754842102,1526.013569439606,3.3346673476710285,Healthy,109466.89107566488
800,1.5153951933948289,44.85590794652437,102.60664781767974,1534.654340462866,2.8287811359354746,Healthy,110180.33158108653
801,1.3340457602327933,36.193308665570775,97.83881148610281,1567.6970920782578,2.962880687553371,Healthy,110369.72349267993
802,1.3695683074646245,39.828468135589176,100.4173170000484,1536.8826908245285,4.066975196710451,Healthy,109612.83853021733
803,1.2242127812824282,40.016708577502655,99.67816254284647,1506.881322667213,3.5708771847881082,Healthy,109760.31703641855
804,1.3159094786150052,38.67832983277902,99.44261475510777,1570.8038441276042,3.2554446107096173,Healthy,109751.01544203902
805,1.1906332073192847,39.40546479824534,95.55895297762223,1448.4754956277404,3.5445016656534927,Healthy,109304.2601701495
806,1.365393398886217,42.61121758706755,97.54160429958398,1618.731408297205,2.9951292837509196,Healthy,110268.30618546155
807,1.3650438167780616,36.61519616725293,101.63623566404154,1473.4868873932746,3.332744152038769,Healthy,110075.63935174115
808,1.431077084371079,39.74393608656519,100.07819313190598,1406.0969191986082,3.0010980595786654,Healthy,108766.56160841357
809,1.319954030491326,36.937619981228316,104.55040319710989,1560.67617975244,3.525274155539577,Healthy,109542.61894057125
810,1.4454774603877725,36.49162736913397,99.00609528497684,1509.2549377303865,2.867461858079165,Healthy,109838.01762135967
811,1.1428006575435485,42.997384631806,100.85807771309402,1535.4889811922073,3.1127916947345735,Healthy,109238.57805424574
812,1.3176933698702795,40.36503468572528,102.54653407967108,1481.383160319641,3.1069582160751925,Healthy,109255.41012331225
813,1.282376508365445,37.54503768802251,98.92467191821123,1451.5587576671066,3.3100395087622188,Healthy,108668.05215288584
814,1.4815558844120698,43.11705043767787,99.11062470465642,1519.8045142618573,3.4145897075354004,Healthy,110154.18285021698
815,1.161886596170532,39.271160058761396,100.3570644285879,1478.3579717123923,3.4447891867308726,Healthy,109843.96911848329
816,1.5097613308593802,35.27565881463606,95.31492106386597,1546.4214376346663,2.8289657801957646,Healthy,109558.00937701463
817,1.2699828869219076,37.36188805336211,103.7875750636531,1478.317780087516,3.174346437701149,Healthy,109418.17527534343
818,1.516124213320829,37.88608336055254,101.83718297995098,1464.4339620791486,3.2757579848435565,Healthy,109493.26057452984
819,1.7030184122767353,42.11424692593014,102.37374781644812,1490.446860825877,3.5999632894405353,Healthy,109497.77808417003
820,1.2959278669744476,41.75254809786906,98.85480165133417,1536.5676527348653,3.361075724468474,Healthy,109164.94511327868
821,1.6562544988780628,34.86536484929708,106.96548841390872,1558.8982730655744,2.9871034561835015,Healthy,109483.90712726509
822,1.6281338477130658,39.10164128472873,93.43344069505612,1488.975965575512,3.5469576956552853,Healthy,109074.79204164154
823,1.4630301265458645,38.57334765399788,94.32872242364786,1515.2599950780354,3.3621196832320774,Healthy,109023.1903308719
824,1.6623540400597736,40.84555022625889,97.88932856931152,1421.528163757198,3.491039602514396,Healthy,108893.6604616963
825,1.5640147766980697,38.976800568177204,100.20115386352819,1577.829365242897,3.5435923614471885,Healthy,109189.20302657956
826,1.5027546578789501,36.647798033456574,101.78169366172534,1540.7059566863857,3.0859640295069406,Healthy,109144.76321164903
827,1.3838632629188807,39.58417070592217,97.52952821799443,1537.1511737922,3.5204147022614363,Healthy,108888.84777218325
828,1.3673200557624738,41.730131821977686,96.93707922454146,1532.474725825433,3.270360614364474,Healthy,108765.44976494371
829,1.4208446765731724,40.02211057918818,101.21253250589032,1448.3853959872483,3.294114848997761,Healthy,107819.76672773935
830,1.5315213309335998,40.50269297953192,102.16443486327505,1443.9327990572058,3.0927478891753193,Healthy,108779.36995991113
831,1.9724061966016495,38.137961586179,98.29004308139595,1571.8679534574505,3.813602796723976,Healthy,108104.9431917718
832,1.5363774126819127,41.783067039846216,104.30356827975696,1444.7599853490794,2.9851581736825388,Healthy,109039.59069520199
833,1.5519042397572071,37.85192389489399,107.46059374834068,1508.8726099720132,3.463245262564355,Healthy,108435.28459318304
834,1.3944235284710893,38.837065477966476,99.0869054713026,1521.001679996352,3.444440747999625,Healthy,109049.6620364957
835,1.2955442252514657,38.640234681452974,96.86057771732582,1531.9167610670218,3.311191659902954,Healthy,108957.29301827536
836,1.090813730117499,37.76586101206007,106.10745850980243,1542.469902854902,3.0884703339390835,Healthy,108209.06686305677
837,1.3111013704859777,40.10283881530114,96.49253541803822,1533.9690190343272,3.1553825280269554,Healthy,107428.1624116957
838,1.5762176296296413,39.01634816535964,102.14430526806956,1577.358918220651,3.4950054406903193,Healthy,108631.65182430569
839,1.618234525847565,37.88832451818617,103.3562275200553,1532.3102454500154,3.0363586405204814,Healthy,107934.7906838811
840,1.701025831697401,45.21454970922803,102.26369585382407,1474.3147528374616,3.088630915063078,Healthy,109094.28428280097
841,1.6444504612648112,37.99470765041042,98.4391972655814,1487.5420047394946,3.6079881309776334,Healthy,108190.23421414461
842,1.3950297395073703,40.742597854858396,101.12582274961379,1459.7169941584652,2.56442821661892,Healthy,108023.74065909047
843,1.3790690905602414,41.81790875381881,94.96680061744583,1507.6066994177438,2.582070093711668,Healthy,107500.32371709045
844,1.535153337202869,32.834211791210286,100.12334678966211,1493.4617656588885,2.929300817324002,Healthy,107802.35623874675
845,1.700265644780485,41.53557049431972,103.4041389625121,1501.604546036655,2.68186599479794,Healthy,107637.46363972183
846,1.8343235272020137,39.60191908375782,96.07294802052961,1530.5748984225652,3.1472216749015574,Healthy,107151.76826108294
847,1.425568313117649,37.84643683438916,96.89984116500116,1458.5069095944898,4.027805785025503,Healthy,107459.06584202594
848,1.5610139028248713,39.22583375945086,98.75731930180368,1585.6355346269931,3.674648230391316,Healthy,107863.91370732033
849,1.8232811404589224,43.02184857045154,100.65279492411894,1512.4385024127118,3.0580704113618515,Healthy,107712.65188521978
850,1.3893132477263161,41.68972866679263,100.37680457192326,1459.9082590616752,3.2922413935069645,Healthy,106571.41885268262
851,1.431864402919032,43.65045772106924,100.52609408483396,1491.4232296150583,3.22631473762595,Healthy,108248.83164706323
852,1.7470457776132982,41.38172970596465,99.57287656961164,1508.2929013513733,3.295372671942688,Healthy,107603.7672177598
853,1.3963422340224816,41.179566923136946,103.67811334786678,1455.7972835503936,3.5290553766782238,Healthy,108071.723458329
854,1.4229778367679955,40.950235724579905,103.38621217489288,1578.409194355758,3.1364114918940573,Healthy,107810.09655405588
855,1.56786859806935,42.697060077755076,99.42179949262025,1473.2113877256352,3.5107454468611152,Healthy,106983.13802756251
856,1.8380417561006366,38.47234358377435,98.25903733034284,1524.8162456164414,3.375724636928099,Healthy,107569.19656445595
857,1.3110561861208003,40.02839921605258,99.65184991536726,1482.6485221902499,3.32459239445836,Healthy,106885.7145970066
858,1.524045011705572,36.03694494234805,97.90924976603216,1469.164750929075,3.7783817558482022,Healthy,107275.02459947793
859,1.6145028858581731,40.09417009461377,99.81974470834766,1549.349756974253,3.320408609549297,Healthy,106830.51580551532
860,1.4359974420202517,43.57522598616468,102.36154016286248,1540.3329753296612,2.987809987424905,Healthy,106467.33596731036
861,1.5717640661377794,38.74570569068392,97.86865589677545,1455.9053213139885,3.2185778214237697,Healthy,106360.0471036956
862,1.8985108691685095,41.10471679986214,104.90543823993818,1488.1651755642085,3.28672332956627,Healthy,106721.35725900633
863,1.3856453806608187,39.99878284139331,98.29087526454413,1570.8137303997405,3.308510529859949,Healthy,107304.6661275862
864,1.3896823272626184,39.980030538175484,99.50631413046328,1510.5087023220851,2.9672528880283395,Healthy,106383.85654548166
865,1.3045053319722335,36.93966591595233,98.62481186622175,1539.8445858711973,3.8171366215082014,Healthy,107049.99922734447
866,1.4586680131658474,43.117214523167796,100.71372803371736,1472.5324271035659,3.363947581416396,Healthy,106445.02491879933
867,1.4985664756071202,39.75248868373407,99.53548030374577,1574.1951406197957,3.5795781259951642,Healthy,106749.77439451907
868,1.6250273752462303,38.911352080338766,98.37976446626497,1516.5719442332113,3.3319959047771004,Healthy,107624.55875731859
869,1.6064549363319698,44.160027479917616,97.60749191072902,1388.4421792596613,3.6309137856609435,Healthy,105508.66906593887
870,1.4740251450054545,39.402847303401416,101.20279590384344,1492.0193591944658,3.509371562574574,Healthy,106214.68024423253
871,1.6306857535093624,40.27906959339704,99.33646832312395,1575.2862877487753,3.081875719117608,Healthy,106691.98588602857
872,1.7553314102434001,41.126648606415664,99.96690501275457,1387.9378478065942,2.870702978427229,Healthy,106170.08065136634
873,1.661167465811707,32.95582280737555,99.98734670167904,1426.2661974037842,3.3366782724895008,Healthy,107035.7875210121
874,1.4499891727575271,40.20532118362987,98.30064569573044,1454.3869427179488,3.1568990179633754,Healthy,106606.73837734232
875,1.7554061460847326,42.100791722261185,98.99538898769522,1535.0795592572836,3.3108798934652053,Healthy,106353.69324692062
876,1.589575081317358,40.708614203553076,102.11855794755068,1562.4346254896977,2.825705004746471,Healthy,105643.63181121706
877,1.2265967465115544,38.623310309368776,98.55637419946378,1625.7202195708774,3.498953920730081,Healthy,105240.02213987127
878,1.9399214089205339,39.83494837862322,95.97224399332069,1486.6830603996732,3.5412423052575708,Healthy,105885.4276722994
879,1.8839655326951636,38.412302274991234,95.99446639008636,1473.4468331598289,3.733562064999089,Healthy,106179.04329982471
880,1.4373685795015358,38.26108314897814,97.36144766184884,1473.5851523312647,3.7177676973334934,Healthy,105645.78253524515
881,1.7592257685448225,38.81839079654736,102.92920633499341,1495.4355015315514,3.0309288611471303,Healthy,106386.49414654449
882,1.6494699249484384,36.597591142798635,98.30495092506227,1577.6374824541765,3.3909620871371646,Healthy,106251.94621399208
883,1.722254896530488,39.56934984932063,103.28426080810634,1459.325387441201,3.3264236568039665,Healthy,105926.71861076163
884,1.853408005243348,45.62632223366221,101.8060044149446,1410.6266615642908,3.140564915472556,Healthy,105913.00596309223
885,1.9047723878611458,39.88474552241793,99.89185476491289,1565.6585237622464,3.7431224712367364,Healthy,106038.08122278431
886,1.4451121382139116,43.68361527252571,101.75966729142922,1511.7321227236316,3.1851823406653876,Healthy,106052.27043457632
887,1.3559070034174998,40.60615249587679,98.85767584665075,1559.2590307967907,3.2639920741512,Healthy,105563.28686992501
888,1.6147169097930945,39.83483608670607,98.34326753423389,1471.1370743235225,3.692485302402509,Healthy,105688.36323829324
889,1.1219102480059024,41.23130318759513,98.10835401435563,1480.5000354297385,3.8177216640712106,Healthy,105805.73079577975
890,1.6342306102648314,41.45039966112819,103.40336117027607,1572.5694555872979,3.371746630483517,Healthy,105455.42403522688
891,1.8725900788231382,38.05525557689523,97.0302309149658,1535.2170627387204,3.1842418594219133,Healthy,105807.23384165986
892,1.7056312161029816,41.49457173753013,102.70366681121358,1583.4461750189234,3.335342318023293,Healthy,106171.82267322557
893,1.618479428991912,37.82664737713961,98.5383743850973,1553.281804376864,3.3686454971110953,Healthy,105238.60736539666
894,1.6494257632891212,40.94236787799184,110.90900560506829,1436.2679455457321,3.035889977074884,Healthy,105702.4954366145
895,1.6764743946914666,38.460332820063435,97.87381787509318,1528.545202580712,3.750827006462666,Healthy,104096.89876165676
896,1.1090777630725137,37.581596647282225,98.48237454203482,1458.2940449374034,3.7604907146256132,Healthy,105335.72519945547
897,1.70807396832394,41.76376506541444,100.9046132364246,1491.4054049583474,3.3228967233732956,Healthy,105819.1257793705
898,1.7129251219993158,37.98710128708706,103.00815361890258,1338.8158737855556,2.9106710690522077,Healthy,104855.41595844828
899,1.5812803955817096,40.742664541037456,93.79560522366536,1454.1772196159936,2.6982448688394896,Healthy,104297.15990852591
900,1.7742347658043833,39.64067503648491,102.46980293910762,1529.1815225544933,3.934404756141514,Healthy,105044.94833039196
901,1.6357591005948675,41.78930105451108,98.9565370831497,1499.3056028810288,3.305623104488653,Healthy,104245.97384770848
902,1.6839064701049664,42.666766090105604,103.82803587293122,1484.6112026735932,3.8411200940400363,Healthy,105482.70812791568
903,1.5928743789910385,40.07761585137077,106.80163263180106,1504.009241338366,2.727248680611996,Healthy,105475.6753717018
904,1.6688266321723986,36.12021786397932,99.97962938587628,1539.246451366779,3.6280915108044414,Healthy,103886.22398535244
905,1.4384468491415312,40.395182545424994,102.00276507545216,1482.721297028824,3.4803050060658887,Healthy,104777.54387219415
906,1.5380292751487834,41.97467178474635,99.83383677927837,1347.3431211288937,3.119381022622118,Healthy,103729.68638140825
907,1.7545846228904076,38.901315511539785,103.41645970573597,1488.7771787385952,3.0273909344477374,Healthy,104717.51011957428
908,1.7350191213591342,37.66613798379676,95.84796159912823,1513.1410094143191,3.2763471330376683,Healthy,105137.20632877544
909,1.5304673889528142,41.02857845880087,100.01542927727745,1520.5980043342472,3.0571921030248177,Healthy,105647.73148934882
910,1.7622809340583314,36.090705263577014,97.46714848565091,1567.6850135968898,3.037149055507231,Healthy,104600.41573598125
911,1.5645061689704138,38.887901392337604,101.59871187691094,1448.4920887150925,3.471447410847439,Healthy,104692.00560924591
912,1.9598288411333833,40.28246002481487,92.44160965898634,1517.955894219421,3.4080777268229854,Healthy,104491.23524282845
913,1.4867776651285158,42.64515378183005,99.82421373559133,1559.0083388255914,2.983535931684427,Healthy,104249.4841314188
914,1.7091826033334847,35.481395529149424,98.32916485042233,1523.0890294253222,3.108946613665059,Healthy,103572.29660717976
915,1.6887065789415023,40.28070577813397,98.39911867854131,1514.9475363635552,3.450299787623912,Healthy,104072.32671354552
916,1.5496602935916495,40.56887750264014,103.06909325984668,1502.1308313806076,3.451958711968881,Healthy,104234.72365063125
917,1.6944014077849172,38.1667649013708,102.57502315332492,1493.7652562509422,3.578262596407499,Healthy,104079.61287224594
918,1.7773772370605259,41.8804827312434,95.36606335877572,1389.5454195302761,3.079629506989241,Healthy,104803.34980377195
919,1.9995233426358903,38.703369647480564,96.69037931804834,1542.2291853733027,3.358955828583969,Healthy,103706.32262402817
920,1.6429646181579662,43.09650101721457,104.53337475829878,1529.6429083348812,3.3736348318235683,Healthy,104478.12724118365
921,1.77928334965938,38.45928877289781,99.53137798285093,1602.1546783531826,3.060377283627247,Healthy,103486.95511094031
922,1.7702540973559822,41.10973322748208,96.8178195874917,1536.799348639652,3.1885055203280377,Healthy,102854.4704747962
923,1.5067134058357559,40.61397352865432,101.95535958472816,1509.0094495171463,3.8097696553405505,Healthy,104025.43719505107
924,1.4302118849050545,38.07472491979722,96.89843048083776,1505.1502409064983,3.865680431537986,Healthy,103443.521310344
925,1.903825316226855,41.15945649703341,102.83015848045744,1444.459777457002,3.2947672573702356,Healthy,103112.46695455363
926,1.5213291425068602,42.025575721555334,102.3150616733046,1602.254888894285,3.6564071827953786,Healthy,103928.33321317627
927,1.9556538778196575,41.47262389439002,100.97305746690056,1522.4979714330238,3.6423449355759576,Healthy,103103.79169524505
928,1.7384685281641064,41.37775544805988,99.8731505600783,1473.5305034836083,3.7998133620179573,Healthy,102631.64619604801
929,1.7900004076313316,41.66327565697205,96.30013889367115,1445.6612145750148,3.3112072937623576,Healthy,104042.13824345257
930,1.7123678964945284,40.85285676067327,98.0721197238595,1492.1374596967005,3.416521822748089,Healthy,103417.10841858563
931,1.7868099004143654,36.73144367417693,100.50051638413875,1499.658224380113,3.3581351815036142,Healthy,103910.05512706173
932,1.6214487453812176,39.855614911872664,99.5125899193891,1439.4074307883975,3.5522026248763816,Healthy,102782.37031717977
933,1.4831802824408908,39.89855246574632,99.0790804105475,1485.8590063241008,3.6435294849562734,Healthy,103590.37714504224
934,1.5664253487205873,36.15402188229892,103.40699595977863,1412.6118784315897,3.311964705027653,Healthy,102937.58346778089
935,1.6086949422558834,40.81819423148365,95.93021506623228,1465.0780405849468,3.6356809690713283,Healthy,102670.99932376588
936,1.5872328728336926,39.45725212729757,100.51153679375241,1468.7791030901792,3.0840196380934604,Healthy,103631.64124002929
937,1.7055768836814278,36.324958579994835,102.75303877587952,1439.5803187408812,3.7099608629685514,Healthy,102758.94200297173
938,1.542301062502085,41.82970088543125,96.75775199881342,1512.063542377381,3.478718210137425,Healthy,102550.64665976455
939,1.620872851293894,40.31930557062247,99.70898951294987,1508.0943138854332,3.7507819058241734,Healthy,103000.50317220639
940,1.7597064608771413,38.89775381383702,100.04555225812867,1569.1575990402132,3.5887098723965116,Healthy,102535.60390139253
941,1.375194002842882,42.25905036480594,99.43531890399726,1463.779064095142,3.169811564998298,Healthy,103509.72610502846
942,1.6953842825199874,36.18454798899218,100.91403935867557,1504.8269710322108,3.5913919453350434,Healthy,103071.51708681168
943,1.3156489502219217,41.860441945096376,100.77049123158956,1472.1943349743092,3.924749898438146,Healthy,102800.48611074538
944,1.6272470062888222,40.354254988628924,96.09313747916696,1542.05974250522,3.4157672328199267,Healthy,102211.37075678742
945,1.7978571825441718,38.79391180127816,99.05189057703397,1576.931903101247,3.455295342397695,Healthy,102305.3148632942
946,1.4669270612111232,36.34014305135807,97.96702301650481,1455.0077097003712,3.3487950773888993,Healthy,102983.9044289909
947,1.7536769700739256,40.6277974921307,97.75935950104603,1545.3258203287514,3.643942940606747,Healthy,102547.4410191335
948,1.5894134119746521,37.64327989614956,99.09048236950738,1569.6246801204607,2.9470213206275226,Healthy,101817.20643165389
949,1.7424450055407676,39.81503215625919,100.06505137317757,1506.4224537351645,3.4772670420476075,Healthy,103009.85447777
950,1.7893032199126548,40.74223794039192,95.20075834525001,1422.328779193039,3.2227757429456334,Healthy,102540.21192389666
951,1.7292653399279423,37.54527896691892,102.32868923512692,1448.9885290577354,3.714752824748829,Healthy,102226.69939396539
952,1.8573663160589733,38.94954469586867,101.13210648434202,1546.5384716761591,3.363629883856241,Healthy,102058.61007519749
953,1.599633783377075,43.87505450259379,101.27643161114777,1491.6142949295715,3.2302196094067437,Healthy,102358.41532773027
954,1.5641041852988373,40.68233828693116,98.65095333410449,1491.4803556201437,3.815764860091899,Healthy,101132.49688572128
955,1.3741636339227306,37.396878880409105,100.57013379827032,1463.3741140311658,3.7076499183195857,Healthy,101116.44033622998
956,1.4395277776341502,37.876311462255416,98.86788021181987,1437.423168289529,2.6457320862180325,Healthy,101768.22141250297
957,1.8753853215616143,36.70319405673249,104.38109236390427,1532.2793522589996,3.962243918364746,Healthy,102858.4083722766
958,1.5362890954517963,38.007072631392816,102.31008391121202,1523.635919858919,3.4576009194602086,Healthy,101947.04583368362
959,1.6685717710344354,41.44969383068769,104.71632307301664,1595.2966134355177,3.3365626867693505,Healthy,102263.2725501919
960,1.4668474617829663,40.533267760647405,99.64444396979025,1555.6672718402458,3.341361512900924,Healthy,102513.0303527747
961,1.6421397868347196,38.90570635622286,96.67418128299428,1506.7774393358382,3.9613778261905894,Healthy,101414.74824311706
962,1.4496241027712657,38.73218655125442,100.97936310204241,1491.882683522418,3.2685707544144287,Healthy,101612.51823602841
963,1.7082601513871238,38.43997001975977,98.83581248511437,1445.5350012163035,3.599425391960717,Healthy,102417.32157632659
964,1.485652755056641,39.737702217209836,98.48562798491363,1556.5849771036847,3.619152716441127,Healthy,102327.67404140877
965,1.914231069952562,40.24315950576011,103.63620957697736,1581.9955318937843,3.8251380399659207,Healthy,100858.53730166095
966,1.9297952146619024,42.168062350355186,101.3502668321445,1456.8512355948474,4.095496356825178,Healthy,101216.15857609027
967,1.8244642007887124,39.848080800276016,99.97712149696818,1510.7698708987418,3.2121558400191184,Healthy,101919.52692086433
968,1.8125445502986923,38.026254010886575,97.8895291007868,1561.5396591176009,3.38542164804032,Healthy,101913.85131537305
969,2.091319949506939,40.727432063315646,99.38419637876333,1399.3192446583996,3.407081836210279,Healthy,101272.90334926752
970,1.530872840712779,40.81866882975332,97.36905005580022,1567.0884358112323,3.6329881999493923,Healthy,100859.82888632602
971,1.3817149677383722,40.09984731098053,99.77299804364425,1440.903844420461,3.7191448705205215,Healthy,101773.12899361791
972,1.5639500644790694,38.71071379400871,101.74769517804675,1439.7020446853319,3.6723769183724193,Healthy,101727.13646852532
973,1.461064218891625,42.998755093963666,100.95949472699259,1450.775497828229,3.5925735773272978,Healthy,101298.997141896
974,1.6302005433395688,38.83632348336333,100.56740405819153,1476.5085579404858,3.5398718098473356,Healthy,101212.17564299914
975,1.889018590483567,36.51333131906795,99.41454835380507,1400.2330754620446,3.5538939791923525,Healthy,101016.53150517447
976,1.839083212066099,37.331021017514004,97.52606314033636,1477.8171456355503,3.906429761271659,Healthy,100791.45441289639
977,1.6266672730675489,40.564884411882325,90.70862352332337,1577.4390239793104,3.44143040890449,Healthy,101246.44184983232
978,1.7950797662022873,38.05992791189194,95.96328833842526,1490.4709879618702,3.1623409736589965,Healthy,101648.215504113
979,1.6327377521542084,42.15362943980075,104.46816128216467,1580.31911709292,3.669993925987481,Healthy,100579.76887022569
980,1.8739419964157018,38.97174262156279,99.531526919055,1461.236739120962,3.7352066533435817,Healthy,100622.97144306467
981,1.7266377287794445,40.64521426879929,103.40328714948755,1501.1251375041397,3.9314907736298417,Healthy,101135.08524562865
982,2.1389254134040128,41.84026245251916,97.65071213987672,1469.1572783850745,3.3422090905746193,Healthy,100710.80711282819
983,1.6689382559157226,41.06047336725536,100.76738089380423,1589.6008699412678,3.528652462050263,Healthy,100923.32186365742
984,1.8365004399507987,42.55068916909852,98.87492466904642,1506.334380451036,3.5976954104850623,Healthy,100163.09408605815
985,1.6072810780209847,38.28787371867646,96.99906294551835,1535.7740727386972,3.0251222063779752,Healthy,100763.45297288177
986,1.584922584702497,40.230389041288554,96.43933049658204,1537.319353368176,3.378180214058153,Healthy,100017.86276792423
987,1.6206652637734398,38.20249395833679,99.86316055838661,1545.6400895608967,3.559415207230245,Healthy,100149.87836898067
988,2.0763949352443847,43.23853437866106,102.29077570046164,1428.496530816808,4.508249685754578,Healthy,100803.65556289683
989,1.6164948549474079,38.02847679581988,102.09868832182703,1515.2229087614328,3.2885245917163175,Healthy,99873.44181116893
990,1.9883235764454195,38.42247946069089,96.04069232399112,1453.3056500116181,3.2375937780742197,Healthy,100657.98529685823
991,1.8321512621920704,39.594003749076755,99.98529626170155,1456.5226921057006,3.682787294920045,Healthy,100744.41070288896
992,1.5751005136218843,39.039652935295074,105.07188306872258,1446.0268330433425,3.9083264472892303,Healthy,100190.13130489842
993,1.7881153133598144,38.12354257145502,100.30347095579693,1564.6133792760847,3.671162250418429,Healthy,100391.09168622445
994,1.5486808038997533,42.61994855103098,101.38472856890245,1511.2587351430984,3.7429321098172483,Healthy,100504.94696998972
995,1.9864405076901883,37.851404473768646,101.37253300011082,1445.01097618242,3.4050774919351015,Healthy,100579.57042500764
996,1.7757164921987296,40.289091070700195,97.58629829660161,1382.1184515430352,3.7436448032657434,Healthy,99508.97345627329
997,1.800356536807703,38.15845646471752,99.50040575692688,1494.2588803078988,4.163941611687172,Healthy,99741.47111169928
998,1.7857192177281633,36.556607812178534,98.08940665916505,1479.309427560566,4.273847196108572,Healthy,100652.81031475015
999,1.743003826230155,38.86121828413503,101.75453530054467,1494.9646067719657,3.676394524178314,Healthy,100334.17730718353
1000,1.7869751480080285,42.27562959984118,99.8371104900719,1524.8022773657685,3.4454556772121614,Healthy,100466.40691046092
1001,1.88688885329746,38.798930760820404,98.95108746994347,1438.9645734616395,4.070234924665839,Healthy,100169.64383515572
1002,1.7575342703325656,40.294637712648274,97.72775840480173,1568.7916207080102,3.8753443703065296,Healthy,100037.33798607951
1003,1.5422641676758742,40.66377202076048,104.33972228660434,1434.3199440002932,3.717314748346889,Healthy,100541.91020427812
1004,1.80091737783389,39.02130121914967,100.1527082695525,1608.4270747024398,3.257096703331304,Healthy,100389.86121684429
1005,1.9985261680000466,40.05348961452205,97.37743176924387,1587.4126786251152,3.3215137003105895,Healthy,100565.94235738635
1006,1.7772960148976533,41.46441431899062,102.75582793837091,1464.9312967248172,3.7346878368329244,Healthy,100110.95841681508
1007,1.7843274075526918,42.63315473320172,101.87305167671647,1606.6803469853212,3.4737356507844437,Healthy,99850.0922342626
1008,2.025412607183402,42.40595971086502,97.81148606629793,1452.8356860654585,3.320767769738375,Healthy,99471.38138641903
1009,1.7299883432519465,41.21190856246102,94.21181916516049,1439.5632215026717,3.5980399657418,Healthy,99321.22472653202
1010,2.011299199652705,39.15915454996767,101.33282753974511,1550.747668224186,3.9873760157698417,Healthy,99282.10731548989
1011,1.760449989612923,40.08331410802465,100.48935294284557,1497.4763178953897,3.677946423556183,Healthy,99508.12706508696
1012,1.3184304712994428,42.09412382369765,101.64922515505847,1503.7923981489002,3.669252840230111,Healthy,98648.88250083788
1013,2.085779248860014,40.81570358595947,99.8267975873697,1502.2826370854277,3.6088918236959384,Healthy,98821.70044878706
1014,2.040879282447119,41.1633296747941,97.45961109921318,1488.2098504965843,3.7365648664726088,Healthy,98782.81513034932
1015,1.7618365511758083,37.83043841771992,100.82765593479594,1459.788770738852,3.735643406562609,Healthy,100056.49524588909
1016,1.761593408532242,41.18600536436079,97.39325174077686,1480.4523685071008,3.9771335361091382,Healthy,99989.27586551523
1017,1.6752401684255767,40.25012379737199,94.87781644622902,1464.4864340273914,3.427690657269816,Healthy,99653.61202668305
1018,1.7177039557941778,41.3879855908499,94.21060504549747,1500.578253417133,3.904857608865561,Healthy,99799.88501409671
1019,2.028957694053798,37.08477674522473,100.23121674247459,1494.961153413673,3.6366616630353787,Healthy,98269.82396516736
1020,1.7020553103193312,43.81639289582495,98.657532950169,1529.481219728001,4.234539287448833,Healthy,98256.38925513318
1021,1.492534894841991,36.831845035796455,97.85170014002598,1433.087638722274,3.6782359425795934,Healthy,99568.57807294921
1022,1.9624323274340296,40.80795627021863,96.62048600429279,1552.3210469031135,3.8825382386586824,Healthy,98522.45728067972
1023,2.037175927993129,40.002925590801034,104.03750969902015,1492.1117827721423,3.7165092927856267,Healthy,97814.8519228733
1024,1.9598380802318405,37.0934754862266,104.2183915202107,1574.7640612063467,3.599766776217906,Healthy,98857.83625502583
1025,1.9424663708414613,44.02253809683623,103.86310017747041,1543.3030667136777,3.6465895947321485,Healthy,98766.16768930423
1026,1.7617231826521114,41.85137108923341,99.97253893597338,1512.9497488507573,3.338488364323962,Healthy,98965.25044431692
1027,1.6039943863675077,43.56189289352666,100.15738898221439,1577.2158006987604,3.5175041748084337,Healthy,98837.664761329
1028,1.7317864488348569,40.00592394991781,101.34184100977444,1557.255480340547,3.8196982623683096,Healthy,98303.96344518707
1029,2.02405107154221,40.852941339173555,100.37927558689192,1531.233439392684,3.8700145511784356,Healthy,97700.57479154035
1030,1.7078215501626606,42.098999298401736,98.78259049687249,1532.1455680989845,4.033303191016581,Healthy,98877.96407474684
1031,1.320216473901634,38.004977616316566,98.45983952494097,1429.2083836808076,4.037120160681626,Healthy,97908.00866888557
1032,1.9043286004579127,39.1622462129128,95.76908619929713,1572.5668260530676,3.475368982611354,Healthy,98059.5023341327
1033,1.6872372977028882,35.641813746235464,102.23802292341418,1455.9667838490043,3.3707537483638284,Healthy,98250.91082424922
1034,1.5853292931125837,40.10533942105795,102.1854259595374,1437.2082330959454,3.0100949397249677,Healthy,98683.63494908376
1035,1.8631382190508867,44.29530865582059,95.52164471086991,1579.863299170043,4.110926377450994,Healthy,98826.64955966327
1036,1.6645229768060203,37.914016787821495,102.10031918258046,1553.6572810508328,4.2234277019537245,Healthy,98435.8455450999
1037,1.7296737250044925,39.578605228894865,94.66684926795335,1454.268207936904,2.942119433182528,Healthy,97289.67101310064
1038,1.9392801788035605,39.85390439258846,97.25794167830455,1532.6133964954877,3.841047119626738,Healthy,97800.34457075021
1039,1.5829468758836913,37.606219471437115,98.60927466997803,1545.190346173479,3.56933422341544,Healthy,97597.18366532847
1040,2.318491147170084,38.29420269863904,103.85527707264065,1560.6815902842272,3.8868328894289967,Healthy,99148.97217795928
1041,1.9739503147744513,42.46820710763433,99.4734367637557,1531.1064403915657,3.7364952212888687,Healthy,97484.63626729422
1042,1.824942271562074,41.328246939115104,104.05631533756994,1433.7135017476453,3.9728440334212998,Healthy,97779.7327920553
1043,1.9150949564847646,40.320688742933804,95.95553248511506,1558.335285835306,4.232919991839582,Healthy,98320.61938452363
1044,2.0466017263720255,37.60567741794707,94.48081678165332,1451.5705732166202,4.074807118742861,Healthy,98184.61063038048
1045,1.9106159501413862,40.74804273253424,96.82413818859813,1504.3720082036402,3.1910785972025124,Healthy,97018.11985066903
1046,1.825835987444256,40.68017000615022,96.36631087524351,1490.7329078834543,4.440882332552931,Healthy,97139.40269654253
1047,1.966107281191949,38.05267112378465,97.05914684527038,1504.81761291963,3.8188485875052525,Healthy,98899.99448256977
1048,1.7026361086358859,42.793282646687466,98.87449902128154,1454.1932845647987,4.207621356075914,Healthy,98187.36458645153
1049,1.8590902343430113,40.12835490542162,103.46891303932287,1506.8352770804024,3.9436995296763433,Healthy,97378.87707376426
1050,1.9397264508236498,38.211960696399004,97.59933204955354,1376.0352026216956,4.041000951828052,Healthy,98100.98310451276
1051,2.037010693185225,38.7727734042391,96.37010066815611,1442.711035815207,3.320040213988119,Healthy,97862.65555848269
1052,1.6103169705916893,39.903106894779356,100.11837097270347,1547.314087879038,3.5529399631684813,Healthy,97856.1120186845
1053,1.980327193059555,38.494394138006186,105.26559067396663,1557.9785548436464,3.6233680802669403,Healthy,96675.48987579558
1054,1.9213208496560987,41.088918787574386,98.5800469414438,1445.6253847272674,3.592040339430815,Healthy,97053.4315248356
1055,1.954579569385667,42.44555994404999,101.30400637759088,1530.04749617106,3.9865685841649436,Healthy,96290.4839874683
1056,1.9002453634612366,38.65460056978114,99.64130615462228,1432.1905451616972,3.6701769453623605,Healthy,96856.32766872433
1057,1.9125560433554043,40.779946125027784,101.99682956966903,1477.1183155920994,3.0758590806183053,Healthy,97182.37818074621
1058,1.6416915731056312,38.67424430649972,103.59309408760119,1529.9806094793753,3.4422208817351567,Healthy,97706.09211714419
1059,1.7136999938343458,42.31323638882409,99.6733056358752,1530.361268505671,3.711527354319027,Healthy,96937.23337052777
1060,1.4811967127178343,38.15152799947002,101.05473294087238,1344.9848278351951,4.227995998161728,Healthy,97178.73181036781
1061,1.6705633474493522,35.99165133381795,97.7124553157925,1529.0760554336719,3.7905944891525665,Healthy,96418.93414876304
1062,1.6100825768432923,35.55145909058222,95.58105956288904,1499.3146102426826,3.8135353799945184,Healthy,96972.44815670841
1063,1.5277602874082077,40.22410206913616,103.51653675080775,1501.1586252252102,3.295060868187782,Healthy,97818.13075695478
1064,2.1273957102826375,39.87386016361909,102.58864098788786,1441.0022468303582,3.9518321586960723,Healthy,97543.53103170116
1065,1.966037170857984,40.85279245702156,100.2332204870015,1483.3660443170927,3.0408788228799906,Healthy,97046.44977053175
1066,2.111454307076222,43.13063499333742,101.21647104869537,1466.6240144772662,3.6197006383835886,Healthy,96691.92510416446
1067,2.012688016817238,38.49059938584734,98.73535642856002,1471.5841638539828,3.625259816497125,Healthy,96503.1918839972
1068,1.8864382034483542,39.62709041604474,102.14842975098658,1527.419333176038,3.9493946309302155,Healthy,97003.64760072548
1069,1.8365172428343348,36.41201689590738,102.79000052524627,1536.1055609994787,3.439327346846991,Healthy,95618.88197143686
1070,2.176159302363486,37.80159737592288,98.35545910499931,1550.4695056137364,3.74602083795351,Healthy,96413.4746622007
1071,1.671475047517985,41.92988341920159,103.9905324769649,1478.5135428440044,4.003148399978963,Healthy,95930.88485077106
1072,2.186824662782448,39.17260006929655,98.72750650315007,1501.5021759640842,4.0146305530886455,Healthy,96751.52845010387
1073,1.8813823939598067,38.698569130137265,98.15680923294542,1519.7977141895037,3.424504746740074,Healthy,95541.76506878294
1074,1.5765396874578623,40.484357751750444,98.84928525101,1463.068603506372,3.253743093891112,Healthy,95832.46498094182
1075,2.0846852976765695,41.87645350051479,94.84792136104065,1427.4658644444864,3.587560659128932,Healthy,95963.55855240923
1076,2.009297264066005,37.25246995360089,99.14477079183021,1506.4047521259374,3.9564471889341624,Healthy,95552.98388779008
1077,2.344397923585326,40.83567625696996,98.03704474709605,1496.3473690371732,4.0871939215792645,Healthy,96444.09614358013
1078,1.681733720197917,38.0892768176448,101.38681377719732,1483.03676075361,3.9825301210607655,Healthy,96104.37473448015
1079,2.3205065151892006,40.706022493057404,97.57016593154903,1458.770187295164,3.80286777376339,Healthy,95589.58880568163
1080,1.687625216762815,38.95475890655183,99.22826470045385,1470.1284372377565,4.189034169303056,Healthy,95864.4898416573
1081,1.959789475492633,40.88823501627449,99.71184965440544,1479.9851205992652,3.7684673132602544,Healthy,95679.53354527161
1082,1.733070383608611,40.16111341788379,97.17285800700702,1564.8493081045065,4.311299662018307,Healthy,95895.52676671972
1083,1.7349345955087827,39.53071955652284,93.36135009672157,1536.675399434594,3.791547072174458,Healthy,95374.79769321045
1084,2.0833446348489044,39.73776738772882,100.85585960806424,1544.0290782145196,3.9202880728682397,Healthy,96444.42040958746
1085,1.833496757620806,40.899691559351275,102.9912409491772,1488.1570557711714,3.9377135196162936,Healthy,95989.32562241588
1086,1.8297710126301259,41.44153584217594,100.28818164160676,1540.116805866994,4.050709307414769,Healthy,96125.12493219528
1087,2.0261278125623425,40.98437857312009,104.94439675887656,1552.0010324414923,4.01038498195953,Healthy,95860.54719535564
1088,1.8409472191711231,40.36879131079227,104.46412901727302,1466.1645760285362,4.016371577677215,Healthy,96076.52134821066
1089,1.793444708338343,41.809854044486315,101.7099922742309,1515.3545893177845,3.6012961899735814,Healthy,96625.9937762462
1090,1.9103610050908935,37.64733415515368,107.37825450480223,1432.4218128637303,4.178658564858331,Healthy,95618.19388922054
1091,2.0884026604919703,41.27634211173102,94.6814810233268,1411.6236603478394,4.189496870457125,Healthy,95083.06953813361
1092,1.8536546723423857,41.23205445387381,98.14855762639797,1492.059124894292,3.927026918536165,Healthy,95039.39659058012
1093,1.6547642391068877,40.63995312049405,93.97791243964603,1541.5253397745746,3.7800831228212006,Healthy,95453.809397422
1094,1.8385170037640628,39.48637374589345,97.13506238438325,1481.2642966353058,4.455705247029693,Healthy,95628.05009862327
1095,2.1798008744391146,41.722630329762055,95.46426749663436,1511.2808905661072,4.216873856004765,Healthy,94689.16707664625
1096,1.6939126055391291,39.714108238075426,101.87307202895396,1513.6255726789136,4.754984229140895,Healthy,96153.0584567877
1097,2.273727634251164,34.67929445631052,99.36219893323167,1522.5613387920948,3.368261825698946,Healthy,95312.0662260769
1098,1.9958200580108538,40.932160041080365,101.52550687046067,1604.267311400761,4.194357988393689,Healthy,95202.5603946488
1099,1.6788125266128804,41.66186911934213,96.25411212711674,1488.1465774276408,3.8646295180164376,Healthy,95131.96460494948
1100,1.8738411320738095,36.032308485879646,97.09873481166127,1599.6112105076838,3.864381377013013,Healthy,95049.44299888675
1101,1.5590041888011095,39.46223661325146,102.73299959784046,1521.9686887232217,4.314962406367199,Healthy,95293.99707652538
1102,2.0078246950780967,43.140492791089464,105.6084310815333,1503.6805086251586,3.498678136519107,Healthy,95472.05350691118
1103,1.6152736836902999,40.71215545449235,97.52923597227043,1428.4953006760657,3.6346765096086604,Healthy,94404.41379401945
1104,2.057626538629596,39.102127778818705,103.51815083139954,1530.7000780443127,4.188100184370369,Healthy,94968.78883303548
1105,1.9584435236250897,42.38087917190474,102.5382127701902,1507.4271174118144,4.404505792506383,Healthy,94201.09257818836
1106,2.012266191463252,38.54693459317922,98.8110557330905,1473.7495340256464,3.141664748662332,Healthy,94583.13954900643
1107,2.333152979322457,43.42144124058979,105.1892452707304,1464.01648612193,4.318868380058175,Healthy,94716.65041501078
1108,1.8883537404725521,42.952301880075986,105.03308923351513,1415.086892147455,3.470025059842147,Healthy,95527.26943484768
1109,2.091896826788968,37.037980295873886,97.02379127034102,1377.9322915414914,3.6876799405024174,Healthy,93844.32707834685
1110,1.8295185281340627,38.000313566158994,100.52437734438834,1454.4294364213818,3.412604501137139,Healthy,95565.82639218403
1111,1.7396282795136515,40.00246692928227,103.32317771536984,1458.2085410495154,4.484662989387567,Healthy,94481.00801066829
1112,1.6184340131451767,37.91591281811469,102.14194725082768,1516.2099106702592,3.9562490233347307,Healthy,94979.98231248894
1113,2.0347195023766314,40.11559562061088,98.35107329016846,1503.57214290236,3.644886091937573,Healthy,94483.86083883686
1114,1.9432619404519844,36.39730712724818,99.4458614126266,1482.5700919564058,4.3090823214468905,Healthy,94091.93312407637
1115,1.8716084814044913,44.39540971906493,101.7063681215576,1616.3669926674659,3.6902907103227136,Healthy,93760.25527577075
1116,1.9677399302031915,42.55710065294224,99.93800741309823,1482.3422088408336,3.5852431407215954,Healthy,93714.52191651546
1117,2.161880335306163,39.026114938233206,103.03723599662413,1429.68583630947,3.4636358159286917,Healthy,94070.93605865972
1118,1.7866430067853534,39.558474667550314,104.73400369021572,1450.263068653855,4.153202746762995,Healthy,93476.85271577313
1119,1.9108585605314434,39.40649644201841,101.51583813825904,1521.5172678891033,3.8122287730852156,Healthy,94155.43233069609
1120,1.8662151983950674,42.60728559475644,99.99674639423695,1426.5535062451345,4.028197916803277,Healthy,95143.05997711066
1121,1.9024044219807092,44.008727867152984,101.66616525903684,1459.071127373528,3.934884826540785,Healthy,93456.00079899708
1122,1.555033482035796,38.10320012795367,102.41206397866544,1504.9281805710257,4.112089765469366,Healthy,94173.36262255843
1123,2.1532477596842665,39.193442347741076,100.91382999115085,1514.8618665356898,3.9210822394649485,Healthy,92462.0634820379
1124,1.618856483610506,41.05723000943058,102.08120314313382,1589.4998142068566,3.453922007629128,Healthy,93593.60495604282
1125,2.3923106005808936,35.0804218681556,101.0504370240596,1477.743042700117,4.147945579669474,Healthy,93643.41927300213
1126,2.138511975627813,40.46899800359383,100.29248036392,1533.964613775423,4.069602905491887,Healthy,94162.28602138504
1127,1.781575162886656,37.695979278698374,99.12425665847725,1526.2696891973715,3.8686595428747785,Healthy,94504.9058117116
1128,1.9000568459537654,39.68005910997514,102.58027762993616,1520.5806984236854,3.7992048925011663,Healthy,93660.83344688291
1129,2.2029869183237794,39.75442216082362,103.71310783596853,1501.1364302922796,3.810859503195081,Healthy,93873.59150471879
1130,1.7805534773168052,40.444840913846036,102.22858571267291,1558.5339385040602,4.036566151050096,Healthy,94139.597200886
1131,1.885965116243358,40.18810978220634,100.36150946149937,1476.092811536487,4.389569018602836,Healthy,93355.66675654575
1132,1.9225909816599327,38.08029325927176,95.44188248425026,1518.2000031218088,4.149979524759292,Healthy,94399.64829512795
1133,1.7031791635783013,41.974750540656984,100.28712687401136,1416.2858203709768,3.96892917374923,Healthy,93726.08086123547
1134,2.2827122030490403,38.678376622540725,102.9699643785225,1581.1892725217933,4.253284677626703,Healthy,93486.55803956179
1135,1.7025295807256242,38.40024979467131,98.65849077299903,1450.9520409870536,3.9396801127352243,Healthy,92478.68762871402
1136,2.0650861198327735,35.67874691523434,101.32219920080612,1532.3288240024142,4.077562263767174,Healthy,93501.34597332445
1137,2.102414080868501,41.63991360524257,97.19100498650658,1531.784203679286,4.031773498558794,Healthy,93837.25125777311
1138,1.7918279795865824,42.70049355746779,106.18587467882674,1558.559916321801,4.030134072840343,Healthy,93344.30151772432
1139,1.7750013325488154,40.52085783836694,98.20810139967418,1505.186655599008,4.10401484537008,Healthy,93003.34165350292
1140,2.3185419883767784,37.83793251325836,106.6253486299906,1482.0164522887499,3.7394778460840032,Healthy,93377.99505420915
1141,1.9870688879568457,42.55722603339973,99.80728897078649,1497.0890499861982,4.012176426238153,Healthy,92784.30215615424
1142,1.8738034897039322,36.47298930122861,101.3012661091614,1537.4230020991274,3.95040635956307,Healthy,93300.11061203059
1143,2.0642004250656227,42.045409730847176,98.98218506849557,1445.3663104819088,3.826447582930651,Healthy,92822.42761030988
1144,1.8744329444792494,41.137309145985185,100.30157771985562,1579.6905867536755,3.984093408758329,Healthy,93515.57756909633
1145,1.9201277737362552,38.855500642785856,109.30203986918663,1509.0978442267367,4.638332609499761,Healthy,93015.6835142025
1146,1.863802823095194,36.11888010814454,100.30445135368105,1521.609694355739,4.529404562059805,Healthy,93465.59570391379
1147,1.7919037439311378,38.924630364705344,102.70726161277203,1454.1307718200658,4.586648699278953,Healthy,93043.27829663774
1148,2.1394265874001115,39.207092809410305,92.15530413442954,1540.508827343061,3.9301905410752527,Healthy,93320.5315201277
1149,2.3392611077301213,41.181877270675834,98.27503790898064,1379.2326611258482,4.448498526561978,Healthy,92050.87334020945
1150,2.240966813518078,36.785787878442925,102.16203960650189,1531.919847081011,4.249539561669205,Healthy,92689.97601874312
1151,1.908965880632888,37.00813384341456,96.67398207669055,1340.5710964238351,4.643478968922183,Healthy,92258.3198179693
1152,2.0454868732383154,43.656664394170534,108.44502214266481,1537.6348581346272,4.297933344349193,Healthy,91823.47359774953
1153,2.0070451683152384,41.129622851902,99.86941797881144,1505.0944305424116,4.149773586387786,Healthy,92199.22190291705
1154,2.0000194059856318,41.19852988696048,97.90847665704305,1464.2664442265987,4.212393389839232,Healthy,92073.10429004909
1155,1.933080339944424,39.67801814471573,92.44150211587323,1498.7248286257136,4.230792502718737,Healthy,91783.440450043
1156,1.6949839594039762,38.93621940773123,106.99108607627184,1512.0403041869702,3.774522329088424,Healthy,91826.14148956773
1157,2.26121340167832,39.601402280627106,95.47599696992029,1488.0279250207327,3.762177222318332,Healthy,91694.48772947877
1158,1.7150423571795517,40.86630348362854,101.51682949096022,1450.0977729919741,3.7773797292851525,Healthy,91741.50817593587
1159,2.032834242544077,38.43020815211365,100.81514228249513,1477.76040664601,3.6893957420278642,Healthy,92262.86101628454
1160,1.9508892129914877,40.08129908337113,98.48267083750203,1533.8742096002911,4.238681107128678,Healthy,91970.59136436196
1161,1.9778633909630772,36.70742482466053,95.55501415345769,1505.1859558331764,3.871222835249417,Healthy,92071.66163433978
1162,1.964042939697703,40.79591742785323,98.97439430105968,1441.4934816266748,4.230400276197739,Healthy,92209.1392624916
1163,1.827265582191115,40.07049735582723,104.94784825600985,1430.796506409113,4.349174324397064,Healthy,92845.7489815337
1164,2.012382152480249,38.67168991623476,101.91330176306613,1411.3761683604234,4.075028596111547,Healthy,91704.49384106211
1165,1.7074201747363378,38.46368863868704,99.25369031882303,1488.3621436009707,4.134259343960002,Healthy,92151.2854913162
1166,2.001678235002536,41.83921876354918,96.03702340513865,1560.7516980472556,4.126285514634065,Healthy,92608.18398353131
1167,1.9853866581665771,43.86360413360476,99.94576176900021,1448.2317045231352,4.005595886934133,Healthy,91847.9891497237
1168,1.9804415037716057,41.76919898612643,101.33968480539065,1574.6491586540099,4.346672570253904,Healthy,91184.01588582824
1169,2.080002085264373,38.62990261709372,102.10467895273482,1443.0240695157509,3.8853651808046212,Healthy,91497.66140634406
1170,2.320515572328394,39.49215583289779,95.59314582190719,1526.4522247565972,4.460500912067993,Healthy,91814.87167864045
1171,2.1005330862076113,41.59501296744573,102.60336707853506,1471.285278085465,4.242236300805633,Healthy,91337.7130568781
1172,2.3206851949356206,39.981324744536764,104.89873761010575,1516.8252387655837,4.397578009332617,Healthy,91409.95943090593
1173,2.310934341160871,38.4798562400668,105.18058276651797,1436.0326126408756,3.9974902072513605,Healthy,91696.47707388089
1174,1.9223515976234513,39.9476079636049,96.9552309778179,1483.1778398667573,3.867882245526628,Healthy,91007.95629466132
1175,2.148314574026898,42.19495233818126,100.69173518668939,1489.4328143491978,3.8143209136092646,Healthy,91716.89745764737
1176,2.317769052115405,41.251807145311794,99.80642044956367,1522.7709981327514,3.8807198567956447,Healthy,91182.48688401192
1177,1.9016191134569986,38.747321194854756,100.87383913172128,1501.9732821056737,3.726938672175838,Healthy,90793.09981278007
1178,2.1451645513349913,39.88097411172309,100.63147665932871,1560.1547934911812,3.6186111180327627,Healthy,91633.59180242447
1179,1.8615882048260448,40.21033417198807,100.80941893587952,1534.9081507632734,4.12196751616061,Healthy,91655.6609162058
1180,2.3170065080208166,40.194019575665344,96.11470578089639,1469.388688215604,3.979212680824662,Healthy,91071.91480727465
1181,2.0386922572668635,41.351378436623236,99.66936402728227,1465.400935980455,3.709505992672128,Healthy,91920.20446374008
1182,1.8522445276770645,36.89136851834743,105.0382967016838,1481.7383734625237,4.326277307920372,Healthy,90763.83053653176
1183,2.0019376735893735,39.12344477765679,99.41453773797893,1429.161330680206,4.155515106409085,Healthy,91127.61233440481
1184,2.345783520606212,40.03914365792354,101.49954641389328,1472.3567396034648,4.332684484703384,Healthy,90437.97739232978
1185,1.6970938758074563,39.37686007258857,95.90121981297817,1550.92326678527,4.223953104543581,Healthy,90126.06238062597
1186,2.083820313064742,41.98360187959684,103.39479390415526,1560.521414679863,4.7472539422954005,Healthy,91239.71681630235
1187,2.09827744203666,36.54467882438102,104.65290437040335,1542.411854142464,3.8529243923545415,Healthy,90667.44521518167
1188,1.8660302710116163,34.7782436500522,100.98773067137174,1428.4389161418737,3.7314071912902222,Healthy,91345.24310060513
1189,1.886417095673375,39.52357974319545,91.64015164416588,1606.4911077427582,3.803455377649035,Healthy,90005.59651030217
1190,1.9270966121744904,40.847885648776916,100.59754869727554,1576.6210415460062,4.366959435810665,Healthy,90338.39553796992
1191,1.5892781887359488,39.66217780390477,102.5744045870304,1404.0346602591726,4.514312958103263,Healthy,90768.31995406668
1192,2.19324179212469,39.476449075309674,100.10776435377389,1498.5046744847568,4.325078152335907,Healthy,90194.16221837813
1193,1.9090142425306744,41.280808037479844,103.96299762190534,1405.5943430496798,3.996755246748992,Healthy,89120.96133754555
1194,2.2206605876490015,39.0846347996142,100.40733844636901,1442.5437785054864,3.9901472161879177,Healthy,90207.89383320608
1195,2.010669604808002,38.758251181802116,100.68690404328359,1473.1892701530885,3.9300146368992737,Healthy,90670.84557297682
1196,1.7462883466504913,39.770075966031776,98.41886358474704,1544.6344846325294,4.253087050388139,Healthy,90445.45570272341
1197,2.3221184056002206,41.54861407027812,101.96642955208969,1485.3240188865689,3.9270055974388987,Healthy,90660.10000280601
1198,2.028069163337745,39.55263296380133,101.38610338156082,1474.1585791546286,4.136820171863328,Healthy,89201.32106833026
1199,2.306042729751232,36.90790375828161,101.0400396330763,1589.6660679385193,4.225173362990329,Healthy,89987.79147775826
1200,1.889666926748966,40.345396368907565,100.23684820139654,1517.74275435597,3.922849016674976,Healthy,89950.31811581906
1201,2.1132992739562138,39.17659345506505,101.17351955034562,1506.3751416426276,4.4008339137443,Healthy,89492.36642168708
1202,2.049089555517271,38.42349646105102,95.52409498767997,1458.8989314595237,4.569943089836603,Healthy,89845.46049629057
1203,1.9994208223201904,40.76803194720397,96.20582346778139,1469.4647528230523,4.9437217739409745,Healthy,90221.87820222155
1204,2.403253838267454,40.583214965881254,101.20825736493497,1450.7499734401465,3.640622938204175,Healthy,89678.65280021394
1205,2.387749575089609,40.771212681335456,101.25691368357938,1498.1541085812137,4.581319120177069,Healthy,88620.85024372922
1206,2.087003980227537,41.823207749220344,98.05681721492157,1487.5209483715494,4.448244961859949,Healthy,89145.63239010084
1207,2.241968238697739,37.853629133284734,96.60809055676525,1515.9682907828806,4.377252477655131,Healthy,90947.18999976166
1208,2.2145347637537998,39.88159195430374,99.30986059044636,1442.2361104959239,4.330181056260246,Healthy,89309.7379846724
1209,2.1309047283864415,42.87222945432738,99.73652217590877,1487.9818568900555,4.171182220763463,Healthy,89440.52772254874
1210,2.15779412254843,40.592214261963385,101.72017472536011,1520.9120047630988,4.717588725645989,Healthy,89897.13567615217
1211,2.088712631573882,37.33889129471436,97.60633582788952,1387.1355729831275,4.26338357509304,Healthy,88952.33280730466
1212,2.071217436030833,42.07313443933072,94.78768936177153,1592.278422272866,3.914252459124977,Healthy,89406.49476393372
1213,2.3286068580555725,37.14974383364241,99.67329070403595,1460.3400033466683,3.9552885996421128,Healthy,89125.97080857416
1214,2.4261830913372173,43.43384109706073,98.67389392380709,1455.2476633540548,4.374954130331437,Healthy,89680.19634383198
1215,2.048920958296035,41.27738112109225,100.51203870295505,1482.1636607997855,4.352967391835467,Healthy,89348.76623308982
1216,2.375305805000627,37.07171007247011,94.81658506052729,1557.9544861261509,4.5953099235523585,Healthy,89903.29253641813
1217,1.841910230815604,41.45502051869132,97.41726833952497,1540.8947448738909,3.3671455677945623,Healthy,89220.53273049541
1218,2.1381517150832483,35.6450422867142,101.64972835574723,1502.6982028804807,4.0859463604715875,Healthy,89863.02208127244
1219,2.0000455778845856,39.728616793858386,93.72426410626085,1555.5454117134689,4.559932934988942,Healthy,89503.70366221892
1220,2.2803646689823522,42.76687795320685,101.60562376987907,1598.5821095131137,4.252546503835764,Healthy,88937.1170566601
1221,1.9919959353240384,38.9033078968775,98.76086970013174,1458.9854224039855,4.341054822740585,Healthy,89775.15362893062
1222,2.455417022157885,38.38033257334282,99.90340002019127,1519.653943286134,4.503664593580112,Healthy,89227.17510664063
1223,1.9814604958462074,39.5918718984748,101.68979778433265,1501.1217344772695,4.5946045740657,Healthy,88408.67710683805
1224,2.0529640852124778,40.524666768129684,100.12338967071679,1459.8921890306244,4.872065959447964,Healthy,88766.62092777134
1225,2.2872859724572026,40.87209551061061,102.74722499507415,1468.6867840103926,4.087365753885242,Healthy,88962.77075166044
1226,2.0421966541658443,39.843213970908586,95.88503783741275,1573.6669820797274,4.069597515925102,Healthy,88231.79491168597
1227,2.2663376528639576,37.733897912467555,104.36120391606184,1438.901057788723,4.037992063514177,Healthy,89264.3466096131
1228,2.0138404937808105,41.237566750924664,97.69459212512439,1468.0359471397596,4.640328163773384,Healthy,89205.11634204247
1229,2.1586539108446288,40.837923457683566,95.2401993959707,1505.5295549373452,4.268240066944809,Healthy,88735.56023123361
1230,2.1350583753876835,44.65886992761675,98.01602847686483,1415.0975570351013,4.109872597975916,Healthy,88487.01484824512
1231,2.148650917261625,36.794819164699994,99.52384341845605,1552.8867218140117,3.861487393787251,Healthy,88305.33743558706
1232,2.1518072980915255,42.12706138309439,99.47805465834617,1487.173800333528,4.243834021862607,Healthy,89168.58530779186
1233,2.2950259957819066,40.851537960097446,99.37084809476048,1486.101448311084,3.6470474033385676,Healthy,87625.41355468598
1234,1.9588373615384795,39.816097560192595,95.58517980184487,1411.1853072595407,4.294479832665068,Healthy,87984.66829689083
1235,2.459650540320706,38.82166498859862,98.28115216790287,1473.2754023824011,4.692886085495723,Healthy,88776.37270699155
1236,2.438273636491873,40.63520661381597,95.21056547540825,1488.1435731990957,4.836649910940557,Healthy,88063.3426636374
1237,2.282811858815395,40.928457417033535,98.88028169889256,1629.7323551451962,4.236981238269414,Healthy,87882.50356215783
1238,2.355702081563739,40.42972316579591,99.93621177284001,1443.5698585990485,4.4694280585635635,Healthy,88141.59369595288
1239,2.2251235011422024,39.90309800268808,97.96999929832813,1511.4828613289155,4.252039591214141,Healthy,87513.56958025
1240,2.3353919478485645,39.477529195990655,100.77312424289818,1474.503141281115,4.463937724093591,Healthy,87631.69931091846
1241,1.9306142921464584,38.43995422966845,99.40415566542018,1524.152122426723,4.24278742633889,Healthy,88505.50439788398
1242,2.2218197649925253,40.542895131977346,96.85031308341428,1546.5968424445462,4.338531893736403,Healthy,87912.69974982385
1243,2.168915733942664,38.47569655925441,105.10671619940018,1476.0379127079948,4.514431244896019,Healthy,87920.6971625392
1244,2.084166696984949,41.865650777919704,104.47876684275376,1473.332152380589,4.42077747345136,Healthy,87427.08999708382
1245,2.0527558182219683,39.29952546525436,102.10424465593101,1500.9890770233983,4.6664583129401525,Healthy,87861.90114373654
1246,2.313942432064534,43.36400403810084,100.10932476207412,1520.346540221918,4.236334379864121,Healthy,87456.40724987116
1247,2.1784295365052637,41.7713184939589,99.29003676963767,1587.9970949584558,4.704342023929364,Healthy,87605.80136401198
1248,2.325025789297691,37.230956492480225,102.75651349865045,1467.0144699193543,4.377993663549908,Healthy,88439.44642823868
1249,2.388597121630189,41.91452946419229,99.77357742235353,1506.9569360161781,3.6365412652272266,Healthy,88191.71656934645
1250,2.3605514969338217,39.74619847557336,98.34854163146437,1516.6778421524139,3.646694593343754,Healthy,86585.9453129258
1251,2.1226668533271718,41.4729511848414,102.76803991325203,1410.635451641686,4.5135449237182215,Healthy,87569.42920129455
1252,2.2582768855784696,43.263568528102574,94.99935989707876,1536.3704921356707,4.225297380900599,Healthy,87876.06402575689
1253,2.391737518604669,40.33120709411117,96.23142158716522,1537.8134487791635,4.209000367002254,Healthy,87578.15546950762
1254,2.262255584588417,39.146294786374696,101.24055896366043,1505.7698319941267,4.406224418888341,Healthy,87858.33667151662
1255,2.1317833909886232,40.91836772037142,95.53868721513389,1451.029248978644,4.499619060219927,Healthy,88014.17097675455
1256,2.1933905274865593,41.5408966979816,99.5391225997184,1501.7582484470151,4.511007216038569,Healthy,86787.53442538103
1257,1.9825253734144033,42.69412403796461,99.62441358901864,1472.3521633324133,4.130293485857519,Healthy,87443.07876599622
1258,2.089166115685943,39.50333926595603,98.89932221703918,1481.4519930145475,4.817082081245117,Healthy,87084.1687406681
1259,2.1695343429371583,39.916748466200865,100.74080076032888,1399.3910307749757,4.701842779317197,Healthy,86667.44361799287
1260,2.0940146784183895,40.12302575974159,100.28926088598087,1506.3150107310653,4.353894844748261,Healthy,87138.89334320152
1261,1.9687273733169106,42.303322584014055,100.07256918715748,1484.3591323974415,4.440527951822058,Healthy,87121.74541219586
1262,2.4280771072932836,35.50899290334047,96.7300082243069,1458.8660878054604,4.278785605070513,Healthy,87010.04772654871
1263,2.569721050815091,37.40651970071083,104.44978737383022,1460.8917349648498,4.882392394498137,Healthy,87187.94816300666
1264,2.576194013007508,41.62706669059773,97.47361252209716,1473.0708819308304,4.90805423711151,Healthy,87625.00978723477
1265,2.5045549153913074,40.64271397984733,98.00773800771789,1482.0932528588628,4.2416122953080615,Healthy,87278.66840635074
1266,2.203184541208941,41.81185345409166,100.40365421400517,1497.2913464774206,4.484287737721281,Healthy,87686.20500688837
1267,2.5463807041114928,39.490381733525126,100.18925893387156,1541.49659432116,3.8738997063351075,Healthy,87028.70706911111
1268,2.3342911278539837,36.84104017508858,100.13122006265029,1597.0062566318263,4.102008932282368,Healthy,86433.99220833844
1269,2.076240341091206,40.43756301746012,100.14711321258227,1547.4519867809793,3.971933981353612,Healthy,86947.16121576291
1270,2.1182207337243666,42.621754340016125,98.70196573120718,1415.1611644382467,4.594646412529638,Healthy,86864.90302982491
1271,2.4525202421915364,41.596231701785506,102.67255836315836,1601.2016924479312,4.661923946386079,Healthy,86474.98793059656
1272,1.8851128909049804,42.03352446096303,103.42833029567927,1509.8642841363765,3.907401816964998,Healthy,86780.16945771436
1273,2.1483119584832853,38.87174878806378,101.64161668710378,1425.1933949527854,3.977093248935889,Healthy,85772.31961115026
1274,2.7336862538450264,40.401136548512675,92.65601086297882,1556.5417994283969,4.609659383342605,Healthy,85854.4008833729
1275,1.7540150107380157,41.421312960303396,96.76913712655694,1527.0351464910266,4.59397708088285,Healthy,85973.04067775344
1276,2.271658056789534,38.60848837522514,99.44720553777263,1516.9502831247814,4.739672110469185,Healthy,85999.35841762563
1277,2.247158155187681,37.400812622776016,94.40501203840239,1513.2743274686532,4.647227552693105,Healthy,86276.90328143984
1278,2.2106355038509213,42.497091277960905,105.62773835845651,1537.1297529060132,4.478232575729324,Healthy,86253.54275712956
1279,2.237292949160464,37.42538882502836,99.4804914471937,1444.9686933451248,3.8463152127809734,Healthy,85851.95756980439
1280,2.4073244397227036,40.289507285269124,98.70332972685603,1460.5557321422214,4.684393689934243,Healthy,86217.91267117548
1281,2.158094255851613,42.97186919699105,101.55525376569962,1561.5947630113162,4.517129544063907,Healthy,85844.80787649816
1282,1.9595220466453618,40.78533000904675,99.79148143086438,1452.5347305737973,4.670241510069396,Healthy,86500.44739560077
1283,2.654639722986819,40.708832533557285,101.78990347713203,1527.5275747509875,4.90638785769936,Healthy,85884.22265309183
1284,2.0135149222629893,35.065254126240255,100.05530186710008,1411.1632910717578,4.829263598815174,Healthy,85813.15300433764
1285,2.403765416861355,40.29252701357049,95.38167111724118,1450.1715794706615,4.535714518099705,Healthy,85088.5809681283
1286,2.3971296719981687,41.73831443231059,104.27992364739625,1533.6069860649677,4.48407761066378,Healthy,85230.5942883198
1287,2.0576804118831618,36.583576080353396,101.93545887837773,1509.9697953592777,4.127848146499156,Healthy,84914.38163926256
1288,2.625659723812428,36.79808459076777,107.25565767877305,1499.718847932105,4.143177559115761,Healthy,85998.60711455469
1289,2.3576632897497003,37.99480092543431,101.0015537958137,1482.4618111152633,4.455937530279479,Healthy,85261.42403179608
1290,2.2248873086271366,43.41005799908006,97.66967682072746,1536.3509621625271,4.331926177016445,Healthy,85949.00390630946
1291,2.817050531941942,36.754395835921095,99.0292747227821,1663.58068685249,5.001320301772186,Healthy,85239.30497598521
1292,2.217623771960819,42.13933511818362,96.3863419615498,1506.9921813544831,4.768424560980989,Healthy,84667.83127856671
1293,2.0309499755837934,34.75277250318849,97.6945878615604,1476.355524899827,5.04559750747257,Healthy,86626.97221748976
1294,1.9910187674628714,39.86664972941514,100.44752729730024,1404.5041712843042,4.423246890816532,Healthy,86128.75678601966
1295,2.380791441044741,39.21278123815299,96.37695129755832,1455.2851012516783,4.249556762969736,Healthy,85190.96087979247
1296,2.3257049362146036,41.86288864267237,98.04644141569,1428.5795275202024,4.3726011157667894,Healthy,85519.65983231645
1297,2.416639131301726,38.76407031962363,101.88429180612225,1513.1079005224346,4.428646050758133,Healthy,85421.16230185346
1298,2.398264068001788,40.65015354698061,97.8640780657155,1587.7504249073538,4.699572400565518,Healthy,84724.50482598158
1299,2.5733725642765215,39.60219975713937,106.01589901959922,1554.949258911472,4.755195673889885,Healthy,84754.42894716223
1300,2.023068066931724,41.035646165268965,102.33544371410099,1565.1814280199717,3.8463288331904404,Healthy,86303.0040697079
1301,2.5735953218040692,38.07698273209911,95.4506999855393,1493.2227856745164,4.356613974506161,Healthy,85811.29779097933
1302,2.4776869213185955,39.081418476634255,96.58850450752325,1497.3036359911002,4.554299641777408,Healthy,84748.58345410066
1303,1.996824946728133,38.52307473699674,99.20205030297933,1470.1512095599128,4.923226868112937,Healthy,84602.49349738467
1304,2.0960109550689268,38.79848282695877,96.47848713394563,1482.6650171986623,4.59697898394431,Healthy,84195.51180597949
1305,2.223574678950785,36.395169495660646,102.3866252119253,1541.4492920882085,3.958223596296696,Healthy,85170.52363352895
1306,2.046783001922264,39.587409632608185,102.62534198900781,1444.4778599579722,3.923009568041094,Healthy,84663.13882548698
1307,2.2041082983290865,40.79594754748544,103.13078612598602,1404.6103650684518,5.061816196068337,Healthy,84571.47149152988
1308,2.472056085807656,41.70469378481908,102.7513859264864,1462.6748719679665,5.107760202680606,Healthy,84341.0740720108
1309,2.724866339416167,38.92697318558098,100.28062986073559,1546.952941289323,4.2248267948109754,Healthy,83998.05940742686
1310,2.7120639634520973,39.094123470860026,97.36516060619745,1507.8736988803983,3.99831991633301,Healthy,84942.7048821306
1311,2.193804450485703,40.832763849989185,98.16308778345591,1472.0915276439414,4.596974630514055,Healthy,84130.1810348685
1312,2.36336251425406,37.28677282460886,99.41012693445224,1427.2674278952775,4.18583118514407,Healthy,85157.10874801948
1313,1.902808346595128,39.594000993103016,94.02601704129987,1505.9240064346986,4.286605058251484,Healthy,83243.75550131603
1314,2.401441188397512,40.15238717704364,107.09119138518477,1457.0074159923638,4.408584053003651,Healthy,84527.53073429278
1315,2.37196579657501,40.18724790096033,100.0115303207792,1487.0983918217755,4.903498787535336,Healthy,84606.59544555868
1316,1.8562781881698966,42.35559132309417,102.45162889771301,1487.2493417542391,4.310197322882153,Healthy,84798.67863706205
1317,2.3747305074598293,38.430917394081,95.80631468256803,1472.5985405522104,4.469783511681176,Healthy,83460.12350925313
1318,2.2979744905536132,38.352926699385975,105.12525512205558,1517.5542978464398,4.3742694566942015,Healthy,84029.45258235879
1319,2.4824561560134883,43.45708209559678,99.83821936670661,1531.1549474011188,4.416208804848903,Healthy,84211.62633163063
1320,2.354426528255548,41.663027072639515,95.59446994736899,1520.5488395120217,4.9741024859680545,Healthy,84083.65954972348
1321,2.4387526414485237,39.99127956432575,94.04015436165372,1557.3244244929012,4.606678555210483,Healthy,83799.86003193722
1322,2.0075527351417444,40.91305837467876,98.45633312136742,1473.9858681958867,4.874046068909184,Healthy,82898.55510129192
1323,2.2110212162861655,38.303343888884,103.40227246364492,1505.0794561193204,5.259735766708623,Healthy,83168.47942439059
1324,2.377225752352228,39.12373302166259,102.2948364434335,1433.3801227922347,4.62060365169384,Healthy,83897.67671819619
1325,2.565995467986087,37.85698274904856,99.37855707901198,1495.6313138326514,4.5739906923365306,Healthy,83940.31665033726
1326,2.0745570260410395,43.66930735187874,96.04604599597546,1508.9268731982522,4.612393764495226,Healthy,83184.00590343181
1327,2.427771648524785,40.67323658277995,99.50450212362503,1575.9550977735219,4.371489508977063,Healthy,83968.1099877544
1328,2.493057454403289,39.626258235587635,102.6581101068951,1485.0897517129017,4.826736557755428,Healthy,83961.49264270476
1329,2.3468306345794336,41.45576953565425,99.24695684784048,1544.6805280185245,4.202801534163537,Healthy,84525.4298172316
1330,2.147301820072272,39.301167139795794,101.93096046080906,1469.888585786152,4.7549113359051045,Healthy,83758.20675336485
1331,2.180987810959774,40.03144603347144,101.30186469954505,1481.1987887989949,4.60944110101921,Healthy,82824.11570275581
1332,2.3741059473429003,38.84942728654936,99.57164626251615,1632.3585444022533,4.147166473711184,Healthy,83358.67150802755
1333,2.2204677787304608,41.590342606891596,102.19626768218673,1479.6008556655838,5.131739034974463,Healthy,83336.16339794804
1334,2.5919794157483635,44.25737623510647,100.87014524237227,1581.32902530099,4.044041691442476,Healthy,83049.50218686352
1335,2.0505637379958723,42.44919408713958,102.08062957136215,1526.821248292839,4.202184183390718,Healthy,83012.98174741345
1336,2.3164591766154685,38.549390772586975,97.5277067288477,1452.1856029105743,4.5253466107811615,Healthy,83179.95175099715
1337,2.124834682216251,40.2694242858997,95.02554969387062,1431.1298734687598,4.691444370671682,Healthy,81709.24683810919
1338,2.144773124786674,38.6278912744993,97.93027892469317,1554.048002575798,4.480381819773074,Healthy,82471.7111764712
1339,2.0520041151421258,41.60318388456207,100.97654242069322,1472.0522850506622,4.3253137048122845,Healthy,82333.72874386904
1340,2.4769865661172212,39.20900348284956,97.29935268785508,1491.7521101511486,4.2586079836947075,Healthy,83743.2843676671
1341,2.370968310172358,41.867450565373005,103.15112120123565,1510.913385248907,5.039268276488262,Healthy,82877.43786564273
1342,2.1613833422029636,41.21244627611775,97.58956972250375,1475.18038521373,4.806228447315054,Healthy,83569.19941607781
1343,2.2130920650375474,40.26555911123079,91.35597387737883,1580.5088103253183,4.543689816013379,Healthy,82137.78546122028
1344,2.6949584201481906,42.50789009139398,98.35859389771895,1460.421380802957,4.7871098512588866,Healthy,83038.07832823743
1345,2.2802536204273363,38.17962718743527,96.03974844828757,1376.9665332066027,4.714249579866354,Healthy,82643.72310506046
1346,2.748479102915918,39.42562747839804,106.33014100226691,1456.9597075541276,4.81144779252217,Healthy,82533.17278838358
1347,2.3079422751598817,36.347986015227434,99.73387093985922,1574.6207277702963,4.12606740756859,Healthy,83199.00999092935
1348,2.6050636178369673,40.029083674257514,96.727294823057,1555.368458681789,4.603820812028971,Healthy,82817.26725261565
1349,2.035418032395633,38.77744638315475,98.50533069196807,1520.2352712608301,4.628372323102811,Healthy,82345.706902107
1350,2.30054051638465,39.07543350394003,99.83675418228538,1545.7095574744174,4.476538817381433,Healthy,83081.57790519558
1351,2.03157773031306,37.904198521646585,101.83384930840656,1424.621655720696,5.019293914214094,Healthy,82365.35742558021
1352,2.395887769422551,39.081941614813225,99.03539938013607,1455.276347756188,5.021179960057024,Healthy,82342.26387839876
1353,2.142805077678643,39.40370989761866,101.59506354830046,1392.4833088969028,4.691616106989305,Healthy,82137.65178871383
1354,2.220015737663908,42.34091624803509,101.80533734308649,1538.6706697247482,5.016381475902,Healthy,82507.39864187357
1355,2.264930276630996,39.46971887773029,106.28931773791662,1475.1753089756978,4.873210097976472,Healthy,82705.76565684585
1356,2.23553254590506,40.233743438111325,97.59200657691525,1541.85152131542,4.865130619481317,Healthy,81478.54214586606
1357,2.299677126781522,38.806226361717144,99.98028010787266,1486.0355215103173,4.584289683733836,Healthy,82554.3725469927
1358,2.390436783744498,42.41509112341801,95.52621501731569,1492.5557421543106,4.499084447317567,Healthy,82189.36158577239
1359,2.492822516881415,40.96422363339435,96.85080188470172,1506.7060293209881,4.475411725093167,Healthy,81301.81842320914
1360,2.0082735293794265,41.04732759788038,95.16911021528269,1464.7217234565921,4.814215293139512,Healthy,82025.76398730918
1361,2.130816024801521,42.02661172213531,101.44120124726811,1503.1597369781612,4.1742402125320766,Healthy,81982.76330979937
1362,2.3415942045889224,39.77675244618094,100.46730562658684,1517.1425378323977,4.595068152519301,Healthy,81506.79597339213
1363,2.6485727042963045,38.77772193304506,98.3788418265475,1561.2634084509864,4.650286437809689,Healthy,81755.4654723236
1364,2.4216413202671134,41.58998508233947,100.14692029646457,1572.6571881611571,4.756887924185346,Healthy,82246.78714642799
1365,2.663016753787137,37.87745385401171,101.65729670022351,1494.1297259991295,4.416842271667111,Healthy,81530.24600464523
1366,2.3038292986941644,42.12304726635848,98.91217906084249,1490.606851661308,4.7417092056941765,Healthy,81645.41423774799
1367,2.147970576936105,39.19040049927909,100.50875254688006,1573.8138218518739,5.477231947793205,Healthy,81803.89249398498
1368,2.4204561571851584,42.4820501981269,98.6445625913716,1536.0127749563053,4.785473534638552,Healthy,81086.80165501134
1369,2.3410990459456964,42.54274959607228,100.28389838213403,1513.935999682811,4.830722193401264,Healthy,81226.41625485469
1370,2.1112123952237356,42.447217375274,97.61180535369235,1503.4951452194734,4.958093671872884,Healthy,81465.08211730384
1371,2.1376137679446954,43.11203623721096,100.52991784625799,1473.9467776679026,4.635010012763348,Healthy,81551.9436438738
1372,2.5661884961029386,41.03795297951195,95.35556727662882,1461.5874364684312,4.982895266238767,Healthy,81636.64376454118
1373,2.4752624142167168,42.08511342364291,101.32848129463852,1512.9011039520294,4.050522547333528,Healthy,80995.45354371809
1374,2.667726949442148,40.980578405044454,101.16524562915463,1561.87554874926,4.372737333556877,Healthy,80685.36822848616
1375,2.2211618004062132,38.73715951823758,101.70167826895108,1536.0220673356669,4.873943408817893,Healthy,80938.91460875854
1376,2.3069098051962773,39.42644969959565,96.700431340123,1442.5754885460108,4.092964780725775,Healthy,80944.07360718901
1377,2.183857711125675,42.07871867850595,95.91456693872016,1488.2053839415146,4.355230129293741,Healthy,81506.7641597048
1378,2.456715895121507,39.222264647183955,97.68230953912533,1375.3936083314331,5.281607290092314,Healthy,81468.27621886956
1379,2.1414733577618685,34.80546701333803,99.96841509445811,1528.4849556388642,4.675650910739447,Healthy,80857.74866041927
1380,2.3376034686122242,40.29151184966453,98.80765116054992,1492.9057939542713,4.632413425040525,Healthy,81436.548986278
1381,2.6633660473828056,41.24674902689328,103.99435446927131,1526.5949340417071,4.740374332352142,Healthy,81213.65826429674
1382,2.521942581258831,39.5853163095573,101.87728781213106,1517.7657406030876,4.932094866019616,Healthy,81766.97796345977
1383,2.2071848218472336,42.43096787591141,98.75249993264278,1465.2168132389843,4.388490542940928,Healthy,80983.31051385774
1384,2.9697751688708354,40.03311341239364,95.79427439451358,1474.6543383398723,4.800961205495085,Healthy,81635.9978238053
1385,2.490212461923706,38.65291484571914,104.00718999636081,1478.9141659162362,4.5194244338888705,Healthy,80534.11469400991
1386,2.3027776707063854,41.78426483967009,97.56728341581517,1503.9179572349112,5.015384214085903,Healthy,79683.10858532705
1387,2.2239459361281684,35.4637951442025,99.62766594027931,1499.6819110338988,4.460097457511818,Healthy,81383.96299179357
1388,2.403912822540958,38.438166446190266,105.9992857094771,1450.5721805151252,4.806834392050982,Healthy,80631.59216661149
1389,2.7307993595709634,41.75788186376927,100.78242083594355,1576.1595849596858,5.288015463025187,Healthy,80295.91916815372
1390,2.2792629677434646,39.275747830965365,100.88237880753726,1419.8540213196402,4.42454756859284,Healthy,80899.6461336162
1391,2.2747497032934025,41.34318113351748,99.30165351830034,1476.7167357615674,5.161651089028736,Healthy,81084.81047154892
1392,2.4264001405038016,38.897784184471064,104.26901001742942,1545.5539914996455,4.9026307963651305,Healthy,80019.70967333713
1393,2.428293849926771,40.12093342323097,97.37246196656633,1496.7314900137042,4.151855825842807,Healthy,81029.87966262098
1394,2.360850731210805,40.06045713629197,100.47933096295384,1434.7009871061448,4.53019907703366,Healthy,80617.38506107022
1395,2.4722711523452916,40.2346385356072,98.6486708583148,1509.9701469419235,4.44546746675602,Healthy,80149.42396291644
1396,2.558113096674835,39.50251435458616,99.9758159744994,1488.9135981145203,4.809239107438751,Healthy,80072.51994703774
1397,2.7082609730664307,42.295073967271556,99.6007203026935,1550.9577621330689,4.180078041941675,Healthy,80113.93014127806
1398,2.626195451251111,38.265788012755294,101.49225068889089,1491.5067770784256,4.878539857767576,Healthy,80581.34924199917
1399,2.205689426219907,41.89658342106416,105.53886971140395,1626.0354372122817,4.892882355445636,Healthy,79781.55505148554
1400,2.7515665184912024,38.19176935826204,101.7166136245299,1546.0390609197964,4.850844686345377,Healthy,79854.0027949586
1401,2.5125327427680757,39.66318036452387,104.57575505241871,1446.3842164219427,4.770401168470977,Healthy,80295.18555858255
1402,2.3539133199001565,40.001076662892196,93.34317937055732,1487.884116516798,4.312952134169718,Healthy,79092.721368674
1403,2.381250461557078,42.28237652783807,99.7435664085931,1516.7105855391087,4.411500125821804,Healthy,80945.90610202239
1404,2.636947750690241,39.76199675958132,103.489963421366,1481.6786487098682,4.522249068151049,Healthy,79723.73029920021
1405,2.0881212373696534,37.65438090487155,95.13160862246896,1566.5214186155345,4.175439963582043,Healthy,80014.96418728725
1406,2.3130897520999616,38.852976588753414,101.23977008253873,1524.5562152985622,4.735526300878667,Healthy,79599.67410057683
1407,2.2504582725549924,37.190296141168496,101.28297727597517,1504.3013463317584,4.315088334974794,Healthy,79997.1230754286
1408,2.512674288891703,38.68739739438175,100.48455448042216,1558.975188739754,4.4773316907120355,Healthy,79809.79858233508
1409,2.568779447940738,39.16273527446076,98.6488345118575,1465.943145427629,4.243840610752078,Healthy,79257.88818885006
1410,2.454606072533621,39.482168623526384,96.04861459203933,1549.9424208420562,4.066127377292602,Healthy,80800.39455566856
1411,2.798182203472412,37.85986042481037,101.61208084282418,1445.7089141502888,5.154822411501011,Healthy,79633.71131547663
1412,2.5150931887434154,36.253373814941575,101.42982004844093,1525.9255684442842,4.724925029806675,Healthy,79213.2340043444
1413,2.158575946489276,37.528282854767994,94.2713373054533,1588.4904099944545,5.0049042182377725,Healthy,79309.34989309327
1414,2.4689707262249168,41.95449084864824,95.53324304044656,1468.6417345250088,4.906629744032115,Healthy,78718.84614267453
1415,2.3212795627178204,40.412123168107414,98.90389769219134,1422.8816072285085,5.01166098343648,Healthy,78815.47673776896
1416,2.6020185174416803,39.10504172114058,103.60570354537307,1521.256200265192,4.311948447827805,Healthy,78423.08729945282
1417,2.665477223553814,38.01475425224892,98.29419925360735,1521.232782816101,4.71335591603861,Healthy,79581.22224871222
1418,2.178280757987601,33.85876919375418,99.95175286879129,1479.992141233425,4.745874871869974,Healthy,79146.89993642054
1419,2.283737156906061,39.92674368170588,104.29012829262743,1467.7017064048714,4.669694733080109,Healthy,79107.07422928432
1420,2.2381676403158965,39.862271267289245,102.15265157332415,1470.8591892918564,4.866560322187827,Healthy,78698.2057529517
1421,2.708847888764768,37.80251772259002,98.61809931900846,1486.121926353061,4.5578529840614666,Healthy,78923.93791168013
1422,2.4865803182423893,37.36400547845787,98.22474184189832,1461.51315597049,4.889317216959156,Healthy,78765.65095994064
1423,2.5038231252460927,40.63665943701609,101.90007585887874,1428.634907717492,4.723814151693802,Healthy,78428.69443388631
1424,2.3038914787206246,40.1780802988239,103.38766711172941,1523.9200305685952,5.067195641608392,Healthy,78871.09315945882
1425,2.538895264315722,39.08386856787391,100.69926593426095,1540.4388576809492,4.400676312937647,Healthy,78803.1627770479
1426,2.220692669610591,41.78259646107227,99.71443556397195,1543.1264717555562,4.994496825570051,Healthy,79281.75231200179
1427,2.449863532065253,35.56260514231255,90.87422623365863,1433.4333928596834,4.426056003508842,Healthy,78755.70601891498
1428,2.395227725984205,38.35763768461068,95.02648025916504,1425.2610258490436,4.666438339289608,Healthy,78002.89410415349
1429,2.236825889734624,39.568702449047414,100.47086555534722,1541.0430880830343,4.369817519564903,Healthy,77976.23801908505
1430,2.3887491415730295,37.89653393822221,103.9751603504694,1424.223943553193,5.2640617407777786,Healthy,78605.93104143112
1431,2.5653266501067744,35.478054854864276,96.63025421034006,1395.1550804203985,5.189489972016061,Healthy,78565.2368619939
1432,2.442835167552048,43.04159255948836,106.19989034571023,1493.8885315697862,4.2230573804470986,Healthy,78225.84707251958
1433,2.2829276125209805,41.24824098176637,99.47788834249967,1577.733933053195,4.2718862083197,Healthy,78680.97583630693
1434,2.280059599066732,40.54939753054562,98.17376722797678,1606.5166064459468,4.484371585909325,Healthy,77874.87534819491
1435,2.716654691811014,41.489613294136205,105.3418902979454,1482.738759144909,4.629122593862743,Healthy,79146.71950073098
1436,2.3748678073513307,42.001637459991784,97.22853742123331,1613.6919541086377,4.885036245972706,Healthy,78938.23352859869
1437,2.3924012684177454,40.063742921389725,101.94558795833291,1527.2651347365268,4.768827920046604,Healthy,78480.4690216826
1438,2.711391390344319,42.50361946510869,97.93954015856052,1435.792982285813,4.690272831555373,Healthy,78722.99230244818
1439,2.517649782456949,34.97277425385791,97.94021651687403,1535.2327616554921,5.150116849014421,Healthy,77680.23307070213
1440,2.351286517228872,41.227027368270925,101.66360025964609,1501.7171190317165,4.539628149140692,Healthy,77393.42452991474
1441,2.374908381863731,40.932086974190085,99.465447923961,1530.3730178844748,4.383190757320889,Healthy,77566.26490165791
1442,2.7171250179956363,40.23885095321559,99.58321486408687,1456.4826543276388,4.2628227429784245,Healthy,77737.6768053493
1443,2.7362186132225643,42.49935043071408,100.54687235427068,1547.0037223275135,5.382373361707373,Healthy,76904.13918120497
1444,2.863155522874229,40.28663093874122,104.4990190404679,1424.706125384639,4.699765062412901,Healthy,76702.89658673799
1445,2.463146641655013,36.76330568844266,103.51182651546004,1489.1789054399817,5.347695977898892,Healthy,77738.64276342926
1446,2.2865699078339583,44.08044882794119,98.58588943410557,1485.1571928141984,5.076694002097013,Healthy,77202.93409398718
1447,2.606239451903698,42.00667133004165,104.5546945083588,1470.0387077052155,4.599393599559763,Healthy,77187.82979527168
1448,2.351207916301046,40.02874176772937,99.35967653422249,1452.6600081272438,4.5831631155422565,Healthy,77007.01741815076
1449,2.5349954457905417,36.943274210180576,108.17551167742346,1425.6324155762995,4.6028291679728595,Healthy,77387.85408713363
1450,2.7104941156404077,38.80743284437502,97.64261754434433,1559.1736206285293,5.038760066146484,Healthy,77675.40055444653
1451,2.479728176312647,42.68123174185764,102.12266657375942,1477.5208143385253,4.694925621057186,Healthy,76793.24564261202
1452,2.756094814648382,38.765954696856944,102.8270059017538,1458.0691693596368,4.865511397517548,Healthy,77193.71675944168
1453,2.5034238163184708,40.67413856436207,100.68692481407815,1553.0804198375495,4.949872168024601,Healthy,78261.62270756686
1454,2.5927880251246274,36.85132635255575,99.68443422114063,1414.1060423826627,4.57455383407265,Healthy,78209.33994319629
1455,2.6558653044463023,38.10581927451294,100.7728404007363,1544.4358180695262,4.640278746783329,Healthy,76839.31176207008
1456,2.3370582708828387,41.84221936044188,104.08216599000139,1519.7756262422395,4.609590767411729,Healthy,77220.30237657075
1457,2.6865412258901,43.21873735392305,100.65359474310968,1493.5872524111617,4.809484646110886,Healthy,77014.85765892384
1458,2.297495589426803,39.569127736446966,95.99610450965054,1398.3349353833196,5.207959692511315,Healthy,77058.04081336592
1459,2.8582696181729617,41.66670303117858,97.71787181582705,1477.8184398197395,5.160398005174438,Healthy,76503.4920603989
1460,2.651166634830323,38.47150954868882,99.73399881161428,1500.2971555793852,5.6791662887285685,Healthy,76723.57425689502
1461,2.591537190467388,40.219941366733536,102.34730786179612,1472.4057112943437,4.482389392604312,Healthy,76533.62430085923
1462,2.1164654657626762,38.19375221381867,96.47232942281953,1615.265808809145,4.367565223529416,Healthy,76707.62323701031
1463,2.4748242894524703,41.35220249340153,97.52929558168341,1550.7750375980008,5.23515521190874,Healthy,76108.68167742976
1464,2.5039877812879188,40.87282995445449,102.86252131317946,1558.347467831733,4.877795927371138,Healthy,76551.49365820677
1465,2.3771807216704093,39.42051843839361,98.76785045920236,1503.2336374166632,5.162454725984539,Healthy,76879.23827408749
1466,2.332570475923552,39.574173377349844,101.78899868960482,1540.553347416302,4.924992602217349,Healthy,75945.87347684405
1467,2.647566476393497,39.98232385206612,93.63048965719503,1527.1802305351587,4.725155358591741,Healthy,76592.50600220935
1468,2.8586880612563323,40.41305895198275,101.07702719645873,1472.0863473666573,5.78764634037717,Healthy,76015.50830428959
1469,2.3653312018265553,44.70363895881234,103.03397676662314,1606.164282160819,4.428421239403051,Healthy,77540.45806806201
1470,2.7525842023742713,33.85442188165804,103.49666615984395,1500.6646402637998,4.487619674382121,Healthy,75866.31216970047
1471,2.892663298604356,39.97402378197948,99.02940341700685,1463.1303981942042,4.7879174466149665,Healthy,76470.74145175893
1472,2.187454502014709,41.290238092936335,95.32994011859279,1443.8502160432672,5.460300474778612,Healthy,75544.9343874357
1473,2.208116465819332,41.32767027208071,98.85426824120609,1545.9407616069534,5.0781692171369395,Healthy,76057.51242446179
1474,2.7562362685523865,34.98659509913324,101.29814109217236,1603.7795795358402,4.737441857181702,Healthy,76587.6871685861
1475,2.24922202142543,44.10478227601926,96.18448027541265,1407.3026948861327,4.393760394117144,Healthy,75856.91549884235
1476,2.8315994772121766,41.85176655840415,100.07954871795089,1494.9818582623468,4.800695281937947,Healthy,75670.03090183715
1477,2.56004952230416,40.03592254254806,100.94528372152452,1481.8169141784692,5.601935833658384,Healthy,76200.93960971973
1478,2.5778558101241327,37.59466663687615,99.28477523762072,1468.8250627652737,4.831392101803145,Healthy,75500.24106628547
1479,2.71838230313286,36.918910879271316,102.14058108683653,1550.8187101458632,5.030090938217107,Healthy,76771.31900626954
1480,2.5768119286416016,41.16993534768779,102.79801219872884,1419.8071799218392,4.745786766095856,Healthy,76562.38915454633
1481,2.4126452390146738,38.890748138172114,101.48656571227552,1562.9877659297647,4.639726841986943,Healthy,75716.17725042603
1482,2.2509730774469467,38.08840846689636,95.72003514771671,1536.0522553942913,4.481723445686365,Healthy,75524.79873501741
1483,2.7452375461964857,40.04106862040087,97.27538541736826,1511.7821406600265,4.86267059361613,Healthy,75504.71791131832
1484,2.564909737829415,40.77052530607247,100.96604710420203,1415.23942919935,5.518973272091713,Healthy,75972.78672092082
1485,2.9106573515616057,38.90384024415631,96.89590959097471,1447.353427265634,4.860818199074916,Healthy,76065.43244699108
1486,2.8749261879660915,38.49335925829479,107.5783411337458,1437.719237685335,5.561488672410221,Healthy,75282.25711005258
1487,2.22028918458342,42.536196290605844,102.5683522688236,1559.2124058964414,5.013573775543346,Healthy,76171.62174455477
1488,2.6928244912990036,40.375271717314845,99.79542676122307,1484.2014435201168,4.758466237146297,Healthy,75399.42087622383
1489,2.523808300837298,40.029959470869635,98.19462276539086,1495.1109311652276,5.545927449083837,Healthy,75308.76390550466
1490,2.654558954591269,39.39682929791475,100.58687490601991,1557.1376203671439,5.256107089668745,Healthy,74774.27288187745
1491,2.544224945471393,39.15345044231931,92.25410061215456,1509.2527983129025,5.154422970452866,Healthy,75779.7114542553
1492,2.801942386542428,40.202143965173995,92.4818099253851,1472.0558774237948,4.75392717330318,Healthy,75429.05519594676
1493,2.345137254051724,35.27800507314386,93.60418551508269,1476.8670842095814,5.444055225412596,Healthy,75517.87314203673
1494,2.652570630455815,42.533829472888876,98.33635241609198,1482.738761170037,5.055571054054507,Healthy,74939.20783873509
1495,2.8629609981991417,40.37306816312078,97.14733118897628,1524.2876986643046,5.063537291340526,Healthy,74677.86422343417
1496,2.411543771326109,43.287831180239635,101.6614091701653,1400.6218401547183,5.290918180445688,Healthy,75377.49467147449
1497,2.509248631488812,36.755142133196756,98.86831030309976,1514.302778355351,5.301605849502057,Healthy,74850.10494079725
1498,2.5607801990953054,40.6864930986525,101.43097757660499,1550.3454180316999,5.407401136631555,Healthy,74835.79192321656
1499,2.701733938335978,35.554608447070756,101.34705482624578,1588.6439882820132,5.034151495800319,Healthy,74980.35097462065
1500,2.7214147028766082,39.45427766873873,104.04393882928012,1572.360215169338,4.798572902212299,Healthy,75027.7446003131
1501,2.7921490283446446,36.09587455919897,98.23763554594228,1496.2690797432601,4.949241057192261,Healthy,73976.9140549244
1502,2.753821432829236,40.71632517321058,100.82803048890725,1571.605041418663,5.152265217159501,Healthy,75080.25281892192
1503,2.4000864366516805,39.43202071851993,98.4066751531937,1469.1507824428934,5.134124530826848,Healthy,74368.08112955715
1504,2.742850368991097,37.65095653146179,103.6110249633988,1495.463655310637,4.978230916731285,Healthy,74415.77529978013
1505,2.6872536682982022,42.14681544950941,101.37132481893171,1539.9016533907536,5.101340266366925,Healthy,74842.56451793422
1506,2.3330393416184982,39.0507975919593,98.94794613792584,1514.6965457804286,5.087901538409237,Healthy,75195.67021930419
1507,2.64335430323161,38.77578319459393,96.63019762509329,1506.8925026761158,4.8380188076279245,Healthy,74750.58827704767
1508,2.4793891280124876,40.28363561305804,99.74807920390884,1451.194647614102,5.0000138147545705,Healthy,74271.8786375429
1509,2.6291286322142478,44.330476777062444,102.06819634039609,1415.6807565725915,4.889547897466802,Healthy,74027.31632370423
1510,2.5389953344919878,37.07920812763822,98.97485304128035,1565.069299741721,4.7373154967731885,Healthy,76091.37525445687
1511,2.872394874233254,37.492523993006245,98.95876217669974,1543.8307868957554,5.387275721515512,Healthy,74911.6693962421
1512,2.5966196002697854,38.029813455908545,100.58487436427215,1415.9855433830896,5.648156637169505,Healthy,75127.6804301519
1513,2.738324276865977,35.293762486705006,100.15317974940115,1466.7885099825514,4.918812517579336,Healthy,73958.34915930775
1514,3.09701384270516,38.49845547288417,98.8956037965494,1535.5703499244178,5.383545862062071,Healthy,74707.09505043726
1515,2.507986897392119,39.18669634569571,98.57486296155508,1541.8059515118487,4.840554553703928,Healthy,73631.3894896769
1516,2.7457872667483065,36.557375472127795,95.55345577354574,1512.4409090768227,4.57575062917182,Healthy,73899.27456548063
1517,2.422286323433013,36.99248461979881,96.67296690477701,1551.3246472631463,5.428944925340575,Healthy,73250.1924469299
1518,2.6661278252225578,35.63155882471526,98.44621659545648,1473.8011873724213,5.141382633128431,Healthy,74901.33058934673
1519,2.629090247378089,38.10374930121199,95.17008510315564,1577.5728273644543,4.8556775124851175,Healthy,74457.32270617638
1520,2.6815505009526333,39.856407645241575,97.43915587167702,1587.8916903275929,4.768516159902245,Healthy,73966.89117472795
1521,2.555679301060838,40.81101263765602,98.7505426456834,1500.7396684422617,4.868121683950153,Healthy,74338.31934561908
1522,2.8601839167630994,42.46371590184125,96.53769703474981,1456.974371191466,4.946619758423285,Healthy,73691.47525204254
1523,2.653543863309777,41.4821966855036,101.44436994218225,1539.122916733146,4.827310296196316,Healthy,73961.77035057385
1524,2.691135123483,40.23809185974769,96.73845194451151,1468.0398612842014,5.246812061652563,Healthy,73955.99815387577
1525,2.8258199970165805,37.75488097752407,99.14046676821108,1460.686156462941,4.553241182562422,Healthy,74376.90977182056
1526,2.52893845102655,35.54449127850856,103.02649217591924,1544.293805113309,5.339175418792773,Healthy,72979.74694496072
1527,2.6208867702747654,38.165995410838654,99.99338260261588,1493.103485046275,4.84819900136159,Healthy,74062.68955328644
1528,2.6378262965298442,41.503720306740334,101.7736052658102,1401.4381054070975,4.8710181992969135,Healthy,73055.70233359322
1529,2.546447410316749,40.53746628093147,100.29297540324009,1484.0520840462627,5.178060231373604,Healthy,73273.04674246459
1530,3.014650385689409,43.42771575988874,99.0479100413224,1480.7238586645276,5.048295999437531,Healthy,73380.13285092154
1531,2.6791541464718827,40.8685105237004,102.73867069316036,1469.3131254824816,4.787168089691261,Healthy,73786.71176287318
1532,2.8388199385408495,38.15724145041479,101.68043196670929,1469.1487365444518,5.000450436126416,Healthy,73809.7861775701
1533,2.3747955304378596,37.59308868223313,104.3434481784806,1477.322256324129,5.232325580128346,Healthy,72606.85109939883
1534,2.7959821529416287,40.38419199649077,102.9301263892705,1511.5210495213603,5.494689500133417,Healthy,72278.14989129065
1535,3.025144776364545,41.26007477342968,98.84614612027688,1498.255269193402,4.626087148420157,Healthy,74278.45725495038
1536,2.5132276298878162,39.97242676560063,106.69622320442141,1514.4520017673347,4.5991044012689875,Healthy,72876.50094991231
1537,2.840032057118,37.285285341679156,98.69068466899479,1533.6657868381456,5.678949084606041,Healthy,72435.8169784126
1538,2.6003359568331734,41.09981120577729,99.07760920461524,1480.116670530018,5.389423897851103,Healthy,72358.01572406932
1539,2.6045867244976604,40.16747032165737,101.46985774777964,1464.9269724090461,5.160173133333756,Healthy,71915.30682212465
1540,2.9941842316408893,44.297043522657,97.29194384928479,1538.0953154252666,5.445900973781918,Healthy,73569.9445990008
1541,2.8905312933557203,42.727656325523895,102.82171115617882,1558.4521681885885,4.674065976265583,Healthy,72962.6674290828
1542,2.597323177832677,39.09953097715918,96.56270291577385,1517.438490519996,4.834897857060571,Healthy,72611.0065485305
1543,2.340131640178403,44.20675584915455,106.27992492753346,1533.0621370009906,5.501162554750685,Healthy,72719.22347589518
1544,2.5563752906343136,42.46107907188669,94.950488665884,1568.9620856808542,4.992948819529784,Healthy,72947.23074518121
1545,2.8522370388652063,39.6384265590606,97.29297827316748,1589.4293240804134,5.075489926664886,Healthy,74064.43593653655
1546,2.543541000664401,45.31958447740895,104.25217579072911,1566.4085262946887,5.061493146298991,Healthy,72977.36115947318
1547,2.5422227254811984,37.60512279470997,95.12742041721515,1494.3047740483644,4.767601178319179,Healthy,72163.01854519898
1548,2.5704147570872653,40.05163879368086,94.04871274560091,1459.8090428657326,4.284839202460923,Healthy,72834.06851948227
1549,2.8225916750258064,42.744600126898604,100.40099435537131,1479.6626708208191,5.15949085772675,Healthy,72673.03722780719
1550,2.606329671646837,42.30144328140669,98.77099705359963,1461.7548311558335,4.91025219912236,Healthy,72599.58511628571
1551,2.369166632305841,39.22070452357655,97.87767838747818,1506.2503279213754,5.611321136759244,Healthy,72619.91625212488
1552,2.9162320332599343,38.53412094115896,97.1461517969264,1430.577123285615,4.850132256003084,Healthy,73239.65739235554
1553,2.6062652290699324,38.980667752017766,92.68417715207644,1444.2826166569362,5.564537056943452,Healthy,72151.88566661077
1554,2.579430410932599,39.85112458499834,99.44563831868521,1494.9891780020328,5.165359782626036,Healthy,72798.92439708677
1555,2.919871819558945,37.8333347006031,102.66395688817421,1530.93027387702,4.940229035912208,Healthy,72649.13120231983
1556,2.5725569654282827,39.29627171999542,93.52755217163127,1565.4802562318755,5.053100205477526,Healthy,71719.17468799539
1557,2.696867954359431,43.706222432766864,99.68820761860357,1491.4776996422042,5.322093460314654,Healthy,71919.33791988266
1558,2.4017481739615554,40.958568958046015,99.61661048692443,1463.9226029705123,4.953939672230912,Healthy,71634.4262811784
1559,2.5764524174658634,39.11710439131368,99.1203691511632,1527.0083827574126,5.441334943160643,Healthy,72317.98155041649
1560,2.7422285455759323,40.03349222385051,97.49955212211975,1557.8984788203281,5.476309235910226,Healthy,72838.2544825167
1561,2.763152152335468,37.49102240437554,99.06021328692123,1534.717067030647,5.408195128660005,Healthy,71449.50239824297
1562,2.403765283886825,41.34990673605235,102.54460798270028,1539.3298864771787,5.681402968353947,Healthy,71143.77402486125
1563,2.94440324952833,37.85140769185047,98.6578743009029,1562.0146083514755,4.7165897486696196,Healthy,71566.34086223465
1564,2.9208998818156555,39.22605573507898,95.57836259212901,1581.7430119774203,5.508071109087131,Healthy,71070.45486228981
1565,2.3183885327905687,40.8014633915942,99.30243813876261,1516.0579473340767,4.954413861811628,Healthy,71716.69344468477
1566,2.56275054084969,41.4946541268236,104.62047090967145,1421.0055962017207,5.385873201021291,Healthy,71719.4529966595
1567,2.5650275836189103,40.066299546010704,101.03824675236955,1464.6536028075684,5.320856613467028,Healthy,71486.5583760281
1568,2.4571871525234945,39.725548524392174,96.08520477601462,1479.3633196570152,5.226976563448679,Healthy,70631.04718295316
1569,2.869353400584257,36.331501251514766,103.66035193308022,1432.664419091287,5.2479957869899545,Healthy,71396.65095319039
1570,2.8138975170859135,38.37496631682757,95.94715078933471,1558.335797356595,5.0902374275106,Healthy,70710.43578155937
1571,2.7591044101394533,40.452623778461586,101.85901493107228,1592.2650001747093,4.814879140271595,Healthy,71523.75132945359
1572,2.8944292020222204,34.69321135288272,103.18563956422452,1414.7993960893302,4.853760605763491,Healthy,71211.56760593032
1573,2.770732053664837,39.84061233272252,96.74306215125455,1564.6176785680939,4.772435473169992,Healthy,71086.4938617556
1574,2.7068697652742206,41.049522807332814,97.72828321026638,1441.8965197484843,4.80512339478488,Healthy,71164.52171773744
1575,2.496065400263252,38.12628357482536,101.26910145176389,1562.338660083604,5.324782693060391,Healthy,70575.14435446609
1576,2.900718162173531,39.408607351078004,100.04124265845378,1483.0209309830184,5.222586530579478,Healthy,71748.0607804775
1577,2.7161918581747067,38.568244367374305,96.68531222689865,1500.998895002141,4.767689815002879,Healthy,71272.76028869247
1578,2.5288254816220483,40.48238334512867,101.42151000925621,1554.9921541951453,5.09209088766253,Healthy,71245.60929195357
1579,2.653385018966303,40.92785661087315,101.32215439140283,1489.7289586978316,4.942176475027631,Healthy,72142.98405259242
1580,2.89509440782575,41.977144522160714,98.95138335857222,1450.8684832044507,5.026296858532998,Healthy,71161.50455205308
1581,2.821634720457392,41.16025793261454,97.99395164201074,1547.3650809925707,5.7447158914284975,Healthy,71315.14638499403
1582,2.4748981770193654,42.31883019702522,98.49770906198383,1489.2105848040155,5.393110273267594,Healthy,71197.46368649817
1583,2.6155805283629716,38.34567635819132,99.70959045510115,1490.455959827117,5.139707444732508,Healthy,71091.22363396407
1584,2.7367194802861907,39.10807603368262,101.38685862901754,1413.530944573222,5.396597019999378,Healthy,70275.35128051216
1585,2.336833967454645,36.72672018026822,98.39765084560446,1500.5892134383234,5.363731953274601,Healthy,70780.30596951491
1586,2.775900023225581,39.100888693911315,100.23154470841057,1539.8015430064436,5.292150013749357,Healthy,70527.40488828265
1587,2.8715757516731752,38.33176374831221,99.22434583918533,1495.321681708731,4.966845719782102,Healthy,71442.60218217268
1588,2.80152338602893,39.32002416464675,105.4960631419697,1472.1788180073945,5.68624913004263,Healthy,69852.56022186542
1589,2.842485247614112,39.62035053209647,104.25250588562585,1541.189324596057,5.114994314716106,Healthy,70906.62568457675
1590,2.524690085591889,39.000603746711484,96.7359953179335,1458.0272546146368,5.059874370207687,Healthy,70721.78208241877
1591,2.6840943094746024,40.83379163412544,97.41208981773887,1503.3299270376374,4.605281535387232,Healthy,70634.7913671926
1592,2.992377043763071,42.2809188745654,97.69286395544971,1554.5191824133105,5.275335482622618,Healthy,70954.1585976773
1593,3.173328943495658,40.77089957715584,100.41582213971566,1569.6179722980569,5.331391014861271,Healthy,70263.2871737383
1594,2.4149081831401493,44.63566779424608,96.12830180732841,1481.6401456960762,5.526740812415356,Healthy,69875.8828492376
1595,2.8555996073674157,39.992705618382644,97.16478763054215,1491.0205753808625,5.24466330545514,Healthy,70277.23277789229
1596,2.8008335391426753,36.733029851012724,99.39319303746447,1510.335907518696,5.060995639471427,Healthy,70881.52297106279
1597,2.7953034585494096,37.92479885025261,109.28118632774786,1491.5613826377996,5.7421940158074385,Healthy,70287.41250129658
1598,2.5372037875973508,41.52507071367726,100.4473531565812,1560.8638104115632,5.531619843682497,Healthy,69626.57204296347
1599,3.0014287936442234,36.78100190022958,96.70484641468103,1498.7296432501528,4.582854923626937,Healthy,70245.56509499045
1600,2.714060223901826,37.91078488723562,99.79718004885983,1520.4908224429032,5.675964140080264,Healthy,70630.41954532739
1601,2.810012430483362,38.583360532292645,101.9492161049151,1528.6980179264954,5.471321711842355,Healthy,70076.07603165222
1602,2.662632173922947,39.0448220199335,92.98425057391414,1407.2271518158948,5.046030627897559,Healthy,70352.39918306663
1603,2.8919707836543647,42.22185663626067,99.36472136598579,1495.5395208100063,5.355936792963886,Healthy,68835.20381347921
1604,2.839247226695754,40.82133068906616,97.27035083135252,1462.238221777789,4.904079362558505,Healthy,70274.19767319632
1605,2.422323965733671,37.8121051916452,105.65097616228638,1500.2978844226109,5.39684490338486,Healthy,70150.8474004925
1606,2.448222198357116,40.47538368218455,106.42309533943916,1441.6714975256175,5.661839998627817,Healthy,70091.52999456208
1607,3.069504220688558,40.29185594399307,102.27057481061766,1544.1009621238134,5.321700616225509,Healthy,69815.94508625148
1608,2.526798361077697,38.22987936693373,95.79193956579776,1569.6207664913209,5.354895049567901,Healthy,69863.4667187687
1609,2.447088496060137,39.4350703238514,102.9113444048013,1572.4883955037653,5.0466013625850215,Healthy,68943.38581243895
1610,3.0107437259872403,39.627651997869265,99.79175112131402,1475.2611880986628,4.195108130931009,Healthy,69813.48367885138
1611,2.828171993872363,41.05573264923071,98.8085984158118,1478.7089491784425,5.248478650088978,Healthy,68784.17792008603
1612,2.2982370932583214,43.603272035835815,100.35292332042668,1456.1610877439477,5.40963244664394,Healthy,69575.39881665944
1613,2.7548247716798144,40.44710982366937,98.26485549672876,1544.0444026677612,5.446515412057457,Healthy,70075.47612816385
1614,3.108583314849408,41.20270475944916,101.05564671077722,1516.168097175934,5.219659491864056,Healthy,68814.02781818753
1615,2.353918718459883,39.82913099015242,102.7309657840918,1510.3557494659913,4.747707217025626,Healthy,69048.4207519395
1616,2.78844943414674,39.94429132190131,99.44710173547472,1547.049159829794,5.33228701605939,Healthy,68529.03916476008
1617,2.8811689437714687,37.59235538476284,96.53375783689367,1544.7367591660675,5.177863130018065,Healthy,68547.61966815175
1618,2.656111732415365,40.31267146864509,95.99281192137367,1655.7127297973143,5.260309243286838,Healthy,68219.31522443626
1619,2.7720063845403087,40.7644716602625,102.46794048924347,1523.64911423627,4.949072844526003,Healthy,68913.81776804196
1620,2.767142794960951,41.49822860002105,103.09237209151172,1451.0053514136841,5.745548206908437,Healthy,68967.40901807722
1621,2.8613223556953726,38.94262870434032,99.63298547212337,1533.2864650325446,5.191155915313512,Healthy,69020.0031703819
1622,2.9163662217035866,36.69242976495215,103.3319469356555,1484.6873890889353,5.281811957356895,Healthy,69223.60537959577
1623,2.524954537720478,40.49829903513837,96.61318300244179,1426.9481086305761,5.4614108979493885,Healthy,69212.48625350748
1624,2.738799812458951,43.70236761822177,96.1312359203398,1439.4765374374692,5.2517631047497195,Healthy,69160.76492100558
1625,2.6837423925976034,38.45486630504758,101.74447865291745,1431.998819827063,5.200903135464691,Healthy,68305.09491987932
1626,2.5550396768080756,38.420657864964205,97.36310262402954,1451.4304037777893,5.023806278097714,Healthy,69526.4006901221
1627,3.0481865606447336,40.15912833599267,100.1587339223428,1509.8871168938056,4.738696204894298,Healthy,69481.18124111471
1628,2.8052914566452305,35.09838727147293,100.72884077335169,1558.2546099650285,5.358855590430034,Healthy,68503.90170150553
1629,2.3766908830764284,42.756357338623225,102.38620740306372,1442.090223224504,5.379954193582787,Healthy,68816.03532697361
1630,2.6102274107013246,37.67128969272449,101.7241385064134,1470.347934591074,5.4904402994976556,Healthy,68809.4360563641
1631,2.482203021459198,41.76727343633641,99.60854172577652,1441.6971455976955,5.504554605386998,Healthy,68324.34749367194
1632,2.7510963964565587,40.525127855998605,99.50070329823473,1553.5894242149413,5.644696051450539,Healthy,69052.02502110293
1633,3.166410082578685,41.236921361871296,105.1949547300695,1484.941863689105,5.185805727501517,Healthy,68237.78480411465
1634,2.6090157141153174,41.59570676990032,100.38751418438848,1512.2642344989958,5.281004552763905,Healthy,68586.83736506604
1635,2.8537976370272373,38.07546399795403,100.3504930889886,1508.6704020752927,5.4877038057240535,Healthy,67838.79251439816
1636,3.0941898092184745,42.19778167978001,105.55083524637712,1557.7664546292249,5.228727220915563,Healthy,68306.00571913815
1637,2.9229674503409493,39.89493812266333,96.05998531330113,1559.262663108325,5.364062476655677,Healthy,68094.14710925464
1638,2.4056752461751327,37.34607857333088,98.07138348386916,1513.5590061160776,5.774718246375253,Healthy,68461.55364216637
1639,2.812503144051169,42.22124451191077,99.19584521487269,1507.8331999526642,5.365781027159035,Healthy,67031.72906010825
1640,2.652217642260661,40.61127487859989,99.56276506506941,1525.0417394622166,5.8453607485332,Healthy,67455.54767005735
1641,3.084809337558016,38.22545295796277,101.43967846641901,1568.958710092504,5.323009771174052,Healthy,67951.12895235098
1642,2.7329208324102456,37.85227207058588,101.30623085914145,1464.124697589991,5.502283723771558,Healthy,67774.23551786151
1643,3.024246337134248,38.81262344301744,100.77580333122356,1476.1029076477237,5.798436092677242,Healthy,68283.75398205771
1644,2.660724937755772,39.24766551097605,102.7168123336405,1520.5036430311077,5.71605431891751,Healthy,67638.30646059419
1645,2.5813326009325324,39.375723914730514,97.93746983077693,1536.0122657044487,5.510176913000826,Healthy,67294.99062383214
1646,2.981691529677574,42.19446591724557,100.6347483547084,1496.1885564622087,5.40890503316208,Healthy,67221.72422349924
1647,2.3986394902354453,39.64419798799417,97.72187601835005,1467.796147252954,5.472723659367572,Healthy,67097.80934554698
1648,2.6421412231904853,39.342897601382674,95.28999197983119,1480.2152698215393,5.344908874015838,Healthy,67215.7799178211
1649,2.7309499218260047,35.23982655743718,102.67418992756869,1467.78194386953,5.192765542594124,Healthy,68348.99566195074
1650,3.1783623942925305,35.418844178977274,98.28891232803744,1488.6419192869905,5.1239283584594135,Healthy,67885.8840986632
1651,2.965568121361974,38.63541720941724,99.80342493085837,1493.0771309641057,5.457749854390706,Healthy,67126.10169182415
1652,2.589369448778154,39.577611578773556,96.63336705611441,1504.3410863350045,5.87212089668026,Healthy,67545.17616060349
1653,2.685865096910168,44.017803992080054,96.87983711537886,1468.8051573386288,5.474414759240054,Healthy,67476.50425773038
1654,3.268806579898933,38.48371065042798,94.95104997684982,1509.467648278138,5.671203389866006,Healthy,67509.99031338721
1655,3.072909790653914,38.16761112275661,99.36219128132815,1475.4798161819608,5.369374206740606,Healthy,67361.86863994366
1656,3.493720189801678,44.49687978947948,105.14596053910941,1466.7885209921906,5.473741776237757,Healthy,66253.35750137406
1657,2.4510554657454136,42.843342144892844,95.64207073794731,1572.4477889988452,5.34926708907733,Healthy,67284.21102615449
1658,2.997006944108105,39.8347655422725,98.4767171397114,1521.1405901237683,5.129982724032433,Healthy,66494.95102742656
1659,2.9486624094612783,39.90493726767414,101.99464885296429,1549.1997624698495,5.446854981471102,Healthy,66739.69373051339
1660,2.786340481810295,37.45063225299853,103.30467563937087,1576.738416976126,5.14961828523361,Healthy,66651.74504604109
1661,3.0254896824116098,40.323715195940125,104.24733776765629,1513.429325133202,5.857765942081574,Healthy,67197.25212370562
1662,2.6848835951838383,39.54029034171409,91.74668377289777,1478.330041819884,5.5212565255330315,Healthy,67644.94412609299
1663,2.8513560527502704,42.03157351272742,102.1494879514144,1479.7973257069116,5.0458173178256285,Healthy,67225.70579040142
1664,2.6932441725839604,40.25931959479771,97.4556765828633,1495.0052468986248,5.459031583310109,Healthy,66787.46372794428
1665,2.9656872697447136,44.38539523046519,100.64936408586202,1511.0952289673796,5.419432854799871,Healthy,66461.09163725015
1666,2.68601433030212,42.48584290336864,97.2876385860294,1498.8734911886575,5.2598189587901905,Healthy,66424.20074485874
1667,3.261875484454043,37.255168846323784,104.40926096173166,1496.294450787324,5.825722866226166,Healthy,66426.3592840299
1668,3.0057827789628866,40.08467060216773,97.95776041152114,1499.0108654895625,5.362691445916904,Healthy,66652.26093651344
1669,3.077098996719754,37.518684536903194,104.2579857970344,1467.2691400802569,6.042444781695647,Healthy,66062.5009763313
1670,2.9629494367680906,42.201499605507294,96.56015496034263,1496.7194888619717,5.7953899977067564,Healthy,66311.03916043036
1671,3.3264346957525817,39.18538190549656,101.31693063248117,1457.116293742397,4.979555057415812,Healthy,65896.99450524357
1672,2.8643189316875577,38.69008190076948,101.03636288879305,1443.6879430859647,5.052927615059349,Healthy,65753.75602042314
1673,2.701081790538141,39.970465397687576,102.01846199164721,1454.8101314032426,5.85532442937405,Healthy,66853.12645047257
1674,2.806098463790624,40.09002605976775,97.73602134222364,1471.2542994022444,5.045583397266005,Healthy,66222.83357300206
1675,2.7983685306974593,42.343918605568014,103.5403814320626,1560.1117337099115,5.545691628588405,Healthy,65997.55214162538
1676,2.7564913864022453,38.31031322120598,95.47250470123473,1485.601042379007,5.978563396651227,Healthy,66194.5469773108
1677,2.8539181980712716,39.06128943473268,101.55084764230124,1427.5270332955126,5.429426223008889,Healthy,65588.34956022663
1678,2.477636291476124,38.79957678388516,97.53563294671983,1498.2978540428394,5.408691942859104,Healthy,66294.17497501614
1679,3.042005498777339,40.69358099543895,98.41874232839001,1540.8723598409758,5.915766464429602,Healthy,65939.54931035265
1680,2.890956987499489,41.42428542578948,98.80503536464657,1416.7315331803206,5.396131259275754,Healthy,65761.71547428353
1681,2.7140582586901023,40.739511962386906,103.35307298399002,1390.1068151820818,5.290105608167533,Healthy,65831.68868887577
1682,2.7757590406765345,38.72792802077218,101.54687254988525,1499.2432148990881,5.684430506305031,Healthy,66364.45360598511
1683,3.076604878575071,38.99199216111966,101.14434714441532,1410.472125331519,5.718396337635096,Healthy,66202.46289241184
1684,2.5779388341258915,41.794978331975926,99.83141338461087,1474.272878556935,5.300515519780217,Healthy,65349.81586076284
1685,2.968712859370476,36.442784694637105,100.63194867781348,1473.9642602867646,5.555173913717824,Healthy,65251.55524934325
1686,2.504403543786068,38.29124216636575,97.83571374326117,1499.5776711228668,5.878126533461421,Healthy,65482.61727897982
1687,3.19688118504044,39.256707688857674,101.63140609332082,1450.488990346039,5.065698815704735,Healthy,65906.06583447932
1688,3.0670255296826827,39.67885028744445,98.99703647936212,1541.7995689564104,5.093507070148115,Healthy,65931.40994254254
1689,2.876109818490803,41.18260150042058,99.73872699482452,1602.8156121284785,5.135696163812577,Healthy,65641.2174234939
1690,2.752801793081752,39.450126211156906,106.35217980300496,1443.2942922767656,5.514035495857432,Healthy,63945.55973658757
1691,2.934765627569927,38.785359532890055,95.9323941277332,1563.1961201443487,5.028443358405895,Healthy,65596.80643704595
1692,2.419576874390445,40.84495050171901,103.84183692016192,1511.6084749701276,5.0361236160996645,Healthy,66394.62178752656
1693,3.159373456159703,38.25924941215272,103.50350756963606,1512.4780990945392,5.3977401091275805,Healthy,64525.79626494556
1694,2.758782606096533,41.63826421454765,100.58010702535495,1541.5546965652206,5.7761801444423995,Healthy,65642.0579865765
1695,2.917452185366942,40.179222479671715,97.31305332925425,1588.7698252669736,5.272922060540083,Healthy,65547.9573495979
1696,2.8538011010636164,40.137363174923664,99.83271243589142,1508.3854315123551,5.343167273494844,Healthy,65721.29019209511
1697,3.0201135039411087,40.83629395500629,96.47363049373143,1552.474992242759,5.5493024617956195,Healthy,65396.66086130732
1698,2.71463827062789,39.760341747905585,99.47200730334058,1510.0841993032282,5.386939144982486,Healthy,64915.854749953796
1699,2.683769643480941,39.11972331888711,98.04082924145243,1398.715673446569,5.645457953179687,Healthy,64881.661585074085
1700,2.6945774860067075,41.47462843712184,98.87756884404486,1455.7287912937459,6.301040839008262,Healthy,64730.99097451075
1701,2.6502082359649224,39.71129741587088,98.58205009983564,1520.5083799781928,5.549846685946203,Healthy,63683.967787134665
1702,3.19508333747509,38.46829146724489,95.71152970130112,1442.1942910718196,5.274469339518349,Healthy,64070.95996952286
1703,3.1887005270472395,41.27498981878669,100.46816507848945,1585.2357314422861,5.973707777540412,Healthy,65581.26978407522
1704,2.8151641749327165,40.42767543412851,98.72932044794668,1507.818180090757,5.9457084193597955,Healthy,65068.57793778545
1705,3.3545429612995807,37.8071757537714,102.92310245380175,1577.185423549131,5.8175660640368365,Healthy,64410.87838575649
1706,2.7540199066959543,42.65699907083456,95.6517458133174,1584.6976715839198,5.569711636231,Healthy,65283.89907557489
1707,2.9651969518525627,40.067700477068485,98.21850762216853,1575.3184101446607,5.6455724874695905,Healthy,64495.79911629865
1708,2.905349470808247,39.51062401021528,97.48419435114104,1527.1114355048485,5.65840955288652,Healthy,63966.82095536791
1709,2.9273250957235386,39.893370650299055,100.79156101933651,1465.1238679922951,5.308223886759525,Healthy,64707.301814616294
1710,2.8345349828233326,41.2139611631198,95.4813891417564,1577.8534907170113,5.552568749416404,Healthy,65823.56591427355
1711,2.734008085754433,39.73850277997156,100.34035338059377,1475.6716707951655,5.168844324257055,Healthy,64213.4742247654
1712,3.219928341899931,37.25924167150987,101.49195841024309,1486.8069352860289,5.630022190167861,Healthy,64083.28982698956
1713,3.121997987456197,43.35562418830668,98.38196468699819,1478.9293915394348,5.4377655692770395,Healthy,64316.35081287803
1714,2.676056220317109,40.9340577792683,104.20780477775583,1377.942228499453,5.383991476471088,Healthy,63104.12950396903
1715,2.686477494052071,39.76077693110208,101.31168763886868,1466.7194955589935,6.00501159042708,Healthy,64524.02416093928
1716,2.953194260337855,35.23527983399763,107.91241025326802,1585.3792491188206,5.936121787112874,Healthy,63744.05753684563
1717,2.978865125726165,40.72521618452474,102.76369666810062,1514.7620379081027,5.846738159086752,Healthy,63435.230776320284
1718,2.7484318052382175,41.434908633146385,94.40614364668623,1485.3737351503758,5.409443551428913,Healthy,64434.5788422426
1719,3.065868754598228,40.013151902691824,102.11041418365814,1527.680249567733,5.575307897093951,Healthy,63518.66433294879
1720,3.2366052822233073,42.34092769679046,98.30599239133922,1572.109512742072,5.446778070717553,Healthy,63571.711051490165
1721,2.8665356317709993,42.42471443617099,105.13859001694036,1472.1207737043399,5.404537315263864,Healthy,64290.43491986239
1722,2.989788054296897,40.49385960972021,103.89605374176769,1543.1545794550636,5.338721570498009,Healthy,63527.06256807405
1723,2.533650117965586,40.78939210378219,102.49573224526702,1581.9871573942396,5.4712041836491725,Healthy,64170.9736011528
1724,3.1305773596402275,39.12118850272352,102.16789652517228,1569.9198345443178,5.958234282376945,Healthy,63930.137475490395
1725,2.482278541771963,39.66299693953349,95.44734607774147,1475.897237197857,5.985249741851389,Healthy,63512.15194585476
1726,2.4916850792119365,40.113523111280365,106.31391328498081,1541.2691203678676,5.275898826053302,Healthy,63232.67619446137
1727,3.343807561401229,41.41682841909422,97.78186299092313,1519.389431837623,6.514592609872611,Healthy,63526.49414945849
1728,2.8564285368884037,40.84025930466683,99.10614420341447,1472.7448608265,5.514356131962938,Healthy,62828.8111604956
1729,3.1347157638403953,36.369143291775906,97.58016166024768,1574.7534860244416,5.619390633231899,Healthy,63067.689270817165
1730,3.278436922941425,37.7126611612723,99.46931138453657,1464.2293137732897,5.691199661497728,Healthy,63581.6401973246
1731,3.134713885890796,39.02195928850053,95.99220841752292,1629.9944105669304,5.657925276380606,Healthy,63482.92101728607
1732,3.202453896569227,40.813189730100206,96.99013312075887,1435.1826828444039,5.525340692479876,Healthy,63127.81293409136
1733,2.9903951474745805,42.561586207394,100.69175210277281,1364.807362110847,5.704645462397784,Healthy,64046.90378519318
1734,3.0253035977517033,38.51600297287762,98.98407644207632,1474.9380688171204,5.656422282003877,Healthy,62797.94417025261
1735,2.989654366672295,39.50893520545333,99.02074600481157,1472.1816865360413,5.867556766040022,Healthy,63133.95307062052
1736,3.0600563600228847,40.04858560788641,101.33492982965748,1585.5861212872708,5.541404592231612,Healthy,62794.00489764375
1737,3.304256304388619,39.35737655028907,99.65039693972815,1523.98985581141,5.352890655613989,Healthy,63604.13708364476
1738,2.9367677653658495,37.826830023879204,110.25438965548213,1544.6555064202316,5.880044439401109,Healthy,63139.74423234349
1739,3.4483333938483485,42.939313347269554,102.61921229985249,1453.034160540461,5.691592478550808,Healthy,62995.431546164895
1740,3.194622503239449,39.803482179452054,98.79703542274554,1484.2964183455895,5.5224547764384395,Healthy,63464.64351107168
1741,3.0370190458698025,39.49115946503522,104.70092700230863,1504.7145149634382,6.253853832307995,Healthy,62781.08172604567
1742,2.9810991607225574,40.710410639492814,100.59394364901766,1481.729606039742,5.983586137129751,Healthy,63309.99159170183
1743,2.801073529794698,36.5584655001909,101.72487924345056,1427.6888721973116,5.751894157005568,Healthy,62235.93125467945
1744,2.592827096571195,40.640193982980136,104.90969828703606,1536.2232820234265,5.265779250984886,Healthy,62997.340563627105
1745,2.7880360323515014,38.456326943683315,95.7292480087765,1513.3796671123384,5.815599828983779,Healthy,62357.38458964005
1746,2.7978924638158915,40.86360529070552,104.40382591175543,1471.7869436336591,5.827131693853494,Healthy,62258.602778878696
1747,2.9531576083448456,43.86471067431676,100.57677637826552,1452.3105174945379,5.402824601119994,Healthy,63161.905676789516
1748,2.93708625213876,39.89423718328054,100.0307282486707,1520.3383325749473,5.593873941109419,Healthy,63559.631445031024
1749,2.8095848521705937,42.6335832238862,98.20735851766582,1402.0696941621434,6.0345577058281545,Healthy,62839.3363736133
1750,3.033224678788877,43.868546663465196,92.84723319724816,1423.1966624067486,5.798062349405459,Healthy,62741.46916281545
1751,3.0753299232175335,36.74953196510552,95.36442852794961,1555.1096256258231,5.544085604336205,Healthy,62600.659263431604
1752,3.336447517239212,37.269161322503486,98.6238800043756,1504.448822455223,5.923043688500846,Healthy,62308.18368479077
1753,2.6541707435847792,41.786929612853946,106.07247343927293,1516.7701932058153,5.739303583714488,Healthy,62526.16000579172
1754,2.8201806311932405,38.96726033113389,96.85615781849995,1655.7170892196973,5.573419685567684,Healthy,62503.81186479542
1755,3.363246607385141,39.336386996688084,100.40733778145217,1456.390985202527,5.610177180989374,Healthy,61720.06087638548
1756,2.701215955687809,38.52126117308283,101.00063719156306,1599.4926925603017,5.932084209926992,Healthy,62027.906849661806
1757,2.8770354635764837,40.61243251535096,98.47787466209107,1513.738172602961,5.701097440356218,Healthy,62398.27748838686
1758,3.1882271357248673,38.60764954546559,97.90821985563015,1517.5367897943072,5.860548821469223,Healthy,60868.66845211368
1759,2.6988022163894945,40.3306300644159,96.38582943909208,1524.844857356098,5.831767754933179,Healthy,62139.33211036915
1760,3.110048543760478,37.87758896589872,96.54429736242874,1413.2313724936066,5.96268788157708,Healthy,62771.65909971858
1761,3.1901305056967044,39.09788519046924,100.60529167394098,1539.3352034338961,5.573288813135462,Healthy,62652.11876683148
1762,2.9207727577132228,41.093142478300685,99.96926572506051,1527.2964964812184,5.8663368177539965,Healthy,62101.52005193981
1763,3.1332492301061405,41.87827031156026,103.23452847552414,1578.0552575555168,6.295010859541727,Healthy,62448.38939323725
1764,3.200390696674915,41.9220428071408,94.06400835125903,1446.8939458304053,5.397341351900473,Healthy,61347.934222506585
1765,3.0479885462622502,40.98084722733503,98.73942651105209,1478.1079998332102,5.685316822286449,Healthy,61692.63491268403
1766,3.2628883150406645,38.77322311434346,99.86169705060603,1572.7471183449304,5.972054696954648,Healthy,61678.954446251395
1767,3.0514195036763687,40.063041464386,98.77251788597384,1477.2252032598387,5.600865699413939,Healthy,61078.6569362865
1768,3.223657341628782,38.6096979261892,99.292617231497,1551.5750047203378,5.895839109518244,Healthy,62089.08654804284
1769,2.9507329119751278,39.23373495378143,103.04021571371031,1408.046500438531,5.5922934924130905,Healthy,61910.96775165718
1770,3.5635603568571312,45.331463323329444,98.5305760781583,1538.8749832117446,5.414112906511538,Healthy,61221.184581101115
1771,3.290205263278674,38.76385909708472,103.22570213447051,1496.1154823962909,5.785508809414271,Healthy,59884.799121427284
1772,2.9162116435481718,37.37153708797943,101.70221132163975,1533.1869449849285,5.690967407095743,Healthy,61237.53168887129
1773,3.0554823634641237,41.40956712877906,99.21805401910555,1501.6578151989802,5.837907094282949,Healthy,60651.635959368985
1774,3.3649724217644543,38.859663957475696,100.86754406892784,1556.4663360129953,5.638732192232392,Healthy,61233.94219506475
1775,3.4486457177808996,39.921804160995016,100.25901399967118,1470.6539109123821,5.973875656238423,Healthy,60893.43379658464
1776,2.826083212980384,41.07714915425551,97.88227846130057,1572.1925324836982,5.088868456475776,Healthy,61650.207096386795
1777,3.0885073866781623,38.253816830581734,101.220827616184,1509.6434998159145,5.989589762200734,Healthy,61484.09367429628
1778,2.4920894544574557,43.02109471882647,100.94660053549231,1495.3425747837236,5.846363571210947,Healthy,61911.69479897982
1779,2.679102782003709,39.71206206253998,95.43540480805721,1494.9357076638946,5.3963362827110775,Healthy,60753.12528634608
1780,3.020462471442314,41.07000274473995,102.36682442708283,1535.3917006767679,5.506738384733473,Healthy,61447.716718301315
1781,2.7909717354768304,40.205910997595005,98.21077540112177,1448.5952950055403,5.617367503625274,Healthy,60267.08521123271
1782,3.0203453774426494,42.60552178748924,97.32944389192463,1510.5082101538865,5.922420049947446,Healthy,60826.507364622885
1783,3.442113041180921,37.87889989193122,104.77976113663058,1430.720251509368,5.457074519663059,Healthy,60400.78663965675
1784,3.2534400653235993,40.45104095405062,99.65814507387768,1524.734653109325,6.464780112238613,Healthy,61414.34248159879
1785,3.2243916002357733,40.32110326553899,105.28013575796852,1496.2828290946657,5.760217916363561,Healthy,59998.513560125015
1786,3.2561633328136366,36.87758693566351,101.5182634747583,1585.0189119792853,5.866531405301818,Healthy,60668.23682424805
1787,3.240683708727083,40.770901083684116,99.45807504896187,1545.7960367871858,5.338758605832996,Healthy,61023.30069404003
1788,3.1391794676761515,40.31250845899909,96.69658325582414,1524.155473507676,5.644342036687272,Healthy,60178.05532772415
1789,2.9747289433796604,40.77911678467759,99.04419824301354,1481.080226814743,5.508605005691699,Healthy,60649.59721751577
1790,2.808224389320017,40.514511497020635,102.94268780115709,1563.368086138331,6.313768720613606,Healthy,60256.619893307026
1791,3.5873890483844946,40.567632473582485,100.32597391285232,1499.13098347545,6.269850729211989,Healthy,61323.008247306374
1792,2.6936781497505424,42.59706599097761,101.11725494387517,1509.0011153322384,5.932617519110465,Healthy,60167.41612244771
1793,2.7966594029416245,41.69356829494306,99.3410620142671,1482.8357419039785,5.835560050198077,Healthy,59825.912712731835
1794,2.9439208301929574,40.87465990414302,104.27347029442468,1449.1811905136349,6.169280818629633,Healthy,60075.92958551266
1795,3.010557150614948,42.392282950703965,107.77482361075187,1506.1918204879375,5.914302649174365,Healthy,60645.792737177726
1796,3.355286721683194,39.70745576498771,99.00170547650939,1474.1725808517394,5.335043454290416,Healthy,60427.23202231673
1797,3.1048443259849092,42.22002913498526,105.73360114436994,1488.7649722795968,5.856565635342329,Healthy,60454.77255883379
1798,3.0642749894565466,39.05088209522302,105.02472663047477,1471.1578320214091,5.71343270903289,Healthy,60404.257102223026
1799,3.2304433241304924,40.497633498719836,109.59112195068772,1457.2840376092017,6.1690496480325,Healthy,60045.2792732168
1800,3.2809229861302653,38.13093406553457,101.29951373184389,1669.3386519716094,6.284826402427902,Healthy,59480.70974436094
1801,3.2811366836395863,38.94443839659406,103.42839524859981,1486.0104832520594,6.31440366751522,Healthy,59997.525395671306
1802,3.076536048249528,41.42083119799438,99.56344899005026,1472.4937362976045,5.862196170462979,Healthy,59498.69113728628
1803,3.102752385643232,37.93424401672049,103.70137304037934,1538.0269284536098,5.464729534593764,Healthy,60134.63150695843
1804,3.3514867899890755,41.36185361798145,104.73033093564385,1491.2072401908797,6.6531674851522205,Healthy,59516.611176056875
1805,2.950672497509705,36.5157508559652,103.47205158820786,1542.9409012906215,5.3611827838110155,Healthy,60146.21023407558
1806,2.9978129773599993,38.38417717626718,102.3306263350286,1400.2886895689182,5.652277093217709,Healthy,60115.39758935665
1807,3.0650441262065864,40.58503574456842,101.73892171074081,1558.3890935185675,5.627001903735486,Healthy,58852.19259300152
1808,3.0578283352899973,36.03092305703454,99.28813770986811,1466.3597608923708,5.52921793481516,Healthy,59427.07982129526
1809,3.0347872022178644,38.57844286380047,101.73261496031397,1497.8672117580484,5.743470548749527,Healthy,59628.19221312066
1810,2.910370240319179,37.67096898756432,101.10150489410003,1512.7259389919768,5.543336324291046,Healthy,59674.73491850311
1811,2.9838000934648,39.875938361583124,105.8775255110303,1506.1085173085967,5.96212890113429,Healthy,59258.077804939494
1812,3.2351663971773803,38.45591712272561,97.0082442581912,1450.4507913004868,5.506259885261463,Healthy,59150.39244773619
1813,3.4270001948884024,39.21561415443324,98.90747458222752,1624.2433945909847,5.298928902575544,Healthy,58825.71861792052
1814,3.625921581706723,40.90952679894624,93.66848968141592,1550.7017784678328,5.984550171973959,Healthy,58525.40512627181
1815,3.038260367140805,37.870594635552536,98.17831533420814,1462.1825680249601,5.9308834751811945,Healthy,60261.78991927827
1816,3.2025759247872467,40.30874173972092,98.88387790322032,1574.6327297626844,5.131257161275969,Healthy,59142.81977398703
1817,3.1480226129466145,41.29021793563383,104.20156725329065,1464.3760972801845,5.678637660413166,Healthy,59495.1379369058
1818,2.7957919027973226,37.15642909292536,100.14255212835451,1495.1229146558499,6.11944270973162,Healthy,59378.96310408002
1819,2.8425628625989563,39.596676860475114,101.27538209365568,1528.0259063872284,5.7889323159642005,Healthy,59659.68001721723
1820,3.091797059399019,36.58541163242992,98.47885725293996,1452.7630141820823,5.250386106962174,Healthy,58190.72172743954
1821,3.130118519567563,40.6439682333385,96.85772624343689,1567.8621088390573,4.992962923616399,Healthy,58635.605881586736
1822,3.258945893948172,42.752964005506115,97.98879119650645,1549.3620909551812,5.813062102616829,Healthy,59651.511082516074
1823,3.3353803289278336,40.43917696980959,102.93810444245331,1491.365558968372,5.770427877509144,Healthy,58685.717747910436
1824,3.0106737895478606,40.28784375570773,96.96996426869518,1546.2223315908986,5.503304723549605,Healthy,58527.35767683436
1825,3.0935798669647765,43.688916030715696,99.19381090421236,1610.8417506657001,5.479194624677639,Healthy,58717.21173655142
1826,2.9041845875118133,38.7752257927668,102.49986784519723,1494.8468191013665,5.835229377337391,Healthy,59462.67814303531
1827,3.239282057004759,39.38492182983958,93.92820847580103,1514.7084335255756,5.065851975481592,Healthy,58682.9655205221
1828,2.905171676234131,36.18949881000098,102.78830627038222,1444.2312878399646,5.605922158517985,Healthy,57953.06161424209
1829,2.9990228047999983,40.249663667059544,98.24606648770458,1535.5780204227865,5.278734649662603,Healthy,59746.74792108449
1830,3.3709298579178615,38.993982901700655,104.51633418862237,1489.0919317935143,5.857606120361508,Healthy,57962.969098452864
1831,3.09309519575896,42.5661088380212,98.6338715415043,1561.044333264857,5.84333624091406,Healthy,58639.17634471932
1832,2.9137792157527826,40.24021354479951,100.76095949095524,1496.78438110668,5.597461639922565,Healthy,58099.85105730866
1833,3.1939452507491293,40.42626388036328,95.89297153691696,1502.5336285637923,6.136608000242335,Healthy,59154.61364629188
1834,3.2105012730042626,38.185825348724144,102.25974246060316,1549.793535621201,5.938016748643761,Healthy,58055.49505877189
1835,3.1727852011963944,40.194087069986104,97.65845827556052,1426.3683446174782,5.624684371728578,Healthy,58043.69811389857
1836,3.2458928149163557,38.07624275547118,104.08879402495178,1507.15397912888,5.7882311420112345,Healthy,57959.94784683713
1837,3.122063542846026,40.99049552967275,102.77234005323777,1483.4753038885299,5.83796701605527,Healthy,58684.01095253117
1838,3.028051912201564,36.609099464523894,98.26624334086421,1424.7874189497975,5.964725342611727,Healthy,58202.8597368394
1839,2.870386272715482,37.44346543901708,101.05794828559995,1467.8308821474545,6.219828576664955,Healthy,58333.58123908884
1840,2.932083612527738,40.72967581709234,92.75693816142521,1489.5253973766628,5.909926942969987,Healthy,57132.991309501514
1841,3.0365319280388583,39.03978843332332,104.41273387183489,1470.4340743460898,5.504474889975335,Healthy,57502.65757799709
1842,3.4270464141029855,37.726015458215784,96.0958845555616,1518.950586543242,6.010502787885136,Healthy,57565.837947473396
1843,3.5661211940512367,41.08929458079105,98.92244003560344,1566.0160447669539,5.578352528464634,Healthy,57974.866897959924
1844,3.2633344051727704,43.492214636428315,100.57655185285763,1484.1393436789283,6.2817088851556795,Healthy,57936.220192267196
1845,3.2135310987728105,42.39359258251673,97.28703020519701,1492.5168760925565,5.7500911061908075,Healthy,58414.84987738553
1846,3.357671997909533,40.20227598359984,98.92891166823773,1557.1495792757896,5.570638407314907,Healthy,57030.62025770846
1847,3.183891391433308,38.02246676224236,98.57692477706107,1579.2440229266108,5.82116620743772,Healthy,56711.77177198834
1848,2.9790972893313303,39.47073889975824,95.82227163205977,1462.5936183276112,5.752936443380093,Healthy,57981.63677236871
1849,3.0120060352603595,40.2849984685439,101.65626567687343,1514.0032142582818,5.668245608647272,Healthy,58092.76865185047
1850,3.3196298326977463,40.65135605356213,98.67068297450655,1373.7140597039602,6.003559177365121,Healthy,56825.29647669983
1851,3.08607703744074,38.308315143970674,104.86577328691786,1492.534749677106,5.947344520779741,Healthy,57610.80126771589
1852,3.132357220948309,38.956797498506,95.49793846429112,1529.6225275695522,5.221188148423278,Healthy,57709.77788209726
1853,3.371177679227127,40.40687444938503,99.31685925314804,1424.443671466469,6.185459225057686,Healthy,57379.48083045487
1854,3.2898328868361464,35.78431702080301,98.33736055787516,1494.2541610992942,5.895128104723328,Healthy,58417.06717925031
1855,3.1653229806476566,39.29458093131173,99.15384878935664,1441.107929973578,6.267418115895234,Healthy,57207.44705299866
1856,2.8931171261050648,37.780603797543215,96.56623812246086,1519.798262638081,6.040507186194342,Healthy,57359.85762308262
1857,3.2637272438712808,38.87481248666947,101.46256633101748,1338.766853169595,6.198900766211205,Healthy,57431.98140107062
1858,2.9494723639210423,43.40908694777837,98.62615955452146,1512.8446895096158,5.963722412344747,Healthy,56376.023805475095
1859,3.1881398564691255,41.91403800560907,99.51016344382535,1512.4279240534368,6.277777036847549,Healthy,57389.54643802415
1860,3.4826639757201523,39.11154664013171,99.7887967569583,1566.6935339179977,5.8114387252963144,Healthy,57562.60069519225
1861,2.9727677774754797,42.00108897863157,105.90714600652663,1557.5002287657417,5.730066796320043,Healthy,57676.34067149788
1862,3.289114027811635,39.44015949710724,100.02308822895698,1507.0724533318582,5.809240931853403,Healthy,56441.821446245136
1863,3.299378577684626,37.476303480562684,95.79545500338116,1470.6226452734766,6.363774974791331,Healthy,57943.60302328446
1864,3.1774513039710994,41.61069333231305,102.2376134112931,1521.7468425587613,5.981843657167264,Healthy,56690.10917353026
1865,3.0216113554016673,41.09632121907504,93.770384891992,1469.8485329319537,5.399703751665115,Healthy,56131.643277387586
1866,3.0839598385432834,38.695702219903445,103.82815713579066,1483.950431931089,6.176198122944496,Healthy,55772.67772239527
1867,3.2064718493547497,39.36069681467377,95.51187191501411,1531.5715017208074,5.97166415494629,Healthy,56969.33369813672
1868,3.3856716037454984,38.85136166783498,100.04563018320553,1477.9324683979962,6.289991129949577,Healthy,55920.58814134295
1869,2.9656235894470147,39.415811209628686,105.35416591182934,1561.2295503464427,6.249551629322788,Healthy,57206.52871136692
1870,3.253170786502432,41.47034538764979,101.2880315890483,1610.2885418338728,6.335859896533348,Healthy,56388.878483228684
1871,3.445578504796421,40.99060005254774,105.8616846602889,1500.265462849186,5.8185682996224,Healthy,56274.43001351783
1872,2.9307247731477957,38.23113794743651,98.34843092627786,1527.5781778962717,5.878218483384861,Healthy,56708.984565373285
1873,3.6207773537050696,39.66313105088032,101.30055274227404,1467.5395624590815,5.8145294725011825,Healthy,56292.85370374793
1874,3.111502782267798,40.24370625676661,98.39570165693229,1498.180650044777,5.811243760868771,Healthy,56620.96824218722
1875,3.2485714417311877,38.163804985676485,100.29130686611151,1478.0837379023103,6.040917891968929,Healthy,56208.7205892286
1876,3.866868402017126,37.91892585063836,100.65863008748498,1498.8825706146151,5.683575000711826,Healthy,56198.556838124576
1877,3.326303851020484,40.26067962657847,106.3581241387632,1458.2473730168788,5.874595630564681,Healthy,55556.535746440844
1878,3.308476531596631,37.90718387950886,101.20565887185161,1452.3590156841465,6.259438817688713,Healthy,55589.20637239917
1879,3.3165138438101587,43.80760651472289,97.39781664173182,1449.1051448486658,5.968125337061856,Healthy,55889.89929351256
1880,3.434244853624108,36.849459639890796,97.4008760435294,1380.393053241082,5.880965513592647,Healthy,55866.27693407411
1881,3.279301000225069,38.56095047657684,101.87868339187908,1444.6100053989512,6.1614751836213575,Healthy,56029.56219764117
1882,3.180683985854384,40.49073621401349,101.70471527169973,1498.7669991731427,6.317054393425901,Healthy,55715.087592223805
1883,3.2670955899548324,36.37211336265818,100.68568043350956,1534.0787342165763,6.302902265256162,Healthy,55909.805879387255
1884,3.0260233031782504,40.0763249102069,100.06988793411993,1521.8583684896748,5.72209957176122,Healthy,56365.68004235088
1885,3.0047240833285778,41.12153200067658,99.96362072792274,1525.2116853909824,5.78939003635561,Healthy,55850.76087823196
1886,3.474556683826583,40.747682580087805,97.94930136524555,1505.6140592750146,6.105317471264272,Healthy,55908.34980793839
1887,3.3485378008983995,38.34574493161646,97.97779474720465,1484.3501381610408,5.90239940341103,Healthy,56056.37702337818
1888,3.349609818656918,39.124605492116665,97.37119910713876,1518.307424575696,6.274751048335145,Healthy,55342.414164034395
1889,3.0339813493285153,38.35560747576021,102.61423276345879,1567.2711852780512,6.094997704795155,Healthy,55841.95466254732
1890,3.080494512737089,39.542160436539824,104.15055453134376,1387.450789136518,5.931358840775782,Healthy,55472.079734081446
1891,3.4190934923248815,40.512611530113105,101.11401859654191,1571.915294265883,6.298117385696361,Healthy,54924.07978634635
1892,2.913530808225935,42.19727545252073,100.29832364447873,1434.9052374130274,6.123245608454895,Healthy,55996.55221515084
1893,3.2472956322465367,38.855147595768415,99.00359778850844,1501.00122267186,5.9604723873199115,Healthy,55171.97155136856
1894,3.3252572713418083,42.157164439762234,104.2296993809436,1482.9745755414228,6.340454896066558,Healthy,54688.64877725785
1895,3.2706871208317496,41.105763904274916,99.2874213360619,1565.776430491148,6.201845092699626,Healthy,55334.414753760415
1896,3.3201045562856715,36.85509121816658,103.53527347607921,1494.2903295973665,5.962345076784347,Healthy,55415.281574508575
1897,3.0660424938786726,40.018585986858035,101.80563388582787,1440.1817624591395,5.671657260030798,Healthy,55548.5545196933
1898,3.354941113840951,38.854200226248174,102.77380213458144,1502.952993953582,6.435557353302192,Healthy,55328.214634848075
1899,3.251838251061851,42.103112563765094,101.76155454049965,1492.2117259925317,5.744468791839221,Healthy,55273.73386790112
1900,3.1616331552023675,41.88369738647807,102.54165832549413,1567.4946133432895,6.155589445659141,Healthy,54716.08650920616
1901,3.308113608700232,37.83486459723783,102.50701376269676,1489.494921328425,6.304125982985743,Healthy,53570.39830250886
1902,3.1480496577268275,39.58353983147235,97.84881447138568,1539.8284447651733,6.145206005088907,Healthy,54997.117662195225
1903,3.270939959969032,43.11137684457421,103.3845524057038,1554.37647053025,6.086345191131709,Healthy,53870.920100109855
1904,3.2583853626154884,39.62866006356436,95.42843868227912,1417.2894663666514,6.560790137175002,Healthy,55350.14796998177
1905,3.296454663975334,38.55824619204801,102.72942339991673,1521.8154417438018,6.602154927803537,Healthy,54996.529639776185
1906,3.2385128973136905,41.15189995370985,97.21412862745342,1383.3693778757756,6.091729851712164,Healthy,54596.34490937539
1907,3.3472992111631115,39.587692318285995,103.17592733891837,1605.6945099107538,6.395015502317712,Healthy,54151.386009646776
1908,2.89414252022129,43.84422112827316,97.6229399264435,1519.1749558204228,6.416391734121296,Healthy,54848.894611750424
1909,3.010018741939522,39.54301478813923,107.00603881710536,1533.659462368862,5.824063410849868,Healthy,53294.25895219342
1910,3.211853040759086,36.39380272970744,105.2016193523139,1457.5209902477518,5.917884958715123,Healthy,54662.74285647179
1911,3.4857223879908057,41.596411695962935,98.84531737579171,1522.7633380873463,5.972999953450146,Healthy,54894.16867649496
1912,3.592560552765664,37.01894027916102,100.20751019881835,1378.52113802318,6.614945851650001,Healthy,54473.26991782048
1913,3.5586831884708934,38.43224650385645,96.15347081204291,1575.428328925385,6.408218813969359,Healthy,53927.945756105786
1914,3.4207304881611837,43.61171082774653,97.26582492865336,1455.5426559732318,5.94718824418912,Healthy,54091.3231941163
1915,3.345703288539996,38.363741343504714,103.77956064584079,1485.9176368086787,5.798630065983002,Healthy,55177.03000858664
1916,3.4602589655721836,38.15763148512475,101.21527755076377,1548.8872833984515,6.492302171220969,Healthy,54914.88457881218
1917,3.2097228851033024,39.35198088421902,99.9057057552653,1497.330615167569,5.339603195035324,Healthy,54077.85042023257
1918,3.1933765777920273,40.022213387920345,101.38110738729466,1503.2578983832136,5.969768908832355,Healthy,53572.778772102916
1919,3.241837282568928,40.75506524246269,101.88268527559666,1488.227721852611,6.289340918327706,Healthy,54562.37053851043
1920,3.4880903469545568,40.310131168165846,98.82101141165445,1490.6563509101802,5.872552111663838,Healthy,55342.24001056491
1921,3.2606690974709216,41.79711858381552,104.03962135025556,1546.3903803266062,6.311254078069957,Healthy,53987.96653991425
1922,3.6753560751448693,41.466832432232906,93.76863570143598,1582.5687678620375,5.858493274133989,Healthy,53904.95289570594
1923,3.4571791412357937,38.12951030336164,100.53893126056884,1461.1398121270515,5.882021190955762,Healthy,54182.91763777984
1924,3.6650486915545573,37.88700629488706,93.66499206938833,1465.0240749381417,6.319556729729238,Healthy,54046.11354477093
1925,3.2986019674307347,40.8345409494789,105.69791422756646,1437.1149569024265,5.708765545066369,Healthy,53121.747595942674
1926,3.428213454260743,42.046937863974925,97.26675324808079,1493.9641728496679,6.635962293686442,Healthy,53831.72262972398
1927,3.2957407054397128,39.762447401752226,97.7729498362244,1504.4431982399333,5.741162372898765,Healthy,53134.96417907905
1928,3.455657807254141,38.375147685882816,101.63402910778147,1504.9718721657566,6.2593852693607195,Healthy,53058.02835105577
1929,3.3344592503480226,42.16259623412529,98.35364563386574,1381.992923502805,5.656633879597669,Healthy,52407.6695489058
1930,3.1446676590931815,36.25778525697343,101.31791223126724,1440.8991697411327,6.000743037016674,Healthy,52844.50197493196
1931,3.437231358207838,36.7931552116481,98.33695241239582,1476.587226105337,5.573806045337417,Healthy,54762.33016081781
1932,3.2590164786237614,39.112273273817536,100.86473381098897,1506.1514258566774,6.045309917809411,Healthy,52830.308182337765
1933,3.3999397786960417,43.28371961446908,103.357517106734,1446.9740327668815,6.367613402700834,Healthy,53176.85123776653
1934,3.682452025289169,43.44379358480314,96.53775383371912,1402.2524972427684,6.342753376997539,Healthy,52364.10495910468
1935,3.256138566104247,41.16886067782801,99.95198453613841,1588.7147520613617,6.179072083448412,Healthy,53996.15494363552
1936,3.582699369512415,36.67361639242841,101.35723350210269,1601.1256283696878,6.318406375328248,Healthy,53261.26876175079
1937,3.415608016422839,39.765576418227745,99.28365149673304,1376.4000186348192,6.394355055590719,Healthy,53676.403661277946
1938,3.258184286432931,38.64187037042614,101.41375982989493,1529.1662616143965,6.134590700329196,Healthy,53654.87381927982
1939,3.177288952353157,43.85597237838531,96.30663533870893,1475.7549425019297,6.66376324698182,Healthy,53145.91416295086
1940,2.8687933670336028,42.71437458501744,100.80561063536356,1499.5197690945033,5.976261685374319,Healthy,53556.20059886999
1941,3.5994344585192697,38.93641048197093,101.3124047840646,1534.2917332405088,5.715165394835593,Healthy,52910.712940207304
1942,3.242635766348658,42.43340485808211,92.01928553010313,1511.7610527818417,5.7502282762482375,Healthy,54141.41358563205
1943,3.189263381324973,41.975531542217546,102.79102623259965,1538.935020951233,6.042717056775346,Healthy,52985.94158040316
1944,3.3344634876868544,39.3742981768382,98.82504673683331,1479.5328732167177,6.332263409676384,Healthy,52868.90109002455
1945,3.470230659949527,44.555656338497585,93.6972638526915,1577.751130215249,6.121818110317323,Healthy,52677.53598781761
1946,3.7044253460955465,42.73287188803662,104.07012727900559,1463.8767522905653,5.83139130667199,Healthy,53429.90462213318
1947,3.3022161605145404,38.13673903855588,97.5169733302428,1487.0837456835093,6.1819711486363955,Healthy,52888.71172039733
1948,3.0657327982122773,44.241551903515486,94.5600254934985,1382.4353917297894,6.2022829286930525,Healthy,52516.438925584036
1949,3.454777169938493,39.569360613666525,101.87952805530853,1480.4139139550991,6.79872272383151,Healthy,52652.1183639711
1950,3.3367431595388806,37.63862009172208,97.59961820282157,1500.249773839507,5.668181127261211,Healthy,52766.753705372095
1951,3.335999113742951,40.581869502399556,93.6161620124243,1615.4918632950778,6.493065794305263,Healthy,53039.65726961878
1952,3.173999235610764,39.334357003306046,102.91683143606632,1500.433334126228,6.260462777790541,Healthy,53048.461375257226
1953,3.223067601424867,36.99299944227201,98.73904171050663,1550.078204124147,6.141501110718425,Healthy,52448.63203884279
1954,3.4484658807169484,34.55078883843675,99.96078872055463,1504.0576155732272,6.6607579185682395,Healthy,52547.86211340982
1955,3.1070396513632046,40.13087527111646,102.87864405960202,1507.1161099918227,6.205533742167204,Healthy,52584.66455535807
1956,3.636548359075067,38.970385945680654,103.03559444829726,1473.623448698778,6.569092503019354,Healthy,52378.8441768957
1957,3.319818737643537,37.51756897011823,96.63905103020635,1555.3759973219785,5.825516202791662,Healthy,52223.39717453913
1958,3.281137747890084,36.85995795365215,100.82777416063905,1462.0505054598618,6.516487014398901,Healthy,51994.38211764151
1959,3.6530328229088593,38.72022651831591,97.0468780477097,1545.6984320720978,6.369139432093953,Healthy,52136.58931568349
1960,3.091787563475291,39.603042963633534,101.68115201833771,1543.893704576851,5.929036496114996,Healthy,52430.85382057539
1961,3.640098802809574,41.26370764525202,97.17426430920966,1501.1318537501008,5.883922050172982,Healthy,51164.316162468414
1962,3.2600021169434665,39.27914971989683,98.53915318661669,1483.6476913405106,5.964196677929301,Healthy,51916.76072028309
1963,3.2002479387384737,40.322710735154786,98.00533440404323,1497.3255411108069,6.301153319014971,Healthy,52605.1228842455
1964,3.2655646377281413,39.44146450508074,98.07554317776481,1537.2941735281936,6.125129337985258,Healthy,51850.50562979126
1965,3.417204752079889,40.878130115410336,100.84569594614494,1463.3477586059835,6.708026922171747,Healthy,51624.74390785433
1966,3.2784563701029046,39.78769141418236,97.98721983827329,1511.1850203578235,6.742552906501394,Healthy,51384.160293316825
1967,3.2299531078541555,36.738922004471405,96.24402847257615,1466.8637355493663,6.412481372340107,Healthy,51860.94038316479
1968,3.1165513517555596,37.651516406981166,101.27936224988312,1521.6398246697645,6.081249972039469,Healthy,51786.34366802545
1969,3.4052126902095954,39.78892241267783,101.09687683698084,1475.4381986488484,6.570256985763677,Healthy,51262.030993682165
1970,3.072204911368268,35.293911614716336,101.36361090477301,1426.0232943178714,6.248186218184919,Healthy,51884.23975330381
1971,3.3047143912979045,39.23513308436314,104.11761491236501,1554.867838430493,5.6566498031208985,Healthy,51073.47472173331
1972,3.4104934263468003,37.77186003668535,99.21598618255663,1500.0169788716394,6.281241649284603,Healthy,52052.502737172676
1973,3.333283092823946,37.20788288816121,100.23834271901472,1479.9596113663376,6.352251901709618,Healthy,50675.14304301715
1974,3.2948097827687524,39.044348572251764,102.56148824711511,1450.3951021776502,5.6821684059378414,Healthy,52603.26860303599
1975,3.4683065303136136,39.99757846337765,96.47327233251356,1466.5690323303681,6.291483546341664,Healthy,51195.731692450594
1976,3.5131619271747083,39.161175408680286,101.2230817762258,1417.4755088482673,6.389558665877171,Healthy,51069.2289294463
1977,3.5437796989824437,40.436121554460556,98.7206590350236,1505.4350421112174,5.524038339443467,Healthy,51812.92679063073
1978,3.6506193995664162,43.20638291879724,101.51473058638601,1524.0799912374744,5.788472106287079,Healthy,50398.27945461642
1979,3.2742418076162347,43.20947102611255,99.68151408596361,1523.5311282853347,6.1962742142444345,Healthy,51107.15340736622
1980,3.0603660779189634,40.91594024020074,95.63434423689759,1511.8098829865503,5.9973872728362885,Healthy,51583.56388584828
1981,3.3831330683185477,38.16671184875872,99.15427147045519,1548.0779496564232,6.104203469426789,Healthy,50941.35055576548
1982,3.279861210236306,35.86818952063673,93.36770997078615,1524.6277524306263,6.671017822146726,Healthy,51588.139782627
1983,3.300492266674168,46.253190219547555,96.5666480299003,1558.674157211974,6.132824661702365,Healthy,50907.35178619342
1984,3.706173535525952,39.56575914135266,99.23284031843222,1457.2781201345094,6.339984947058688,Healthy,49398.13518093706
1985,3.178159568957179,41.810422775534946,102.31912569724359,1446.2094002688832,6.164636903984873,Healthy,50591.89583493557
1986,3.3647289443438724,42.696016641379636,100.95905735279409,1424.7067706808111,6.576288125734776,Healthy,50659.64907348501
1987,3.640366329479747,38.90829808636392,98.09396624773352,1500.6127179308369,6.598452204059574,Healthy,51537.75887216973
1988,3.497005302004319,41.76799970798245,101.45632441107658,1579.631342479799,6.009876447801196,Healthy,50827.278431929546
1989,3.3172129486152455,35.5580628452706,97.78098818616274,1513.4940460862508,5.7418382971674715,Healthy,50867.933816441415
1990,3.5660634950755163,39.477782012881036,104.80998087629352,1437.601956828812,6.661672796296597,Healthy,50701.75841398904
1991,3.520832355680929,41.49434219996251,98.8679292313046,1450.229660272447,5.803940480871243,Healthy,50387.20992145321
1992,3.3592435980886126,36.839619738631725,103.08784530483179,1455.3192857605036,6.169012854439912,Healthy,50726.38145600283
1993,3.497236705756757,40.08240934355631,102.78142159572377,1472.6594846392775,6.310875192184265,Healthy,50013.93871743568
1994,3.155355464133993,39.32500521222245,99.18319043536737,1462.4518150718854,6.71443018779131,Healthy,50441.688137957986
1995,2.9448238963769766,38.96991891826411,102.62903079856751,1552.9979874215296,6.399328197430821,Healthy,50468.15268785747
1996,3.380157380828323,41.24175990011884,99.86773232021966,1522.4786958710056,6.2629761358824805,Healthy,49387.84465602554
1997,3.2315841515743013,40.3759910209302,100.1491449916624,1372.9044461768337,6.874065595051364,Healthy,50160.14732236119
1998,3.46131807963153,43.50591732256797,99.42541581635707,1481.3336536770464,6.285200289849592,Healthy,50388.90761114403
1999,3.333245196362256,41.01386739952033,102.33568071533783,1503.7029272416153,6.56478573157706,Healthy,49518.455708587404
2000,3.516622027297308,40.9074096511601,100.36498571746907,1498.8493632678926,6.302648292435446,Healthy,50214.4565620426
2001,3.5943257411550826,38.17656273640937,95.60979479184354,1457.0712778274665,6.340002321745445,Healthy,49495.31173250731
2002,3.644812035903556,41.87674061826931,101.55615055623082,1418.186243024466,6.0933310222923005,Healthy,49680.557570397745
2003,3.181315507720918,39.43836398008065,97.82082457761685,1458.0385235868778,5.720826388589546,Healthy,49677.44189077984
2004,3.8148327869269063,39.00318854545132,102.63821546871031,1491.6203735901715,6.218801672425313,Healthy,49584.52309863141
2005,3.530744037662508,37.29805877973177,100.95203667429115,1527.5494717280546,5.9308613894542805,Healthy,49927.399797908954
2006,3.3488678459407675,41.716839055700696,99.59342389657833,1516.1055187903924,6.166453372278553,Healthy,49540.17834458124
2007,3.2253593887045846,36.57798814929293,97.8206171328662,1448.2554556639816,6.6404441836154495,Healthy,48751.66727219646
2008,3.405609729524964,43.601306726175544,103.85536552141923,1506.521913986431,6.125234145481286,Healthy,50357.52469010612
2009,3.5766091936776743,40.21141809287281,102.06155641828235,1492.203364129179,6.506873086246116,Healthy,49583.78455982938
2010,3.2657516085287233,38.03064945404893,98.42624878612722,1502.5690709873165,6.009785343332898,Healthy,49570.551355421536
2011,3.484411532656878,41.42303196330589,101.28147808869679,1483.498964932898,6.302917012402252,Healthy,50243.659704867074
2012,3.600513767927938,38.57526370888925,98.56403667167089,1480.807255401594,6.325140057733089,Healthy,50759.35966039539
2013,3.607582129685501,37.431697432824116,102.49379731102536,1509.1715743527989,6.355487809254933,Healthy,49514.57831357522
2014,3.505108495143235,41.23233153393609,103.18506268668153,1409.7715748784717,6.335937801453299,Healthy,49470.87147356177
2015,3.704985888062233,36.975188559195836,98.82891245440416,1536.042058631623,6.44532418722956,Healthy,48936.8112262416
2016,3.592253908794872,43.416151879802584,99.88122856991565,1491.0264857069485,6.17793002335317,Healthy,49047.155670120286
2017,3.504171720862387,35.2069737984272,101.34953908389913,1514.1325645829,6.212774889776466,Healthy,48755.696754628276
2018,3.6618842561197487,41.0979351524901,97.39404250696057,1512.0190541136396,6.405745283270921,Healthy,48607.537119337045
2019,3.4818151993855966,38.956495747961256,94.10906056065572,1544.0695218757912,6.377063331218772,Healthy,48468.91508334017
2020,3.4047251997313897,38.6150021095131,97.19601445438373,1505.5458354183631,6.914832013189925,Healthy,49812.47077208454
2021,3.807153922739839,39.426843351902995,99.36129011049664,1475.552513856118,6.473144266469355,Healthy,48477.44710160051
2022,3.5769419999703795,40.174982077105625,95.94688974932549,1566.565314799871,6.596056483301219,Healthy,49931.409842398876
2023,3.496178971463804,38.80601198527077,99.84356026143935,1467.0038239796513,6.114727225357041,Healthy,49363.96112626976
2024,3.527980823254073,37.83633107489934,98.70780431026411,1402.951673942547,6.172039828555007,Healthy,49034.98189874658
2025,3.169920568451725,43.63803102716818,101.61068560693073,1558.7372993480526,6.344152055969169,Healthy,48474.07262601832
2026,3.5437548289254903,42.88229135386065,104.36317165772626,1494.7342448491897,6.147182264006165,Healthy,48477.2391975121
2027,3.6242552799715333,42.99653929908032,101.56048502597437,1443.3111038056031,7.170695441055988,Healthy,47818.17932536773
2028,3.652236931966175,38.47751294020729,100.8538567143207,1534.5730767857094,6.627012046222819,Healthy,48578.123284392546
2029,3.3081808148120517,39.358209504762016,93.81466723197812,1454.7125390322399,6.31442185793734,Healthy,48256.527401799656
2030,3.597704745484562,39.72981932163018,102.06287260642196,1591.9168883450589,6.426129456053449,Healthy,48320.97125668612
2031,3.0607985602533985,41.36846961846698,102.23757934092308,1522.598523194252,6.410325088418723,Healthy,47664.78315551637
2032,3.7021957329284394,40.33828347868251,96.30344624624966,1451.1492559000892,6.565100678713604,Healthy,48302.68716450912
2033,3.6029089578333195,41.70675171841716,99.5844768894065,1494.8298823466264,5.9454943588196,Healthy,47715.38875396734
2034,3.451482159065025,41.78496224650279,101.74286580609987,1606.4941676212923,6.266860764106185,Healthy,48609.22947219815
2035,3.688777458598482,38.66056301854465,105.08836030390181,1464.4939980145741,6.303381334236223,Healthy,49347.955003430754
2036,3.384490143363391,39.639667380057986,101.77940792290583,1575.332378595435,5.901621155787092,Healthy,49288.8835298837
2037,3.5176558126681545,38.459120927452,96.86616468797928,1431.18003004088,6.218355083749383,Healthy,48285.52516578008
2038,3.1121729297144958,41.64327494037191,104.0640204908984,1455.2662236196156,6.972963348013065,Healthy,47837.52517089175
2039,3.443382363427625,40.30430481506558,99.9877679119703,1490.2838142076034,6.998755833569533,Healthy,47627.21806900259
2040,3.334457013879614,38.989282279420244,100.06161878756052,1436.5655116177074,6.483347523157903,Healthy,48185.54245239868
2041,3.040535260288116,40.95407270269451,99.38059591760808,1449.1942680305574,6.229367415995921,Healthy,47792.79790186867
2042,3.502436900006397,38.65902463594489,100.84218244912137,1546.8088764025292,6.262555485972773,Healthy,47670.991698585
2043,3.521266181545612,43.930603795255884,97.73001581084708,1511.2031339724829,6.648473835354867,Healthy,49106.38641946257
2044,3.56782116834681,39.570069148975705,99.8803855946983,1437.8465190635914,6.110221516709966,Healthy,47254.16175909162
2045,3.606685164919058,39.9662833003143,103.75938266016512,1486.2878412748905,6.181206054278936,Healthy,47206.2102918891
2046,3.3620549212460715,39.55896090687248,105.85485992511161,1414.3320146761455,6.441710316864943,Healthy,46463.43563363844
2047,3.5092231210703657,39.97607191353978,98.60214538215452,1448.3858621563497,6.493993439710981,Healthy,47983.14682303283
2048,3.6177387147532696,39.96930218522303,102.06921420048279,1447.0338180523117,6.54607326625875,Healthy,47903.551486033466
2049,3.6662499085359483,39.11463914279799,97.08199644840222,1480.247947826584,6.4527307037914605,Healthy,47478.817037757806
2050,3.6454536880460178,40.34921152442616,98.58748303157728,1511.2887716544174,6.692979495246156,Healthy,47650.31404958489
2051,3.5741102550444928,40.9251606788347,102.60280565638561,1491.366429515436,6.98352711968718,Healthy,47117.57025301454
2052,3.528221973882351,38.86224268412094,99.74743670026513,1517.867522902934,6.434481484692326,Healthy,48038.33146427016
2053,3.3139833545289417,39.61036468424915,96.16943787587641,1466.3301356608545,6.465210860577187,Healthy,46798.40182160703
2054,3.6171755176575413,40.30371872320018,97.721442356117,1480.3836300510275,6.431993126871757,Healthy,48337.58501219817
2055,3.2834597426136427,37.8043393239729,101.57111706856178,1499.5863383897156,6.292110046518845,Healthy,46631.675602315125
2056,3.3506339441893225,37.285677916052165,104.1696261510833,1559.8725682847107,6.19481817490331,Healthy,46535.5296920089
2057,3.8800400021588244,41.34009062291017,98.20703667624377,1497.4266278853318,6.300573619173819,Healthy,47534.15314850657
2058,3.37250692184599,40.387302565627365,101.68664584023644,1499.366817320669,6.3394099171601965,Healthy,45965.24963428971
2059,3.6522010180823217,42.48993266433207,97.95139043898932,1480.0768575883094,6.410831494590891,Healthy,46259.393034115914
2060,3.3565448695113465,40.945856418478435,103.8242741290641,1511.472552523522,6.738516532423205,Healthy,47456.49823389342
2061,3.7608400537110027,38.6864183919452,102.91713490383161,1453.528785813509,6.373225003729823,Healthy,47910.398784990546
2062,3.4873504110340856,41.19158402940689,97.02776894923757,1580.5374941157077,6.497295554156364,Healthy,47000.83551243893
2063,3.582298358795483,42.07077833242709,100.99483399050142,1561.0970594163236,6.5606371094833325,Healthy,46909.35890341648
2064,3.3338093253927354,43.20153410907401,100.70607092212931,1432.0547046264776,6.2563120680344575,Healthy,46690.48706859942
2065,3.459404241719836,42.36488421402745,101.57284367552666,1505.634127393358,7.3277408560489254,Healthy,46983.54386675681
2066,3.502179481280967,37.122058146961606,97.27018714660878,1538.3552299902901,6.667965309122325,Healthy,46386.33537213714
2067,3.5372019120561315,41.78923772935836,96.41175516818684,1572.9419393788455,7.059160537047284,Healthy,46954.853550116335
2068,3.4143746847897796,39.13159179370309,105.97577858691812,1611.7129225193528,6.898744401939073,Healthy,47284.726000330105
2069,3.434712512209532,43.35131423597628,99.46711419573859,1593.441861280577,6.306487410152857,Healthy,46404.2592619645
2070,3.6419384381385775,38.15123326377237,104.14553651382029,1582.840757390464,6.5482153888313865,Healthy,47121.27348791537
2071,3.397166617131744,39.003880116519916,95.35133524529303,1404.4091078294828,6.727711705167285,Healthy,46606.03567526256
2072,3.58248437323541,39.75844896172661,100.01408328963527,1463.977584850791,6.582550425546703,Healthy,46307.64888724409
2073,3.184969761112487,40.812476594734704,99.55989855023655,1515.9512129558125,6.709795169657156,Healthy,46370.619720214105
2074,3.5258121807992207,43.60416382153826,99.50102876830964,1435.6719030448362,6.955193580824563,Healthy,46497.007192497396
2075,3.867911085900457,39.72986574258562,102.03877566539094,1541.3033006199175,6.682756010587412,Healthy,46393.7900790069
2076,3.7672187370030548,39.50959442358296,98.78483497280251,1512.8761250375667,6.947846574620788,Healthy,46633.29568031598
2077,3.5695382611897655,40.53621063216924,103.28540342202949,1485.3036145935464,6.5144041386095894,Healthy,45731.82385229202
2078,3.7908884643168586,40.61284948058974,98.27039233294447,1553.7691269826787,6.207079409299503,Healthy,46064.73225307495
2079,3.570171811719223,40.0560727192685,96.99303958900161,1454.7650305189381,6.519230998835195,Healthy,46444.82239307723
2080,3.1703875496353677,39.04344402001276,102.39659860152598,1508.3215280421541,6.498423742240638,Healthy,45491.58594247017
2081,3.653576268723365,37.708621723580215,97.43290561663447,1482.537836103827,6.256008691685355,Healthy,45963.94245958667
2082,3.575634469421346,38.15521998201136,101.7646857020017,1542.4706060618194,6.47274994724368,Healthy,46068.2135346604
2083,3.404624951723442,37.33616053098001,102.50359797138432,1514.6044373101668,7.236835615755289,Healthy,46522.24185312104
2084,3.403033160682806,43.10462430468801,102.98235571917601,1506.8246084716995,6.668422312225016,Healthy,45531.823947464334
2085,3.6969546089992535,39.860148281376205,97.10136091810496,1525.47829894623,7.314116926475041,Healthy,46438.98531108358
2086,3.859991837552742,39.13822974293588,102.15331380696895,1585.6094543318834,6.811506981989062,Healthy,45517.4136633638
2087,3.090641699065362,39.37620654416016,99.39196419404385,1532.836329626303,6.2731460500129,Healthy,46236.41090047117
2088,3.0941014119646795,41.25579800992671,100.2310997214068,1542.8226919503707,6.8557700034383755,Healthy,45885.807785681456
2089,3.800671936384508,39.01211931258638,101.34003738377808,1470.706322796556,6.332936375234874,Healthy,45105.314185756724
2090,3.134772776011568,38.1506692387332,102.58996090440796,1578.9908076858846,6.281720098252048,Healthy,46078.34189713654
2091,3.598373907523091,42.54549232431175,95.9426027303559,1440.7158040899453,6.739783520739493,Healthy,44880.39265381106
2092,3.3951542787065887,35.44483556763349,100.49399650666987,1437.5997434376497,6.160311071694337,Healthy,45092.1150333306
2093,3.673742559349899,40.297693019359585,97.78730765176952,1497.3079798303493,6.295901215746125,Healthy,44269.17535194386
2094,3.617383009852173,42.971673600035075,98.1501348691514,1522.2655388506225,6.349881027059267,Healthy,45796.71029253975
2095,3.4858322221534763,40.20416493375126,101.89963985551822,1486.6639677357794,6.474957352219872,Healthy,45118.433024754755
2096,3.307863425338117,40.530928487128634,104.38750958105402,1483.5021017284225,6.57626435599488,Healthy,45068.350105512895
2097,3.5417516464038727,38.69225894956135,99.05101839459083,1483.6446196968361,6.410140439965357,Healthy,44574.79334019722
2098,3.7506435583407316,41.013628211122644,101.47925110419945,1507.1256871017538,6.3318275125505314,Healthy,45178.20502387841
2099,3.495506224773682,38.33071232055668,99.18359373125635,1420.1832629316618,6.340197467816659,Healthy,46236.98574602914
2100,3.5626108526126883,40.65033336144144,99.84930197919434,1485.6419995319627,6.721328229794075,Healthy,45145.07895639763
2101,3.166037502004442,35.6538249577478,105.8094804808879,1535.5966382704735,6.147905233460389,Healthy,44184.92658774924
2102,3.719796746255632,41.18749377186335,95.72355166250414,1586.7995259096444,6.612863500711419,Healthy,44885.665820524104
2103,3.807624844778358,38.44472974738235,98.42459010278961,1519.540346232295,6.474665506252627,Healthy,44843.81967893022
2104,3.665627179972346,39.59020318408705,98.91179456442327,1404.0837725700503,6.777011316182444,Healthy,46051.196375529056
2105,3.68916642874606,37.82095934377535,96.42197485113512,1460.4294855777425,6.925599372835949,Healthy,44517.827395424225
2106,3.7734500073320936,38.62392287757913,100.79587643977347,1514.9207535880596,6.053733817327095,Healthy,45373.55259223933
2107,3.5331330375816195,38.63831194543023,102.42736141348122,1428.541825799518,6.253952763859277,Healthy,44445.23630177645
2108,3.5414402455230793,41.20653004721715,105.53896857570015,1491.0686026657966,6.706312960163325,Healthy,44758.25985156282
2109,3.515752251050488,36.84407003424013,100.4596837399325,1529.996126990987,6.86684246204687,Healthy,45105.23087978651
2110,3.5168774492073682,38.561372795909456,100.09930965559911,1513.0886302756207,7.0243814541813245,Healthy,44615.67406476315
2111,3.5064862065540066,38.97543908843155,106.00241988071274,1562.1040217073694,6.961713392771919,Healthy,44352.15002085414
2112,3.645126590430338,37.884353065275704,94.9497417865356,1490.7925012585226,6.414160254596447,Healthy,44526.42066205719
2113,3.983068101367986,42.091762562976164,105.95342133059522,1488.9796809077045,6.882739288160621,Healthy,43806.30461020749
2114,3.5899528996487082,40.44510707017092,103.0352535708674,1535.5861623226958,6.368162076406528,Healthy,44133.34662682978
2115,3.447078723411785,41.718837535178,98.12209317093286,1437.0575555903963,6.064614221745016,Healthy,43342.81906949798
2116,3.788373435401157,40.54757789958524,100.02951066715309,1435.2245698537813,6.333861432679223,Healthy,44018.12825155457
2117,3.710466141249796,41.005960721105396,104.750291225678,1597.200065411176,7.125211294048664,Healthy,44146.96947989676
2118,3.746376406257129,39.454804292732334,94.56389834277387,1519.8665457578709,6.386772090833225,Healthy,44449.242698599526
2119,3.924406797227112,39.49054487438898,100.92241420867792,1553.563953160565,6.234203353386942,Healthy,43404.218061002124
2120,3.734212430228392,41.46968630207303,101.47732978855794,1550.3574411017507,6.442945831662398,Healthy,43889.894942343766
2121,3.459484546881524,38.70204820617132,100.27910670007891,1469.049470677384,6.9977533829597345,Healthy,43418.76683375797
2122,3.537102131343568,41.349355554245605,102.00806547378745,1548.3017222712592,7.06527533747551,Healthy,43041.3642113157
2123,3.725079817024357,39.5934370604773,105.21196165782952,1413.853324257187,6.484519490515824,Healthy,43786.0490904586
2124,3.8342219170044087,41.41282285473787,105.77298021362311,1453.5029357704527,6.674219792146019,Healthy,43036.52414575799
2125,3.7881894723741367,41.189027869928324,101.0138376567714,1517.4808832616266,6.774696400772889,Healthy,43717.45177014501
2126,3.8832914838861763,40.338584231473654,97.51216801277872,1481.183926113861,6.79972142331365,Healthy,44015.61727350716
2127,3.8899753943615685,39.955241082333906,98.67468468103593,1424.888536960641,6.743270547356191,Healthy,44698.988813708784
2128,3.4262090600646076,38.11655589891672,96.93202187878417,1507.0456079685705,6.568884181554397,Healthy,43441.25707562049
2129,3.50681914873624,42.02855731948475,95.0192547824722,1490.4445966679125,6.527482042059383,Healthy,43850.8597442998
2130,3.9265530609792267,41.37357978345705,101.79397630316393,1534.9580370533213,6.500677564941762,Healthy,43761.46934377783
2131,4.034010248005439,40.732537867182245,102.19802557873777,1538.7911759451608,6.236839369224041,Healthy,43830.83689484199
2132,3.508806618740918,42.07337877016169,103.1089820723683,1411.8365789536592,6.891295670838609,Healthy,43679.45217340956
2133,3.684373157120167,38.89502597218055,96.94153408059103,1495.1607861874786,6.54272509086207,Healthy,43042.148315812774
2134,3.6973589901249437,42.44160329585812,94.98562773860527,1426.1990694073656,6.923034827476675,Healthy,42298.549152043895
2135,3.771276757776939,36.19568528874328,99.11057358357314,1468.481116105026,7.13076269889086,Healthy,42342.43914395576
2136,3.7202851166225153,43.47305292624348,101.91278409546112,1456.5649944027853,6.858591497842853,Healthy,43890.145957661465
2137,3.0782816656092926,39.483057843070085,100.249198771756,1543.3063939323767,6.58730197831651,Healthy,42475.26993782832
2138,3.960528324805604,39.88495993781048,105.63438139408838,1448.457227907494,6.895526448530199,Healthy,42180.69642706521
2139,3.7155924419930577,38.982388477830945,100.04599020458205,1458.3057297545631,6.661750472572657,Healthy,43092.57509708617
2140,3.621170570879282,40.64304866921545,103.68857348116347,1512.1736349106893,6.519835650041426,Healthy,42750.77383915123
2141,3.521113544641186,38.771878578912556,99.74066433646334,1550.753250698976,7.111894887370053,Healthy,42832.587476719586
2142,3.592086218788584,40.445049195636436,101.02244588279484,1410.1642524813599,6.801986607986458,Healthy,43204.34165552399
2143,3.795014935546574,42.88331820536737,103.5258436041673,1554.8708678356918,6.8601661391247015,Healthy,42265.5960755166
2144,3.5285234657427633,39.68632552425416,99.68275443327133,1513.1524668112002,6.561130698087433,Healthy,43026.66558961117
2145,3.5727848441962013,40.921861361571196,98.39288533589702,1493.9629436084454,6.652440247187403,Healthy,43994.64385819224
2146,3.857899209746161,40.75521505216079,92.01759177263474,1515.2948659504636,7.004689998575545,Healthy,42611.433623961464
2147,3.270279403434036,39.753818440497305,98.24801873281915,1428.8286531278668,6.220509476717666,Healthy,42457.18754757388
2148,3.619899109932802,36.65534463661177,103.0498545049647,1509.6056609158388,7.144673372314833,Healthy,42553.31537969908
2149,3.356520679710335,43.10577995333161,103.13720058392649,1483.3000172533484,6.699685605542603,Healthy,41821.80793045571
2150,3.4181727260096966,40.25693395378695,96.85916665957083,1561.3620163158548,6.972413409446071,Healthy,42658.623108891654
2151,3.4706337386098487,39.570961846014995,96.20754520111552,1534.132524011642,6.634099460412034,Healthy,42484.180051265044
2152,3.578176646113984,39.642006521496434,97.3848495923222,1490.709966716459,6.319871025158695,Healthy,41925.58258302808
2153,3.6614857535425323,43.42522837148344,101.69832753655668,1536.9939885709266,6.935462769664201,Healthy,42671.00375207663
2154,3.5918660431029936,43.899335399072825,99.80444718798704,1487.6160090842066,6.524869872160725,Healthy,42242.219732715406
2155,3.439469755602202,42.81658091731383,97.05054050939148,1490.9297938136222,6.260990074755804,Healthy,42346.35652900104
2156,3.465398674153248,42.44697363318714,100.35430802373693,1561.2167970576177,6.137714991154077,Healthy,42601.47194461812
2157,3.71234023035561,39.885431015075085,97.91568513598612,1524.5956579310418,6.981259359892204,Healthy,42495.35417657305
2158,3.6994619966049944,43.382306986179685,102.36765503745424,1520.0243311884385,6.8296004021678005,Healthy,42761.7831071487
2159,3.8099017797270442,39.79415913696479,101.04922407947399,1634.0658210070208,6.534167378818595,Healthy,42150.63381568211
2160,3.5656815211799406,40.054467417153745,98.50930032004642,1550.7666569051946,6.448506973859484,Healthy,42194.742834564466
2161,3.56633079693187,40.58482210144918,100.34686018938037,1552.6010865093845,6.791027213836302,Healthy,41484.532584266766
2162,3.48074901401935,42.69345198822539,100.50317444024344,1524.412285224703,6.611988904552103,Healthy,41548.32646158113
2163,3.690425250944391,41.65702085798583,99.22270248419987,1510.5406524513712,6.38532567988805,Healthy,41221.73842311782
2164,3.761133578809067,43.10025432466975,105.33270708854765,1532.403415266762,6.806704607668481,Healthy,41498.309377757025
2165,4.046381005611892,41.339187154586746,100.19398442677449,1486.4651725169983,6.524202318785273,Healthy,41518.67859326796
2166,3.6432759106123664,40.02107001094029,93.40939902361802,1500.44323611153,6.276998381701293,Healthy,42803.50196143938
2167,3.8375621098865533,41.61870626340627,96.65300491975196,1491.4742015469562,6.397830615447828,Healthy,41898.26471839805
2168,3.6401180739027685,42.84285978027217,96.02620980057856,1438.813532578626,6.758233887823638,Healthy,41326.12408789144
2169,3.58095328456242,40.43736935485599,102.50398237444881,1423.327625473164,6.644596545778613,Healthy,41242.47162517279
2170,3.6480720632498627,39.820104337306155,99.79429303180582,1471.6392219531556,6.550706828925108,Healthy,41795.31909582206
2171,3.654719177872918,39.788739290099706,102.00693395046021,1501.4175018274275,6.041996085798693,Healthy,41810.232201872845
2172,3.907651004235073,37.81436415072177,101.72903347331902,1453.7213874527977,6.147234883157578,Healthy,41530.76852130016
2173,3.556607246464711,41.71060909064279,98.91730090667093,1492.1265258550673,6.743944048360525,Healthy,42543.489001968686
2174,3.9592337148391508,41.187227386569454,98.76583512860742,1543.8365534445588,6.1028800578127935,Healthy,41518.99968954769
2175,3.3967082249935086,36.1826437192801,105.22633420016388,1566.9669522411143,5.984838985368262,Healthy,40683.65518606278
2176,3.806980945942548,41.029455292049214,104.49942601627775,1603.4514957926144,6.857034498791837,Healthy,41657.79399823802
2177,3.685152674377906,40.26686292311386,100.83145807818838,1425.9620905651345,7.113108638764949,Healthy,41944.92484475772
2178,3.7114530199806075,40.8161830717971,102.88584727430923,1440.495363615497,6.958233890870676,Healthy,40928.74531412669
2179,3.7079796502387152,38.91020230757212,96.44772700620028,1480.0664499512216,6.84093710630846,Healthy,40548.93100425399
2180,3.9149456701059586,39.35861626640276,98.93306721705335,1490.9398250513884,7.155936257417766,Healthy,40812.65359775244
2181,3.655633005918822,38.99933129152625,102.33736202093033,1567.5448618166731,6.575028880899527,Healthy,40723.432498154805
2182,3.3017010383028103,37.92961418192665,102.93603414883641,1493.8847357226216,6.655602058952534,Healthy,41129.76428691511
2183,4.244955554682553,40.4439906517455,101.58885069821577,1442.7755336468579,6.938013737252924,Healthy,41598.85147899055
2184,3.45089423782076,37.91926903084123,100.62246584224789,1570.6775491484493,7.271018666220031,Healthy,40658.406201026024
2185,3.6478126821201347,39.67582440351527,97.50186754840529,1478.4273850606899,6.8556516297537975,Healthy,40887.827521582716
2186,4.101510694296532,44.31790192831244,98.66281896416629,1523.8864539803767,6.783032088210175,Healthy,40519.91690483214
2187,3.4167967652759637,38.09751357313948,99.6807824320764,1549.0094319864393,7.225948404526721,Healthy,40290.54252462504
2188,3.9599902860125993,40.84515537591004,98.80300480995547,1513.843434990673,6.685352590415977,Healthy,40755.298187569875
2189,3.6794201410113643,38.6445696723017,95.94315589747077,1443.3384146527585,6.5711528251822955,Healthy,39759.34709383511
2190,3.501161098739851,43.52025985303221,98.0246688997636,1479.2847077765819,6.255228345705438,Healthy,40910.79574314876
2191,3.556622095362945,41.48780370765366,102.50592597162309,1520.2321662216868,7.437154600818847,Healthy,39857.393856890805
2192,3.467092069824118,41.71759267068932,103.68675061320249,1392.8836215176782,7.110918403605194,Healthy,40240.3758106802
2193,3.615623830517538,39.721763569533984,95.4499384817413,1507.8370826171947,6.502161844562353,Healthy,40093.420394247514
2194,3.6492221574324786,37.484888386924425,101.18727690428291,1386.27029126577,6.738198517633374,Healthy,40433.311817114525
2195,3.775072866509335,39.09561967717316,96.05633512044504,1562.3005133172928,7.279074021908127,Healthy,40216.55157453426
2196,3.7510805537918706,38.30201888652469,98.02258704420049,1498.9297615605929,6.581672933724585,Healthy,41079.55893855813
2197,3.7070182440764743,39.680245895087026,97.96005829882837,1610.6083544352723,6.818210955713392,Healthy,40667.1117764777
2198,3.750163937095268,40.63908825113771,98.64747870910465,1403.8186522605627,6.899322110444679,Healthy,40876.38542646596
2199,3.8530394028552357,39.27402654919774,102.75974759705161,1485.633407775646,6.5206050231468655,Healthy,39487.42540262219
2200,3.964922151298117,35.69172911127818,102.1505877994356,1539.622366123981,6.8325641950132345,Healthy,39064.21821836895
2201,3.7387238331244337,38.912558905261555,97.75741067583084,1466.9583473837502,6.582972801836993,Healthy,39695.4373514732
2202,3.490697869770293,41.89702701954439,98.42514338386609,1483.9661835191116,6.8115292715394515,Healthy,38944.5283329624
2203,3.768246589689758,41.0653954795535,102.32842787413185,1497.7490769231322,6.603918063329647,Healthy,39366.34602097691
2204,3.955959390264649,40.06841486653968,102.78763742676432,1553.8893832831698,6.629029341129209,Healthy,38683.60561376277
2205,3.6508492414288805,37.91819957050231,99.56266789738255,1467.4613397769517,7.129050736438925,Healthy,40032.04607562803
2206,3.8715926102235936,39.33050216939378,100.16696227649692,1589.5898722227357,6.991630174051152,Healthy,39837.91872987674
2207,3.6567800151312877,44.13394795438061,97.63403530863803,1474.8743490546187,6.600481322379245,Healthy,40168.04368483435
2208,4.138345200478284,42.02366303271084,100.59914001915388,1531.3976873807778,6.8162716863365205,Healthy,39391.94040756361
2209,3.570520922623125,41.96194089973883,101.2447013511328,1513.8420543839645,6.586996105368106,Healthy,39860.7263334744
2210,3.4951614806014044,41.03224087711358,98.78283131457512,1515.2848829474917,6.804767483546308,Healthy,39858.232390505545
2211,4.0172173372813145,41.553109995009784,100.06672459255844,1435.3153534512826,6.708877063689684,Healthy,39321.23889999419
2212,3.499579854239271,37.6706741326823,97.38579066585137,1458.8166622840238,6.37206165650339,Healthy,38508.40726063598
2213,4.180709229419148,37.508827219194615,99.9466501222821,1468.895443957802,7.441894590482463,Healthy,39201.17520024522
2214,3.762611368646382,38.341495512352815,99.42706281701078,1516.8575415215987,6.67199423491636,Healthy,38534.69069026792
2215,3.7216312820423183,39.948221126837595,99.61047722419973,1547.7620016692244,6.681124653623168,Healthy,39094.10794893081
2216,3.6480512637100113,44.68346458641324,96.23864359467565,1498.3401586834364,7.38270195048227,Healthy,38960.125216595254
2217,3.9493646617350793,37.9914029063975,98.43785128356683,1438.5244160399104,7.107310118708137,Healthy,38445.34250704388
2218,3.6430751163947477,40.622226676698425,97.70716389296975,1460.5669416482365,6.784994393821296,Healthy,39765.66584791995
2219,3.5027819342391875,41.10014402948126,97.56722771881446,1530.0348145715682,6.896313679649305,Healthy,38985.164643983626
2220,3.913105410834659,43.285733648425044,99.84016780012594,1439.705145020375,7.074062899194093,Healthy,38808.76824344079
2221,3.890115753323901,40.86533770220363,102.50796574709989,1444.6611182632162,6.6828146622116025,Healthy,39423.37148986451
2222,3.506759913653908,41.1103457195412,97.81548707838263,1462.2811855523466,6.598594425677056,Healthy,39237.217551929476
2223,3.9279304348257296,38.15588168784132,101.08949306210208,1526.7634808140838,7.13135845953997,Healthy,38829.734255354124
2224,3.689864054444477,43.04509153538672,95.78055898071892,1512.2706542440294,6.506265595620875,Healthy,38847.2877276423
2225,3.742938190186824,39.225225826436024,100.49131310143191,1545.2987837116452,6.152041436807961,Healthy,38534.71029345552
2226,3.909730949491893,37.20269981607747,99.574121908649,1547.1339129860237,7.116521968199308,Healthy,38172.09107341533
2227,3.8605131765256804,40.68727200660179,99.36451327413687,1492.6925680310028,6.588422089682682,Healthy,38527.53162891948
2228,4.037201014015529,39.69457983011994,101.96488483098727,1621.8487703866494,6.771240725770362,Healthy,38642.705550960425
2229,4.026169661517645,43.188175606099755,102.21509070175276,1546.582380101527,7.192606751066932,Healthy,38631.164580594435
2230,4.082215401521155,39.298020080653856,101.01698836601105,1565.0190699140826,6.70048512980879,Healthy,39171.49716497962
2231,3.801826756883707,40.917062728494635,98.93270434086841,1505.1579723530112,6.499402669593312,Healthy,38796.54772442324
2232,3.9086610026913253,39.878235519911875,99.93912721725016,1533.6648024638607,6.545055788936323,Healthy,38146.737041600274
2233,3.438350608252089,39.289317195959256,98.88815556950654,1453.6463733908213,7.283771420550478,Healthy,38502.98226255924
2234,4.199469732059353,38.131168728905294,101.06197551368699,1556.9582691544945,6.787877416182089,Healthy,38399.607978412714
2235,3.7307441496540212,37.976979617164815,101.51818930594128,1561.8669332734444,6.594419352256906,Healthy,37415.054053558335
2236,3.545903410540362,40.472228461393556,101.90421482718162,1444.3637411725706,7.013724255321129,Healthy,37906.57715432288
2237,4.229606741550535,39.540511867314905,103.39500766523162,1501.1760755279472,7.368280353834807,Healthy,37722.15582396558
2238,3.756473912187093,39.805871373176544,99.46804071073929,1499.3353396545906,7.036850395847622,Healthy,38019.08309883104
2239,4.020307393035146,38.93186127631748,99.83937266526506,1490.3227057972103,6.362798882476196,Healthy,37623.640802781076
2240,3.9396219008780378,40.60306460472752,98.73155394710989,1412.6152975858895,7.163371004460103,Healthy,37061.557019265994
2241,3.657469055807515,38.28961905476848,103.760448024276,1431.3598185698731,7.09735637934485,Healthy,38174.65104283028
2242,4.044199370785582,39.14426166292012,101.27130045409974,1468.649480355943,6.626724484157191,Healthy,37497.02723863349
2243,4.043491341108584,41.35538697014338,103.7431528336845,1478.1855161494805,7.151316112926742,Healthy,37855.862953985554
2244,4.058892371446366,40.196555742156235,100.12468067786274,1519.3493030912932,6.971784568694089,Healthy,38930.31724549915
2245,4.005603130788829,40.404510463593546,104.51951600326036,1511.7378045113667,6.868599302814994,Healthy,37743.612287192016
2246,3.334318007447229,40.55173388031741,104.91996318995862,1514.6174476159817,7.010976549282925,Healthy,38285.934786288184
2247,3.7005450891496037,38.83377630525809,96.74297130818148,1501.3395217252466,7.05643964617445,Healthy,37856.45429893031
2248,3.8570324780995695,41.65602121883079,105.19331262288644,1533.883142160882,7.106916021781166,Healthy,36669.89205170956
2249,4.148104600467248,36.763968481175226,99.89741213261804,1470.2852107772876,6.744064356555956,Healthy,37632.98132671376
2250,3.902381195727353,38.91250001988875,95.74519841537428,1539.7374949529924,7.322832799917285,Healthy,37480.66379418134
2251,3.9686208839550665,40.57363506040351,100.94039864269365,1410.1842303797252,7.242612335344927,Healthy,37682.85362331992
2252,3.8716795336758127,40.00779346476055,97.46102901494514,1507.2439365007629,6.818395594147855,Healthy,37025.428110998415
2253,3.980622892426815,38.195283855931706,103.33890639697928,1591.4133490996096,7.000262045210935,Healthy,36687.61577788069
2254,3.976578997192877,39.899527452758335,98.81440453908381,1510.0566527710432,6.783216525641902,Healthy,37696.42965147436
2255,4.034397479741217,40.85718890896703,97.62016108692005,1494.7912305778502,6.333467741981998,Healthy,37247.05140677299
2256,3.835713604230128,37.41059628982536,107.13023136038325,1424.4958277218154,7.433482518224324,Healthy,37831.0549511347
2257,4.082078083021466,40.073357044544466,99.77274533250345,1539.9354613792239,6.938436108886448,Healthy,36256.9108297833
2258,3.823314255133558,43.35002943762418,98.01798807772606,1449.336255350958,7.238332372332851,Healthy,36609.47599840765
2259,3.8396959504611057,42.33798306110245,94.70282713177797,1551.1488203669549,7.227520982879741,Healthy,37727.04969291174
2260,4.015251364693011,38.50164041330293,96.73916194270686,1500.0038160521522,7.166796279146909,Healthy,36869.747636937194
2261,4.099349066618071,40.74405009166633,93.19727742783991,1520.5772635208027,6.979257078582748,Healthy,37288.5347791974
2262,3.8797592097795994,42.91813741411212,99.73737262465163,1463.6088308988017,6.643174836342205,Healthy,36727.83761259727
2263,3.8230048714263303,40.935948013366456,95.91354803917478,1535.3302896447206,7.156159004964646,Healthy,36163.11744449971
2264,4.014900744279074,40.655473889545235,99.66266231247089,1481.6845033469801,7.4598914990937875,Healthy,37518.654080641754
2265,3.8377233680226848,41.57985965155807,97.3594680579875,1477.1616747877003,7.205427395727353,Healthy,36908.08455070179
2266,3.39956287724523,41.01790762763982,103.68922076366388,1479.247843459896,6.55133830164057,Healthy,36273.44837051243
2267,3.966339396500926,41.01308634365725,100.95729890811182,1575.8951169999727,7.063721681284489,Healthy,36710.49920603158
2268,4.02724398290029,39.973711080956825,100.27689477165661,1498.5764461669482,6.740340963886947,Healthy,36403.350171502825
2269,3.8414939197413474,39.282811258633636,98.09098087894267,1454.8648472098594,7.079344940118793,Healthy,36508.35335477245
2270,3.973883137862958,37.515781212419974,104.12269275168106,1502.0574178478405,6.832965952877376,Healthy,36888.32387119927
2271,3.9649409709535663,40.576381680885575,101.4454728394522,1489.7612274640428,7.208854500260386,Healthy,36466.90431606464
2272,3.970998449315053,38.00764264177227,101.62258400610797,1487.0640695476202,7.246109156135956,Healthy,36350.88240180038
2273,3.7930827069717536,38.63395830136855,99.72051845456598,1476.2522516978486,7.122219084911217,Healthy,36600.43860277427
2274,3.9979429925121983,38.53710431098442,102.03239071336047,1559.2078927382704,7.410243845375369,Healthy,36109.803693353104
2275,3.4392631462508327,41.651627550744315,95.80711421975933,1519.882784552614,6.953895283662166,Healthy,36333.39946596087
2276,3.7819050899435736,41.37534420683272,94.94749405689242,1507.5264979316707,6.397860246457437,Healthy,36796.507969281476
2277,3.591370400503699,36.920629669452076,99.57870941578689,1477.5346281146772,7.004080229273332,Healthy,36461.02889652189
2278,4.236413618409308,41.29075762058217,101.2521181933059,1460.1049652228621,7.623926222931146,Healthy,36035.07757348719
2279,4.086764357821432,38.807925687821246,101.3767898661256,1591.2302154487002,6.933865318566495,Healthy,36671.29321471357
2280,3.9906106450245624,42.190010407309884,98.26218252471902,1459.8440804722363,6.849196521323517,Healthy,35640.758134794014
2281,3.6590240339431404,38.64221090500315,97.54455770756915,1501.2069805657798,7.546284501685648,Healthy,34719.9751344295
2282,3.9496678278961044,37.645757137580205,100.39190920085765,1491.0588404417615,6.4945446705943946,Healthy,35701.574790783205
2283,4.196667177764812,38.95175155638088,101.07947197294497,1521.5536043757165,7.113135040231773,Healthy,35042.319909918195
2284,3.7215505454691344,37.627644277346874,95.9463795808977,1447.0239519771199,7.378224817982189,Healthy,35210.765802697686
2285,3.966153528119472,41.32994791492,103.21422195651414,1493.9008107011764,6.871764575192637,Healthy,35277.419430209586
2286,3.9901471918425138,44.16709441232926,101.2542774678665,1484.4067848346294,6.206909746412954,Healthy,34636.069556571514
2287,3.9039727100651627,39.65759723013467,99.68045305193026,1512.0020053036064,6.897149804296619,Healthy,35410.598758010135
2288,4.021320490888364,38.59983606814356,97.8277120901006,1517.815357598576,7.364148053681965,Healthy,36562.20322677982
2289,3.772771263585928,40.61551832983335,96.77700429091398,1491.3010878015366,7.1800382280121475,Healthy,36172.58346803963
2290,3.925540673488627,42.42206587341487,100.57549282014067,1493.7471560158037,6.712039255194739,Healthy,36025.544505580496
2291,3.7220823975810386,37.16750118411446,102.90099337502227,1476.9418099496224,6.881307814054005,Healthy,35690.46594003227
2292,3.8865545363243177,38.60228319292907,96.24604539838833,1591.9828881420044,6.696798151008794,Healthy,36098.96371238952
2293,4.174329471840899,40.857017616340855,98.44715305723415,1521.018202130996,7.051348181871418,Healthy,35329.395568803484
2294,3.84404768049852,40.24415081840739,101.48683358566097,1517.5948978115584,7.166204254802447,Healthy,35934.275825525896
2295,3.9067818120674778,42.20716451384013,96.5027837095885,1502.784135747211,6.966397462171693,Healthy,34695.172197117165
2296,3.8527574569824594,38.28151593639236,98.28531824568483,1470.5988092573511,6.888115085408317,Healthy,35248.06071881512
2297,3.9604631842772484,41.300000058314005,103.04765039373146,1442.0456688224535,7.210888311468901,Healthy,36268.62103468904
2298,3.876375860785932,39.94727543470259,98.85196340251481,1514.8171559091747,6.946379048985578,Healthy,35877.123162953925
2299,4.020156680264019,35.72676967755378,106.41193343624096,1563.176851573202,6.928831932028187,Healthy,35889.5224781588
2300,3.9256712342953324,38.759937250898695,101.6165144389222,1426.663319134406,7.5510812765806,Healthy,35249.81686515909
2301,4.1343390127525215,42.63557165863172,101.38226751584973,1457.8109898228022,6.538531848865681,Healthy,35038.373456292014
2302,4.062040015469741,41.88036170341609,100.63383942783369,1479.7390563434253,7.289527338203819,Healthy,34554.003927075726
2303,3.8480293779827037,43.478390615407044,105.59880967675976,1503.0681681525853,6.976155477102827,Healthy,34001.83442789252
2304,4.043364946372685,41.40965028768603,102.68506867388633,1478.9708508705164,7.326608508083288,Healthy,34610.15067338524
2305,3.7730547853976266,39.51204706143172,92.32509053749148,1538.5322903267336,7.178058456701914,Healthy,34726.95256919696
2306,3.9826487762505005,37.50897799351234,102.71916170318092,1480.4207841835484,7.052968332011926,Healthy,34825.22063372549
2307,4.009342606332329,42.495183030428954,104.10487608752045,1480.3554139135276,7.21989466062369,Healthy,35019.91718105346
2308,4.018045517378618,40.14280110817426,100.63323805437487,1473.4921324839281,7.093617103939383,Healthy,34958.027571867686
2309,3.7061485558623275,38.04552505507735,101.04272050632731,1402.531915894927,7.410711896360116,Healthy,34890.63873139198
2310,3.8236743322544124,40.59170839140031,100.63339668242203,1477.5931029317605,6.732817370400441,Healthy,34081.39466773807
2311,4.253036616393683,38.21007708102192,96.12113374371168,1444.0884777788199,6.720089224238499,Healthy,33830.67492390053
2312,4.104034651196455,38.33092133228773,101.16714027319146,1448.3266560546379,7.146156338376754,Healthy,34159.813880785594
2313,3.74880357528745,38.710541828451994,95.96654637119914,1568.0176532797627,7.196573985469306,Healthy,33892.60252000447
2314,4.202193582269754,40.22215898686739,102.21885054020086,1464.1614813801543,6.8571455108237505,Healthy,35122.00155760736
2315,4.285908476245409,42.47311266938518,101.11308461350272,1493.0848761739371,7.066922141290293,Healthy,33929.247160270206
2316,3.917284371220472,38.288650946204335,99.00161949619697,1460.357509595439,7.148885375937133,Healthy,34437.72357412451
2317,3.841231910700356,38.64701021624175,102.571219727326,1594.115325682722,7.283846428016919,Healthy,33625.86583200361
2318,3.9278995338928513,37.832981225507375,103.06797448099964,1484.5525238023636,7.284559624221753,Healthy,34118.973134309286
2319,3.78889723037962,40.98057330159514,100.92738551084517,1466.3529449872951,6.896237912207817,Healthy,34200.190406557995
2320,3.9860237407432444,40.90646961070854,103.66808673230804,1534.4121310363544,7.366926585025796,Healthy,33005.47965304786
2321,3.8622688168762607,42.11015370370839,97.53159018609826,1505.7942192619741,7.09614417887023,Healthy,33998.72354980191
2322,3.70260641523187,39.362235251125604,98.70347402445168,1608.923881588643,7.461617690243259,Healthy,34390.58010815985
2323,4.090986140753341,41.77915086339225,98.80183814965612,1562.8751849635194,7.285052693887652,Healthy,33432.344273097435
2324,3.7230592641592204,39.39473994596156,97.79154309306699,1522.1456260460056,7.127828501986044,Healthy,33761.989910931996
2325,3.8621941714481114,37.8467874530991,100.14232445720268,1522.5719454717503,7.442035606453473,Healthy,34242.511039151585
2326,3.958727085479646,42.092334741598556,101.59099214210556,1490.2349423818337,6.909218584160231,Healthy,33992.43132646324
2327,4.04099105215624,36.87478372293881,101.63685265451305,1460.9527468284416,7.13742411913248,Healthy,34061.10081963926
2328,4.187745255506714,39.50952208641031,101.17596463138806,1470.1024590859245,7.2321916550233185,Healthy,33891.68949778469
2329,3.878527196888152,41.582767496075626,95.99388209681814,1540.9568204755508,7.123594125977284,Healthy,32906.49504031217
2330,3.9426477218649536,39.06544975826621,101.91504994219707,1432.2703366262253,7.638892256898331,Healthy,34577.23598854084
2331,4.269864150128229,39.3284614080739,94.87973721661871,1406.0088983798855,7.45230183978926,Healthy,33367.22425290264
2332,4.036327732025408,39.09950597303129,104.87566615501144,1480.3459100330722,7.263712327837056,Healthy,33874.97498595026
2333,3.9174814122941406,37.88282046657557,97.50900846753547,1502.031353682662,6.569624442517569,Healthy,33103.06573858942
2334,3.8455379283583513,39.44566859160772,99.72802150728296,1578.3356781722312,7.5187686049221405,Healthy,33419.11919905385
2335,4.125736440681997,39.32829072228869,99.53755014497716,1517.9160836804747,7.366112097142156,Healthy,33351.380994400635
2336,3.9656115488454695,42.026359674750324,98.10444439756093,1471.0502195257181,7.951995395524942,Healthy,34080.668016924676
2337,4.454537764154359,38.62129875752567,102.87648757382047,1487.1534239942844,7.2939203644387565,Healthy,32593.61219191074
2338,3.8989410590817455,38.672676862043836,95.44274002007595,1595.9869882742232,7.35120357282313,Healthy,33573.093816683875
2339,3.86099763477336,41.662640777032365,101.40529489742437,1454.1206151295642,7.278588014085978,Healthy,32815.402928499534
2340,4.00009417142266,42.1698727223043,100.9236495198567,1491.7906498709003,7.301668538091361,Healthy,32610.210425208305
2341,4.041070894136823,40.72656625104229,98.80767640094332,1505.8859430930618,6.889560480484751,Healthy,32384.990260958417
2342,3.9225951111723036,40.71489633798465,99.81643629270755,1502.4361558559415,7.300797245149673,Healthy,32727.283458415306
2343,3.9343516633022513,39.6188941302153,98.07388572369915,1508.22793083557,7.499504553004161,Healthy,32805.25438872589
2344,3.805642250453584,39.61538521320792,99.41768004122915,1527.070185317491,7.14551755531489,Healthy,32378.19005383766
2345,3.606557070436317,43.50407442026486,100.62239022144519,1419.1309242277314,7.7191707687049895,Healthy,32673.06814088251
2346,4.10641567193671,42.51168118724844,105.7254057759954,1552.9335915622542,6.903170065368129,Healthy,32913.04706893309
2347,4.004361884802903,42.59580051115616,97.81290726155457,1473.988636855183,7.02000609986727,Healthy,31885.66609062121
2348,4.288851321233681,40.66616047466685,101.83334578812199,1536.6967516755033,7.322980212388563,Healthy,33043.44426653735
2349,3.835104772602387,36.83929558280521,99.88600261292962,1537.4436051576738,7.133343298170041,Healthy,31838.674115413134
2350,4.165754309347901,38.05957573335699,97.08556397343361,1477.1007529053838,7.612611287181148,Healthy,32808.791429259996
2351,3.5312887997537925,41.72981968518786,98.4649081658067,1452.475631630049,7.217083838515618,Healthy,32383.1012236841
2352,4.222902843354107,41.887490116204646,99.73402459513154,1457.8040853717287,7.554757713102791,Healthy,32659.73970208511
2353,4.132751640982454,37.08095509689408,101.71761482107122,1474.95091830443,7.5060851954589864,Healthy,32542.25016277604
2354,3.7961185971038294,39.427022501199744,101.38927874050414,1507.3774524405171,8.1640249870255,Healthy,31776.65904328215
2355,3.843197059555568,38.3693340542602,99.59888872718795,1444.972225046361,7.115013578475083,Healthy,32519.764103087833
2356,4.222550013390416,37.75330117708806,95.49173402343868,1472.2721223871886,6.976660304381208,Healthy,32406.867272608255
2357,3.900450128767634,40.369935507967334,103.70349821398663,1391.527598186945,6.682856419223771,Healthy,32686.885382056804
2358,3.727550759290935,40.67404219753075,99.33403547710746,1478.8445654474747,7.273129720265382,Healthy,31724.719852490136
2359,4.1829092097025296,39.97789176109193,103.828189208454,1504.5602534850195,7.522394361913787,Healthy,31947.46046266185
2360,3.8412290204162827,36.55866463430917,97.38278983270936,1457.7085803403982,6.67873246206791,Healthy,31980.16138172783
2361,4.0552441047952055,42.13011687774463,96.64486011167355,1551.6609722405135,7.376987821766862,Healthy,31863.51343368393
2362,4.020515203320588,40.22700448613156,100.09338529001839,1299.8559854956902,7.558741672582025,Healthy,33324.806999842585
2363,3.8130259950566354,42.46445539492447,103.70633982337148,1448.235076335358,7.545642599732342,Healthy,31702.065565855373
2364,3.9991064126562366,39.77113147524966,103.43892049292708,1562.5747529383277,7.2216737151588815,Healthy,31798.702509662242
2365,4.036406868060328,37.44210152446706,103.72318180821094,1476.0140963054482,7.41431411076547,Healthy,31982.197684187893
2366,4.139672976698177,37.2797311596736,99.30822958144813,1516.3638680422598,7.456649585944818,Healthy,31581.283673740993
2367,4.078823728809675,41.87272903439588,103.0949988647236,1427.8213668834278,7.241774410804682,Healthy,31607.282413074056
2368,3.9516160835023624,44.02590272102233,99.78737030354556,1479.199179123896,7.541492327655509,Healthy,31063.04119330154
2369,3.7811554867893307,40.77743374735628,99.97713408096492,1519.2760468033914,7.006669037679171,Healthy,31462.21282640785
2370,3.75779497062351,39.213537151030465,102.0410485724814,1509.625842147411,6.966090617394618,Healthy,31514.504240623544
2371,3.759187351178341,41.85293109494399,97.61429545313787,1476.5988793029617,7.1035122855428225,Healthy,31057.40373954824
2372,3.72216662175737,40.551347644395136,97.99609690952451,1587.058875662918,6.87701963573206,Healthy,31952.245100856897
2373,3.7393739528173175,39.56438915797039,102.7760452661282,1580.6266814515402,7.3571535231651,Healthy,31700.571751363415
2374,4.055384555488125,41.66621021079773,99.96845429727605,1448.82858319335,7.792351446697726,Healthy,31406.662468707113
2375,4.034368741657993,41.38066193355264,100.76198606557824,1533.5198371158513,7.5866852794304425,Healthy,31459.59898538208
2376,4.020676231586012,37.453843104538784,100.2728817296493,1529.6377992982925,7.36822910696086,Healthy,30924.51556193648
2377,3.919406620018484,39.266791912048326,96.36658637835784,1422.930278634084,7.3602058830130686,Healthy,31110.86139271363
2378,4.31754213486422,39.935223012342604,98.23780847264837,1476.3860007733022,7.686670968647756,Healthy,31686.8338535049
2379,4.303657773874285,36.78636238431186,101.51474368247965,1476.2247813916017,7.54156913209225,Healthy,30582.237226082056
2380,4.222059289062191,37.57065208370422,101.49377167576222,1458.4221369602844,7.713878464255784,Healthy,30606.560876280528
2381,4.151735770139624,40.62431462185441,98.94103291268931,1507.9539320045023,7.286358173276582,Healthy,31756.355973848855
2382,3.9762296564739965,42.81614033564819,102.44963271842518,1503.856673038263,7.507093562064992,Healthy,30690.198580899243
2383,4.105839614460223,40.668068472339826,101.31412690244285,1455.6265108408104,7.235104624567253,Healthy,30990.02939716983
2384,4.0495127415938335,38.625984153611746,102.32945140021519,1546.9171212352458,7.489511660251077,Healthy,30654.329652765708
2385,4.202133792685073,39.98837490265817,97.51646604036087,1479.0473971837678,7.667049043542059,Healthy,31024.14119046028
2386,3.9631067206731676,39.868847322212794,98.0474457597654,1473.2794351154262,6.983925185753909,Healthy,30850.872316417473
2387,4.066885033573615,41.27004456649323,98.12786091533542,1492.386310703218,7.3067513621870654,Healthy,30614.264932074337
2388,4.190512162728235,42.62969374438024,94.43127330540982,1504.3313182001266,7.018195594438903,Healthy,31035.368983141678
2389,4.174357956381367,42.9776007064132,97.32756736486296,1471.3298751660097,7.4658991368089955,Healthy,30842.498647124215
2390,4.112142977387136,42.35913978578073,100.52417800776763,1469.7137547718157,7.370293103100702,Healthy,30558.04420179549
2391,4.373155560140144,41.1241831513037,95.46468938930195,1602.8961504751337,7.130179347253731,Healthy,30319.251391916896
2392,4.241121351293976,40.03220373987967,101.33751284390128,1498.810859714468,7.371761234259805,Healthy,29884.61268251855
2393,4.048221644408703,41.143623281869836,104.08506011962727,1560.4942628178544,7.475288696685738,Healthy,30453.08636071433
2394,3.614546751790366,39.59329553457042,103.22208856467502,1483.7391582860037,7.294646820491244,Healthy,30010.847157478798
2395,4.329720331971295,40.711656130890916,102.72708023871094,1457.3105283073749,6.905359550059588,Healthy,29078.493623057744
2396,4.2953923481576375,38.972536555571004,97.04161328269464,1507.523238764655,7.745995665276338,Healthy,29325.865769825854
2397,4.174660046301295,40.82504338875786,95.93454828481497,1537.0757549431578,7.9006301130758105,Healthy,30081.36460375406
2398,3.9952529633277165,39.91751950341002,99.07991566597626,1545.7809013798528,7.465318392718482,Healthy,29709.84423460682
2399,3.996259011367475,40.78823046335785,98.67358360901487,1435.5120629459861,7.137466723934285,Healthy,29334.57617017457
2400,4.270533346228197,36.27070716702836,102.58007184216623,1449.7638985066021,7.608510348458644,Healthy,29669.556464143952
2401,3.900516237722835,38.49442577979886,94.6013148840911,1457.7875760918703,7.291622038438201,Healthy,29440.506991412018
2402,4.593414167249257,38.49182671579397,96.72328170302056,1513.7839308597013,7.306494841393233,Healthy,30263.227062744387
2403,4.087774548978113,42.17589762700347,96.66479030595379,1503.5196217363005,7.231321874230001,Healthy,29570.123424651774
2404,4.480646715256331,39.569172083422906,95.83784837942817,1439.1934920339747,7.29930277998469,Healthy,29761.13235580707
2405,3.961174642262094,40.164379175589595,98.78878072642368,1495.6635868503424,6.86980205705813,Healthy,28634.71612874574
2406,3.905667708194487,40.43833538949781,97.95846580873389,1446.7737720658863,7.710672821649177,Healthy,29459.4092609202
2407,4.048261945356464,44.14165279170285,99.49279093841018,1440.0512205834295,7.371979299339664,Healthy,29298.479859343766
2408,4.0263002144104565,38.52900198056661,101.07406777149122,1442.680632751785,8.001403513423679,Healthy,29318.56353459586
2409,4.334980320258365,40.45316672617736,102.29422821253354,1460.8497959075676,7.948046443294127,Healthy,30042.745166163244
2410,4.276578995859679,41.80009267290309,101.88696489896498,1473.1353236780794,7.194024120691304,Healthy,29679.73625763909
2411,4.649857237772412,39.65956612441029,99.00049988479314,1501.4421481178354,7.528010212522877,Healthy,28914.623699742046
2412,4.084144601913664,37.01498651979547,100.54157202531542,1578.7707892442397,6.894365132708026,Healthy,29124.160696904488
2413,4.243480211074887,41.54302396046406,93.36065426664662,1532.353298067803,7.267913370587343,Healthy,30530.984453172296
2414,4.302241080974964,36.82991490960034,93.00522683608243,1430.4160448536911,7.148747759103474,Healthy,29975.807020889544
2415,4.149424636709902,37.87917564997867,99.17108004966292,1552.115296393375,7.528191950562569,Healthy,29479.379479582272
2416,3.918459132131281,39.65616750380038,99.87867457696834,1534.0881701949409,7.762420650748227,Healthy,28713.556984049446
2417,4.020224117388476,42.54368602797042,95.67498849975048,1482.2485040556935,7.370491886505099,Healthy,28799.0460478974
2418,4.084949538107811,40.46022849034658,101.9202948963316,1435.0872820606717,7.221807613258179,Healthy,29519.424460391605
2419,4.350237330608204,41.6803040886478,106.25228846266452,1503.4706973126292,7.604951439843634,Healthy,28633.583462577488
2420,4.048332266529794,41.05779665445653,100.03992003544964,1448.0363015622645,7.337147247366084,Healthy,28925.36714439474
2421,4.072588129419195,42.02693524011941,103.90567003405162,1611.8757324289277,7.477528488239134,Healthy,29331.739620692773
2422,3.9972851867982038,42.35423456649138,106.83860147902337,1515.2819031853073,7.8086153990842275,Healthy,28751.41031302484
2423,4.233597383322615,38.468573486198636,102.34792814181469,1490.669137881008,7.63106621148174,Healthy,28734.76482506319
2424,4.099267587899203,39.22020376043398,99.60790985617392,1566.0081124152914,7.792098140334239,Healthy,28580.444927710814
2425,4.026231189016825,43.23637384921541,103.12517675353847,1476.0453402479277,7.147868019118878,Healthy,29531.294808709645
2426,3.794497282113752,43.377285930586275,94.5844994623261,1505.1420171669947,7.414197166355012,Healthy,28088.89799312182
2427,4.074342938974904,37.00213638755151,98.30156156478186,1584.4616274046675,7.668653096065138,Healthy,28881.762303091535
2428,3.964900537619422,43.15106427709496,97.33238507510454,1504.4957674872621,7.679869047178723,Healthy,27594.70593306475
2429,4.079850748053984,40.36887339037045,97.23541947645195,1461.493251277908,7.5032470648607505,Healthy,28742.20726507369
2430,3.9749779902694855,40.2636669236193,100.91191444526264,1493.7846509848098,6.890447906407629,Healthy,28056.05082479527
2431,4.254390402618339,39.038102670690954,97.17010298737287,1461.2297754480412,6.988851366476384,Healthy,27928.27734188766
2432,4.236283170414545,41.36858111264036,100.0775925685689,1549.024648245123,8.045590050209391,Healthy,27902.642638281497
2433,4.037945560921241,35.87319366407033,97.70082836328231,1538.7230293120117,7.78644570064316,Healthy,28781.15021386556
2434,3.936813963743924,36.96229502190729,102.02453261631986,1396.4636886001904,8.198903393863732,Healthy,27569.07149564987
2435,3.992479983821875,41.144821087843894,99.17203945586203,1577.7606611489518,7.808443793088495,Healthy,28237.795304721323
2436,4.408060666105412,37.52125105960906,101.71694841527201,1520.2642080686012,7.141287820865991,Healthy,28040.17631539414
2437,4.103230104588397,39.72483716715101,100.00703261071376,1452.725051671011,7.5948921301528225,Healthy,27954.737822310348
2438,4.226642211091449,41.441870812748796,100.70711531382749,1443.9124802448175,7.057374299794192,Healthy,28456.12488469589
2439,4.050770954010642,41.73533702844148,100.011834916627,1604.3760285740684,7.807044932223673,Healthy,28677.40767393379
2440,4.2565004752755975,43.88884494906322,102.99862682870865,1475.9946003854307,8.020143060853249,Healthy,28487.41030127053
2441,4.41370801752853,41.26622042002002,104.31429321562408,1527.705622570726,7.495931877701476,Healthy,27196.168465961553
2442,3.97803232729085,36.64819120255672,103.48475528155008,1533.1485524898435,7.276372872261814,Healthy,28134.11437388251
2443,4.116284833516339,40.94646585857799,98.45791309045786,1463.2490296579329,6.877620307957989,Healthy,27503.407473818024
2444,4.1034031235256245,38.88992484493926,104.32830678995896,1560.7362691919438,7.066719841873649,Healthy,28398.330711261584
2445,4.251218888960237,40.3206530488337,96.78887850243241,1448.12735788167,7.560729553886503,Healthy,27748.26943063766
2446,3.9468566239616423,41.11975430887542,100.92438545190551,1610.3955137421597,7.055234461183443,Healthy,26490.19360234848
2447,4.560861132331326,35.88355024753559,100.65531930233604,1514.2683125672331,7.553340123241918,Healthy,28813.69486826849
2448,3.8928787727604526,40.12601829145075,94.18034149894979,1593.227524237524,7.549392290339185,Healthy,27700.61040761784
2449,4.365109978348742,37.922009878160246,97.31080307462362,1590.3964303752493,7.571175835062805,Healthy,27901.58805809005
2450,4.097524461773273,37.79539879926237,95.7457340399637,1557.9461901857708,7.790239870700231,Healthy,26820.931685158932
2451,4.176103937465022,40.43582977848141,98.58519316928687,1526.131610855218,7.503938146341181,Healthy,28379.997210814236
2452,4.281936249431786,40.10748885784532,98.30572525742822,1495.1238605985045,7.1495128799192535,Healthy,26686.408969255204
2453,4.435195171575266,37.881376715848155,97.00177035443946,1474.809134339404,7.469562556467884,Healthy,27851.018391557714
2454,3.8340005974923033,41.15944375797097,99.22388104031417,1528.9634991593723,7.23209695642214,Healthy,27254.886850895335
2455,4.005582188334473,44.931784510614825,99.52435519135743,1452.0812080880855,7.6385279468742375,Healthy,27139.72847686313
2456,4.215246108669841,39.36513671521688,101.23543581829186,1483.4492932143833,7.266980010357469,Healthy,27208.47647048547
2457,4.114027731697239,40.017592895290804,97.46630505041784,1550.207720974489,8.438404214088019,Healthy,27670.481743370106
2458,4.522178352689125,42.893950393310895,102.80508064720915,1535.574725100798,7.747911950225353,Healthy,26852.858959175483
2459,4.404529030930955,40.89716083727193,98.6458798816785,1558.2310103541336,7.298306307414604,Healthy,27338.50136263604
2460,4.372607264994569,38.11018958959859,99.46480496473885,1439.1698436410402,7.59770739026866,Healthy,26619.364154002968
2461,4.044303144584533,42.574689059616205,100.32312971228829,1504.7173538280315,7.750238623851434,Healthy,27035.91609850025
2462,4.366967152888023,39.86208737223838,103.00785051851064,1617.257009337594,7.565983476196172,Healthy,26815.82799200241
2463,4.049931608241236,39.20107819374961,105.01392707417838,1406.3086541136938,8.136526793208148,Healthy,27133.463225606192
2464,4.494981827303574,41.757614625561935,100.74758497209588,1482.679057982712,6.945801347893635,Healthy,27687.02511432029
2465,4.068599442573204,40.17205495760199,97.94569913878543,1508.0505775961801,7.40896770059089,Healthy,26689.727550435477
2466,4.243172997318782,40.88044875011156,97.6527612492616,1501.8495739852588,7.398318583626016,Healthy,26763.776626113468
2467,4.284161993303114,41.81955716058493,103.45754954657974,1484.6878186646977,7.6916809975144655,Healthy,25977.70308821429
2468,4.383533103265163,41.09438308088054,98.30675534037871,1527.4591215637724,7.930904217677156,Healthy,25962.000702928097
2469,4.447506708482234,40.76685750401032,103.26633268599451,1408.7635501969926,7.389382242420006,Healthy,26962.654334580802
2470,3.9940958443161048,39.556857667579365,96.9623401009447,1554.9885918525777,7.42976454478115,Healthy,26378.46153196473
2471,4.330719420233467,42.27460578623417,99.69465773051243,1436.7067621271194,7.584457962524342,Healthy,26796.65886482215
2472,4.113831103849216,38.49609466854898,104.6353705351272,1421.9872473901007,7.663721387910465,Healthy,26783.08801184079
2473,4.315415946533132,40.891427857568075,102.4829959593874,1591.8272980395168,7.1867900760965195,Healthy,26122.130478928848
2474,4.1089957701139666,38.630543633884905,96.91507067036308,1403.7971104975893,8.243615245055762,Healthy,25779.109745284837
2475,4.209773559301963,38.3892196347936,98.4901959662752,1602.0813966242974,8.131899883137985,Healthy,25871.68154475545
2476,3.847987553414342,39.733097712622246,97.3928772823989,1510.9146478937546,8.093912201114678,Healthy,26087.21405461378
2477,4.167786967034783,41.65220093795808,91.75985389565297,1484.5928634645172,7.743459518197232,Healthy,26246.303755620862
2478,4.044767804648792,42.89511303874739,104.23549692541584,1389.878061348522,7.465572478655245,Healthy,25230.080521785152
2479,3.9884798210860524,39.55992940830294,95.15176100458415,1470.3133310833043,7.618087078804882,Healthy,25750.44120104345
2480,4.270605080851239,41.277646892761055,107.64299601554058,1430.9399594869633,7.758043951798084,Healthy,25933.75191227952
2481,4.413772088963133,41.6307114909769,103.88490987271074,1454.1347130224472,7.261668292813079,Healthy,26302.742020740137
2482,3.944592555178364,40.995629618686635,99.94589436698132,1565.997820168299,7.335847389878411,Healthy,25476.086270526466
2483,4.061954570628422,39.56959936875968,96.71224483115488,1517.8647022334935,7.818391175190276,Healthy,25354.855664619037
2484,4.29486355576907,44.66295812259879,101.02710523129579,1466.0412235423878,8.02982915764789,Healthy,26047.188710297884
2485,3.9182779129868175,39.587129258699505,99.6072465297806,1430.1331833466115,7.709776086937462,Healthy,25988.589714391146
2486,4.546816225900148,40.07280656288525,104.31412985865322,1547.407048090743,8.1986597849198,Healthy,25525.99471187099
2487,4.237287938117487,38.40209739576848,97.66223794889638,1527.0756803281558,7.672577660224195,Healthy,25789.07401105432
2488,4.376516938354362,37.418339429649386,98.19320349816259,1530.2813012547183,8.005810405373749,Healthy,24852.843706533553
2489,4.291502122387276,43.40742461613202,96.36809359896439,1547.0599287442471,7.673460988781167,Healthy,25655.127817811863
2490,4.5697250043233675,40.91344866344077,99.49578311275886,1485.1135025682463,7.969783260813684,Healthy,25716.01256531785
2491,3.927862270606151,38.963078705103456,97.87459453037141,1423.7242069506244,7.20845766063279,Healthy,26323.614993242685
2492,4.133422132526765,41.76958426341767,97.43180868345786,1490.0100036676458,7.921938197651904,Healthy,25774.90272917379
2493,3.9838181061457627,41.41755490817616,101.35177496685088,1550.6215748877496,7.581745362857156,Healthy,25794.504540721693
2494,4.126650400702747,39.95907614189877,100.83606200448367,1631.853621425544,7.749192364767001,Healthy,25486.122850549807
2495,4.466988806246176,39.34461216029662,101.08703917644941,1460.947878794343,7.865355315213542,Healthy,25004.027866827248
2496,3.959482737498904,38.84139197274995,101.4709353194145,1411.6427975402316,7.816737450434926,Healthy,26057.002375205662
2497,4.053017632955493,36.71412263169373,106.12085275955957,1450.411422359668,7.864527654014018,Healthy,24736.887997402613
2498,3.8524245157305064,44.997080317864075,101.34144426533719,1424.4688735867323,7.821471570382208,Healthy,25304.133789719308
2499,3.985744747643913,39.50008159415474,98.45191593480091,1447.0076485258878,7.500544262459044,Healthy,25307.36432655776
2500,4.456453130653286,39.69525959083715,104.65767494040846,1424.449019315598,7.984265327760643,Healthy,25337.925491830825
2501,4.667927051846838,40.72780280187223,100.53002157208023,1533.9442565627367,7.747999727829732,Healthy,25349.62800474753
2502,4.422635250639338,41.90009061319441,98.49039573081576,1464.8023887253828,7.741710752898692,Healthy,24904.633025099385
2503,4.0384668375096355,38.345217141108314,99.40515599383056,1488.8146955102495,8.014171915303534,Healthy,24224.964190212333
2504,4.374146587294895,39.87454106479766,101.62501222118283,1387.101125888769,7.645362534599396,Healthy,24660.300226847452
2505,4.111570231956083,38.75797736672686,99.90314507214924,1455.642395638584,7.860807336823824,Healthy,24369.787583145684
2506,4.4249251090790445,38.42829324740086,96.77314952115002,1545.4521345067283,7.639071590921322,Healthy,23665.970769751908
2507,4.0523998719158625,42.584616654686705,97.9941616090302,1433.7076594771843,7.876649070405015,Healthy,23737.22680478379
2508,4.297857701844543,38.88466921585643,104.54252167516614,1498.9733684949067,7.698667169877579,Healthy,24992.986662720694
2509,4.3107632381355705,40.18083933717051,97.51095156180423,1558.6748056652712,7.827725885986011,Healthy,24354.768559212964
2510,4.387247196116563,43.03733398301414,96.89434981281644,1506.8464583710972,7.465119628291862,Healthy,24391.55663137522
2511,4.228312472782416,41.290415860171386,101.128245550865,1478.7832296826114,7.774231559309074,Healthy,24136.685700380578
2512,4.298081231510528,40.13617538322176,99.49945359318875,1518.8253588541918,7.765562727236305,Healthy,24089.10095117159
2513,4.3697295661529765,45.40653204918023,100.57288829961823,1439.8829415365012,7.681220980909231,Healthy,24889.378826569355
2514,4.330861157531888,39.69619642334209,97.9784767874541,1440.4031474451363,7.751095883111512,Healthy,24002.60076180372
2515,4.3924507257682635,41.11871855446231,102.53974655298241,1573.148972693783,7.365159169323493,Healthy,23447.292077915616
2516,4.310995807411733,40.93015123317099,98.47960735842774,1544.9280523919192,7.185368813283282,Healthy,24526.846001339607
2517,4.3553727092591545,41.03048741932143,100.77399667479108,1482.0920576670146,7.5795687679407155,Healthy,23581.556470859497
2518,3.994592340378898,41.18277150112241,99.76467546746034,1513.7032750528695,7.872313016849318,Healthy,22725.713240950907
2519,4.1871712629496525,39.11543317933991,99.65311501483974,1447.404573517946,7.0751911323453776,Healthy,23397.642967219916
2520,4.12853720856272,39.066663301066384,99.68233652053388,1524.7193387257748,7.080423404950359,Healthy,24208.021565531668
2521,4.403962139528909,40.90285061751167,97.57841929673769,1426.5043106222413,7.445628535532842,Healthy,23782.737405908458
2522,4.306599197857602,41.44184246116008,102.06662217213594,1467.804665675224,7.944226857628744,Healthy,23033.315076350424
2523,3.9835054817795745,38.95873309951472,96.27418656786271,1558.7674185945266,7.274619152176971,Healthy,23604.704176888335
2524,4.333332935042696,40.347831038321154,104.22877542077478,1447.364392411259,8.504292045953171,Healthy,23381.89008543807
2525,4.483304944365998,39.46095007400684,97.32784469766574,1501.0136959989575,7.688841176509697,Healthy,23852.25320686569
2526,4.296585843999705,38.10236236479716,103.0834639421048,1576.8223962872923,7.8484435581045995,Healthy,23732.70751172803
2527,4.562847946250485,39.23287169368686,97.67030230954857,1469.2855519055738,8.116264071534804,Healthy,23390.902913715217
2528,4.26132086015345,35.02567455271032,99.31422473557423,1538.566715931926,7.859103569064085,Healthy,23525.785066176955
2529,4.431201301046977,40.605039334705815,100.66022116471007,1457.9478841766052,7.536376853293167,Healthy,23122.634539539213
2530,4.089199555489334,41.05291564043517,99.15657684385744,1497.853291981991,8.10878870727971,Healthy,23238.780805647864
2531,4.050799255707747,40.1117268781487,93.7704175043575,1492.0693278802726,7.96194461796098,Healthy,24033.593809290982
2532,4.331749498081021,42.186506297687735,101.48808788812364,1476.9167300394834,8.21642315023407,Healthy,23303.06250161159
2533,3.907663353238341,37.23614974352424,101.35943208713981,1442.6392377238599,8.497493429271055,Healthy,23604.11413929512
2534,4.250281324985449,38.091592667169095,103.77062318821675,1459.125007315063,7.873586255846568,Healthy,22979.74691770256
2535,4.269657884996299,38.71467401004199,98.61142668191908,1451.2176632825067,7.884142110513549,Healthy,23300.90041239948
2536,4.511537201344199,41.47740676619918,101.61001041459829,1420.2404172785946,7.613739422628017,Healthy,22908.521174687
2537,4.1852837132288245,42.18577327323829,99.89837234018215,1419.4401646029162,7.893826262704067,Healthy,23244.330905878287
2538,4.366329751950487,36.27628217795549,98.16118103196492,1472.06228150416,7.872078262184539,Healthy,23782.362595572682
2539,4.085955472592764,42.77969634122763,95.66168613908015,1554.618497681329,7.622657892729748,Healthy,22533.96473781761
2540,4.19092204540835,38.44061819922964,95.58754122199286,1422.0061770669959,7.625229806000638,Healthy,23465.70291813545
2541,4.187476009626845,39.31304525798764,100.89125924375242,1454.7444068488414,7.8504114697695595,Healthy,23295.304491001618
2542,4.416535775116307,38.53826385862882,102.14075045773033,1533.9714036981952,7.921623023905009,Healthy,23348.79875737616
2543,4.802569358568166,38.54137071648052,103.35769342053754,1481.7314565166942,8.364848630462232,Healthy,23125.387554297882
2544,4.372199269958835,38.03484504278564,103.63704164287383,1476.3639494604754,8.249453136313413,Healthy,23348.40955278804
2545,4.200625171144276,41.68563621620348,98.25952924391441,1569.4251985912397,7.61556822709518,Healthy,23299.66484019716
2546,4.120349131971884,39.47836805914985,99.20111299977535,1520.125844906619,7.862023604790512,Healthy,23327.629031408116
2547,4.488730417485512,38.72885098280828,94.01096249353479,1466.0554820560035,7.907107501705229,Healthy,23253.31898665392
2548,4.236412534654984,41.87769233681949,94.93273776094057,1569.3457227019546,7.774460061867739,Healthy,21437.433322402652
2549,4.3141495672083945,37.250975905180965,103.40926746397412,1501.498665008874,7.644475887937046,Healthy,22504.293484047757
2550,4.088588508462569,39.755589257852634,99.87446525263061,1497.0450039240138,7.966534606053156,Healthy,23888.365230259027
2551,4.321520105547204,38.23579456412492,96.17674140982909,1568.3581547471433,8.097370576378982,Healthy,22560.35514873986
2552,4.357814349723465,45.545425764903705,100.08227491680601,1537.757617104619,7.877140610328757,Healthy,21667.636885469146
2553,4.2951379534241285,39.024947321628424,99.2822709691275,1495.851991516553,7.237934262942067,Healthy,22041.960697120892
2554,4.335303853788089,44.13390229189768,103.31127618653521,1519.6617032844226,7.864362766849901,Healthy,22194.037738231986
2555,4.062193516338427,38.09503982284012,98.42748828795465,1572.6386995143043,8.132785753827406,Healthy,22007.824674765772
2556,4.291118356254073,41.78698371380944,103.54533746544561,1435.6991538058026,7.55844752253402,Healthy,22270.869028604022
2557,4.316111702305406,43.381067788836944,95.32252262249905,1539.3505396324804,7.831969749588036,Healthy,21953.768156936174
2558,4.358571966082801,38.83603374304159,106.00626556451215,1482.346103475459,7.611837366952204,Healthy,21862.29373589867
2559,4.339399777666491,39.7504395812547,95.88302075485375,1507.6571741064517,7.510520920858651,Healthy,20528.278782525525
2560,4.534451021099907,38.54104538409484,101.21580015651438,1575.2777340781315,7.835851382574473,Healthy,23014.596483286714
2561,4.733227641953786,37.91458921694887,99.12224804445027,1489.605625725549,7.71788842390066,Healthy,21721.286357434183
2562,4.212909988973918,43.75654077867059,95.16727277725012,1507.6142690487848,7.6371132154622146,Healthy,21132.05680066828
2563,4.499802983378849,40.23802436707462,104.36026951752793,1448.6505942845033,7.72154904434771,Healthy,21445.662507694116
2564,4.460192405316394,40.821079385810116,99.62147885933376,1525.0521849585625,8.081609382601213,Healthy,22326.581621410776
2565,4.564926446637327,41.628219287979974,96.44295143013615,1463.1176084693648,7.5185951651688985,Healthy,21545.64502411813
2566,3.8875216025490125,41.449581827882994,97.20298220948962,1502.4291638655945,7.764494827237369,Healthy,21952.93927057637
2567,4.343014966818895,40.33917182562885,102.15896210371248,1560.3315519094808,7.508790688770075,Healthy,22646.94735668564
2568,4.448829942760181,39.69211632855557,95.89577356092822,1555.8890427031638,7.59185285560873,Healthy,20968.227226988667
2569,3.9694735538766395,39.841508439766415,99.74556397588768,1492.5450994779515,7.765220027467994,Healthy,21990.490305882075
2570,4.237999220280362,40.08923010218586,101.23911928196179,1469.052045775891,7.790785123403625,Healthy,21616.772051337684
2571,4.048203771107172,40.12542793592967,104.17174597441755,1493.5571394568472,7.366065791117907,Healthy,21798.967007486914
2572,4.476224896855672,40.27025536616747,104.4792641826673,1552.2239371428352,8.032595018723772,Healthy,21403.656389910553
2573,4.320253739792562,43.6019952713063,100.47096856830616,1537.8131609529373,8.272733212371254,Healthy,21350.630701438437
2574,4.462308317935183,37.908688389008034,97.24650049190306,1511.808338692872,8.039271462090932,Healthy,20539.96208589782
2575,4.595059149099076,38.07432305913308,96.28638451405725,1448.8433155326359,7.714892726744071,Healthy,21416.131444266175
2576,4.4052064668899416,37.29471826651486,100.86769793521142,1590.7421939153576,7.15058179394573,Healthy,20722.42984673089
2577,4.293859597505354,41.56113031535119,102.78415466468572,1492.036186389233,7.663971371826608,Healthy,20353.281575679972
2578,4.639828830457221,39.99575742780839,103.50400383196525,1502.1568704729614,7.718022436160562,Healthy,21313.804453653767
2579,4.5004155327614335,41.10905508823423,96.74272128562505,1491.5240885105113,7.382820501972678,Healthy,20692.16373218152
2580,4.059510364300498,38.53219002436126,101.3560151610243,1495.0237161627804,8.520596689057708,Healthy,20965.479917071316
2581,4.340679269850406,42.48396654000195,99.32952332473634,1533.4914883952563,7.7018451266446775,Healthy,20988.73136673995
2582,4.330216923853551,38.79831140992464,95.53251871620601,1453.6190268675841,8.14387847736492,Healthy,20986.391258887175
2583,4.216193828557715,41.321206835661144,105.13327546248352,1478.244908364973,7.655412188275981,Healthy,21676.882499672745
2584,4.249531380611049,41.99044696659931,95.0982956229368,1521.174954110659,7.993419080644707,Healthy,20260.045332149883
2585,4.540128952879821,40.524816678552135,101.93629516791073,1474.4683046247235,7.705427527367946,Healthy,20125.93812487618
2586,4.24025774532082,38.823228196299574,104.7647149266637,1596.3245882361196,8.090188360756764,Healthy,21302.734909155908
2587,4.428801687000414,41.46796972342632,97.0103223953597,1498.3252893487631,7.937341102735391,Healthy,20430.431325538128
2588,4.399392052925437,41.82558694641458,97.54577008484996,1477.5884079329473,7.734137080956748,Healthy,21752.78873913036
2589,4.174509009013093,38.76725932562214,102.2624286111362,1456.0947811529938,8.311764572888103,Healthy,20764.6065020836
2590,4.668049166030227,41.48082078503462,99.57430031069036,1427.3727620094248,7.742263006838517,Healthy,21028.392632195788
2591,4.534441262415351,41.41054780824262,98.71578562188063,1510.4075141754493,7.830846000486118,Healthy,20508.102447162477
2592,4.576483305982976,40.40952650523969,96.87016475618577,1432.078271753599,8.053678932897723,Healthy,20277.35980172822
2593,4.401002622166559,40.91529415276946,100.81255823120006,1532.9872310229705,7.573409895230226,Healthy,19640.181511162988
2594,4.494149343976427,43.26343705400088,95.02178939645378,1581.9834710407679,8.094077068678573,Healthy,19965.939899826477
2595,4.507355922261382,41.03091548952511,98.81982742246738,1483.2151021166535,7.919935058220387,Healthy,19989.152024450872
2596,4.623011900740239,42.19302951794732,99.15305215961591,1502.0446145422902,7.845662665973386,Healthy,20297.138586799098
2597,4.530286089848488,40.87852090499745,99.14060960786931,1506.6260299147868,8.345432997117245,Healthy,19201.479155933426
2598,4.343484651805861,43.16806040122486,94.49096858272887,1481.261879033848,7.991041986705177,Healthy,19373.59825700697
2599,4.273238966924011,44.41677461455047,94.92736036594086,1531.9366713140723,7.48916372069076,Healthy,20444.941112071167
2600,4.651673888287119,38.39891628723536,96.490283079854,1516.722276314693,7.681565513473352,Healthy,19894.589805258227
2601,4.305940911447376,43.00129589438418,100.80864963443243,1518.3872222855323,7.623561689393297,Healthy,19641.38245308506
2602,4.765617034445557,35.70927944160521,97.61981217185634,1548.282145090078,7.974331929201342,Healthy,20469.840591078806
2603,4.595160081651386,39.847557166222984,100.2776499808475,1490.0089798188392,8.26347864250695,Healthy,19643.134448519937
2604,4.271329362820291,41.446587938692446,96.07567863697636,1523.2734424032544,8.253752962380222,Healthy,19481.8060073986
2605,4.455125397102391,37.73932915962406,98.75934095395755,1469.771786168799,7.687727006689321,Healthy,19927.150610428587
2606,4.475567713184217,39.21138546463927,100.81309159191669,1531.8841343487702,7.805775136357864,Healthy,19475.400585482326
2607,4.342048481616629,41.73314419225784,102.07653918723425,1493.8057764621142,8.477495181824962,Healthy,18945.26896298946
2608,4.613287612221124,39.528477947529495,100.69606212385372,1552.3204185457535,7.908751110242103,Healthy,19816.81950233181
2609,4.452404736447049,42.09401930527023,104.03550737640829,1537.0359821250022,7.970087519598804,Healthy,19700.767679924294
2610,4.5352512086242145,42.0332182525641,95.24590782969686,1449.7195933396242,7.922892927368288,Healthy,20487.728779854526
2611,4.367830031698487,40.55462468460802,100.7023139879221,1575.540623085427,8.076754093878685,Healthy,19063.006398007405
2612,4.271331035325133,38.27402836129662,100.51567414238788,1455.1841921103073,8.202236526437543,Healthy,18788.89944912586
2613,4.438956241881432,39.06172790061915,96.12564819904264,1514.999892387491,7.993196042893767,Healthy,19287.845367128164
2614,4.481912365001744,43.25434805493374,97.71830925674928,1394.8909994189285,8.18986455291779,Healthy,19347.627143466998
2615,4.598940522970297,42.90085739947273,101.43386997902431,1450.673293884074,7.821796634448222,Healthy,19479.004868579577
2616,4.322995431551109,37.68283877570226,92.07388643294041,1517.8148655127375,7.858925735522828,Healthy,19731.99805282977
2617,3.9976518314240863,38.31083137044115,99.68511765145998,1515.437420660883,7.996923844838632,Healthy,19367.899794140598
2618,4.499005123718053,38.96483717599443,99.57434931921465,1466.7948403508478,8.306558732835684,Healthy,18580.150346857732
2619,4.24427437051413,39.708437252025696,97.05646007528088,1508.0343299078431,8.263091231894066,Healthy,18815.2408032342
2620,4.296937638358486,38.44992691415049,95.82869898024416,1490.8702952793865,8.094280083352059,Healthy,18339.803006210546
2621,4.306902710674198,39.43411075600306,94.19323958395998,1472.4748056936326,8.139130092295417,Healthy,19075.34482715611
2622,4.136749211039962,40.71714889154325,96.96502464631804,1494.6959845349265,8.002776782689105,Healthy,19340.265649568817
2623,4.345979358383878,44.34365942394791,100.96224961790081,1485.4116598771068,8.247166067579212,Healthy,18787.53876145632
2624,4.29635464882046,42.74109022048171,101.33159707327606,1489.8864085232199,7.538171026772012,Healthy,18331.019641933894
2625,4.541854196092506,40.78924231192538,96.57339960931803,1488.8586658337597,7.883685168361307,Healthy,18799.466077835117
2626,4.4829662317594385,37.35792158048793,96.55545597752621,1524.8675861093539,7.867662157553515,Healthy,18314.80514657891
2627,4.569255317037234,40.39766593519935,104.10178112544867,1526.8706695546057,7.8063211179935905,Healthy,18786.85243911361
2628,4.297574024319058,40.74026827429374,93.90500779259408,1503.4451335254855,7.755699025806857,Healthy,18720.25547704524
2629,4.837757877028659,39.78187799144413,106.86616151367615,1390.6009693736532,8.234391269879426,Healthy,18449.54493876915
2630,4.4712651468676405,36.97023085505722,104.68293149145993,1521.963744456468,8.292908286381047,Healthy,19029.522471077806
2631,4.389274626022132,39.743186054742175,101.46175731646717,1437.5211600242203,7.824292698629956,Healthy,18218.719580977973
2632,4.805049982738952,37.77705100903134,102.02091987252011,1522.465503485279,8.182814980491614,Healthy,18363.61449155992
2633,4.2762560434524115,42.490953314789714,100.4309594155627,1403.5140772988639,8.252541995321984,Healthy,18717.146561548932
2634,4.6431506682905335,41.24458071658924,103.17090963465432,1427.619281729692,7.705461533129067,Healthy,18761.455476169474
2635,4.410433912429087,38.35910592000929,98.1808731658138,1348.9553018009628,7.890460552433322,Healthy,18558.27425405431
2636,4.661446940857037,38.419845497624515,99.0609994572921,1480.4873830651452,7.642578232663909,Healthy,18843.076747158775
2637,4.425846180245479,42.26299034036962,103.37807565676871,1447.6691964588742,7.932389457077576,Healthy,19540.660557075556
2638,4.261303648387578,40.93969872766476,103.4973377974737,1636.3492301597394,8.34687753656956,Healthy,17832.218455304246
2639,4.596827008739113,41.00289798267301,95.84486473969821,1461.8327240530466,7.839292971171651,Healthy,18707.323913047243
2640,4.745465414602254,38.376702110689884,98.68553717470114,1466.5264244978061,8.068781681375528,Healthy,17675.33761671668
2641,4.316989375803878,39.366691198289594,102.56059522692732,1514.3273669064386,8.16859899390472,Healthy,17906.127984676288
2642,4.518104038987786,37.57082403253887,97.33133747526065,1528.298863233592,8.333568829889892,Healthy,18032.829201760054
2643,4.214291420588894,39.17446108548586,103.33960042329365,1489.3007842664829,7.560208162917126,Healthy,17985.936116303204
2644,4.2943647757970975,39.51124463542999,100.86919021167736,1506.3153555952717,7.953470597764178,Healthy,17775.61378637062
2645,4.358400557712897,38.53028287655777,95.92015762120204,1500.361641355507,8.303539786093445,Healthy,17733.046586468186
2646,4.132446759597915,41.203440231423166,101.34149992193704,1488.2282232664716,8.515583009737782,Healthy,17736.511629263867
2647,4.444562292409803,38.16180301882157,98.85339909434009,1473.0098175502253,8.096159346225486,Healthy,17038.876795086297
2648,4.173077329497652,39.20763508810346,103.97185480003,1516.518092859509,8.44179355959216,Healthy,17674.981721654953
2649,4.6383535471172115,36.30874847842056,97.02095158449596,1504.116928695936,8.115896229502262,Healthy,16357.108699053933
2650,4.478307540203615,39.37783214873709,100.05514043574213,1572.571061441394,8.35332577469394,Healthy,17223.544582101553
2651,4.479996341631542,40.899182497691676,104.982610336345,1536.5189558748482,7.809073956282255,Healthy,18016.039259417663
2652,3.96064397276906,42.82888477672766,101.66452004463186,1435.3197068414993,7.720935967332421,Healthy,18070.932584506147
2653,4.399941656259398,38.66661007358736,106.70389479026211,1591.1670363974072,8.332769857296443,Healthy,16393.536061525163
2654,4.718566956306487,43.90417564236242,99.22063449770164,1448.8314273106134,8.944608211084587,Healthy,16648.76671809029
2655,4.40973116362922,39.264639309786176,99.07868375947315,1458.012442945655,8.105036646488603,Healthy,17157.742255306825
2656,4.471316913785833,41.355684782954775,101.21165868804023,1519.7008260148918,7.8281667183682675,Healthy,17522.182846865344
2657,4.615737736941694,38.887916282980314,99.95635122388785,1461.9968777437825,8.067710253962938,Healthy,16285.20174124692
2658,4.488880552495844,37.942876889684634,98.23874619859794,1449.7631388606828,9.005606179120214,Healthy,16869.593656887508
2659,4.334231959421427,38.19528739132941,98.14202286219468,1508.8278548205747,8.206908824525428,Healthy,16891.475184754272
2660,4.913653302655757,39.76811664025925,94.6159172865938,1441.0815668531557,8.653680053951256,Healthy,15926.30422114936
2661,4.282026126991287,40.38428218896062,101.1156396905994,1540.2288373319814,8.660201499487387,Healthy,16719.873520462817
2662,4.304618126074802,40.41612514574292,99.22320058413148,1474.5191480469057,8.124181216942429,Healthy,17162.69259648378
2663,4.277314665135247,44.475342427400115,102.13414755708145,1590.8164840705904,7.897316652772224,Healthy,16671.410126497947
2664,4.456405869066882,38.70537653215409,99.61643267995254,1528.9241280830818,8.097500883216899,Healthy,16782.87553992487
2665,4.376277389667627,38.739245852369365,99.04773315816287,1564.797561997434,8.268513045978938,Healthy,17072.34728690579
2666,4.7136183856055025,38.816983203570615,100.61062922371809,1470.6116812391404,8.250306029272773,Healthy,16274.961112376894
2667,4.64783278344888,40.57581416613022,96.91869566381324,1602.263930681833,8.039741270933053,Healthy,16394.65743012673
2668,4.6277909486040665,38.216725367482766,101.74259311316332,1528.4044936275425,7.901338832610849,Healthy,16653.63497976087
2669,4.67172977981649,40.62216435517886,95.3677192613805,1518.3407619994534,7.579635970994794,Healthy,16765.85240213348
2670,4.1093424896439,38.56269734372488,97.51546648924882,1455.3800825752394,8.175169390508284,Healthy,16640.58092962557
2671,4.668975670737503,40.22573720714763,97.40873177619557,1498.2198518923544,7.6857606523956195,Healthy,15833.868643313104
2672,4.494303328683237,37.99332250821239,100.3865578026864,1438.3710946440233,7.896667586428896,Healthy,15758.822893074555
2673,4.689360361087092,38.436531719906284,100.77621267924884,1499.0570427281168,7.609999068278245,Healthy,16249.432343810138
2674,4.363440949997722,39.31631288034373,97.14047547233058,1563.4292134707182,7.979141079560418,Healthy,15885.133560078271
2675,4.737810757838848,39.51906507614628,101.60390750091916,1574.4994790155981,8.082734917193479,Healthy,15369.983981171852
2676,4.523725663075057,38.83912454064917,105.81501404396501,1456.9376592810713,8.550498791083955,Healthy,16048.856074086496
2677,4.457290861606854,43.83611133426166,103.10389760623018,1495.6838907385843,7.762331549050101,Healthy,17652.00183805711
2678,4.625322562329297,42.54499902117739,100.20356962133225,1461.6154964382376,7.780305386524626,Healthy,15433.611023448615
2679,4.513664053717388,37.92409240413336,103.41325357775166,1565.9607661985447,8.573014381449342,Healthy,17514.0978196655
2680,4.715760073193901,40.529087476603586,99.97581742283052,1434.4974259004819,8.319635467565627,Healthy,16249.509283134832
2681,4.626233935707576,41.37039168960421,99.95152075636155,1497.4277019167907,8.54457488809272,Healthy,15921.545468449287
2682,4.464605467267765,41.584083067382224,97.25251669445859,1480.9516424507685,8.791218585700745,Healthy,16074.534447402064
2683,4.62692446197468,41.821059379050965,97.49839232434965,1557.9054352695202,8.371387702413578,Healthy,16439.475151299433
2684,4.643200706487419,40.86347431045297,97.05297408634007,1539.4256816686848,8.035340452376694,Healthy,15829.49345476762
2685,4.424154956200752,38.52251664988346,93.1822975032811,1490.7842918757187,8.59885418352269,Healthy,15641.79733301586
2686,4.621779469410795,37.32493856552693,105.48998143674929,1484.8027455727029,7.83513259845733,Healthy,14470.033624197336
2687,4.460841191349641,41.581526555953175,99.75337878780633,1451.6274750955204,8.086421790701753,Healthy,16334.52496157693
2688,4.632015041092453,37.12608784915072,99.46582331229082,1530.4479462385739,8.60700948816051,Healthy,15135.680236589327
2689,4.674945829856303,41.29118810039903,105.08263586914131,1457.8984563340657,8.299220858965821,Healthy,15066.397586147188
2690,4.359695757492447,40.55266784748891,98.0659779671375,1437.1267404948128,7.741671843456323,Healthy,15964.753939561622
2691,4.401091702639651,42.20953286463972,96.48098271864836,1568.628450004184,8.24135647863692,Healthy,14587.19132792081
2692,4.493866434811349,44.165921180221815,99.70365649555735,1532.570207309212,8.305097490303213,Healthy,15706.774873593928
2693,4.676088453203221,36.694440010896614,99.05619067244056,1627.4784005688377,8.346798412545896,Healthy,15768.462447954029
2694,5.072136686127644,39.69544760022298,97.1874013991725,1487.9446546541524,8.044538206539341,Healthy,15041.245464795435
2695,4.655801988758468,37.29038102426968,98.1723576367742,1477.8970842644871,7.919976147612216,Healthy,14163.991139080139
2696,4.638032339250649,35.76724629985506,106.13441413469808,1556.5680932693217,8.287797791710453,Healthy,15390.74397000041
2697,4.567604023652959,37.09144990458755,104.41551767920824,1435.662620679319,8.026289380339557,Healthy,14783.949830542155
2698,4.599224291939726,38.18471118973224,101.99949980130272,1469.1528964996169,8.006637546493174,Healthy,14800.14713642238
2699,4.845678761195577,41.26228419334133,100.41119832299385,1495.3082780799095,8.122981857565163,Healthy,14641.025040868746
2700,4.466732691407984,40.80586517167647,96.89584586683308,1405.3884325479826,7.903349945899645,Healthy,14542.215160679303
2701,4.769093650708815,39.05760195658666,101.76674371154527,1504.8504898518383,8.913724226145906,Healthy,14674.371329105958
2702,4.384004747183624,39.321802591603834,96.43755177112814,1586.2258100702045,7.796841826819903,Healthy,14650.015965445558
2703,4.471287300494226,35.26170034796223,98.12997243580641,1535.1659631292962,8.10612781636658,Healthy,15604.03601374561
2704,4.448502882399813,38.54235650277766,99.05896305086216,1551.6477424012537,8.021549765235147,Healthy,14646.681724965387
2705,4.614966925358637,37.82857532125777,99.3511280676534,1445.0532190204842,8.35011061121206,Healthy,13829.805997214444
2706,4.718735350786796,41.19402548309156,100.7038666957342,1502.3851727272913,8.06774599055419,Healthy,15370.171462471186
2707,4.597539171920586,40.264194658878644,100.49994373753952,1561.0916920228847,8.45034737778273,Healthy,14857.874412434194
2708,4.563955766559938,39.1578773922529,102.08671577312519,1588.3939723341841,8.184098513134435,Healthy,15201.298293729047
2709,4.5527000562987965,41.14107517201069,96.10041291991375,1513.2057082538504,8.358506983469075,Healthy,14622.461901355198
2710,4.711424923740259,40.533254303671086,98.6306422451185,1406.8771431558025,7.920368973149877,Healthy,14130.06697264589
2711,4.73620060475454,40.244277984712596,106.95391361414428,1483.763040954677,8.37306423030701,Healthy,14169.098960687088
2712,4.287910937663312,37.842204221552635,100.57340361884823,1561.8661380951235,8.116497675030596,Healthy,14134.078445791109
2713,4.627842894646673,42.80113298083694,97.20516853770961,1497.1055774276658,8.391050493756572,Healthy,13822.68841600869
2714,4.891652569958496,42.9657536282069,101.55021447790526,1506.2507686470415,8.61979831642219,Healthy,14736.196159975138
2715,4.633492618423876,40.763297533294796,94.84825788296784,1550.6478155986324,8.39254848280055,Healthy,13978.134841588737
2716,4.484598367180086,39.16387571777258,99.09763097577877,1417.8604745309915,7.952323760621427,Healthy,14586.56180830791
2717,4.763932583949131,41.84885471681157,98.26902678368853,1433.119994522495,8.337606341309854,Healthy,13708.857216689647
2718,4.627376717709009,41.40072125968905,102.00766312739988,1475.5555374503933,8.442314379963879,Healthy,12976.493923806895
2719,4.763424684484153,39.24114775330856,106.36858480460343,1488.35507431744,8.203761279131099,Healthy,13826.789095652144
2720,4.796510713022625,39.13951223847437,96.29839240606637,1530.9966212312745,8.447534841816111,Healthy,13554.501194130979
2721,4.723154090863677,40.404270299822585,94.77534399656041,1373.9863869829512,8.068065049235104,Healthy,14301.524575639518
2722,4.586526898045977,37.46092273118771,96.83599806938405,1528.5048456231673,7.925506982027412,Healthy,13357.492265680174
2723,4.201157716061086,38.468794703711986,98.90657386015934,1448.7834076651611,8.427063487304894,Healthy,13462.054582327433
2724,4.873613401922321,40.356973049771995,98.12180354635002,1512.3925938085376,8.08062260022086,Healthy,13182.869586797662
2725,4.934402725656686,40.669134476049216,99.2940806434659,1537.7419984097887,8.064146294614822,Healthy,13531.139719467808
2726,4.3934601064060494,39.80453687000369,98.31950158501716,1516.2807995908993,7.9202477796179345,Healthy,13956.306827108901
2727,4.812513330919696,43.871251193813876,98.26205475825905,1525.7880426809265,8.062067453538486,Healthy,12978.573266132533
2728,4.633039599686589,41.34599590965751,102.37533993390625,1520.1114822356835,8.564622310985886,Healthy,13540.274409982703
2729,4.661836985549814,40.66502445650349,105.29479265126311,1472.767819361395,8.625129971892408,Healthy,13501.603947049502
2730,4.740684737771794,42.129882078799376,97.97929620775986,1417.6098879633166,7.8262348976204015,Healthy,14037.884851571738
2731,4.913446546870715,38.8190365067172,104.35051582697731,1445.4501583198335,8.396905129890177,Healthy,14020.453405020739
2732,4.6766886249845605,41.587280564065836,102.13066896036544,1467.1687297141696,8.565807869799185,Healthy,13569.844158371656
2733,4.494464185939961,41.87122739390519,97.68676511181287,1494.2181267106746,8.277946196659625,Healthy,13432.268090911886
2734,4.607901145154836,37.16947803535402,102.5978591437247,1444.2800906325538,8.340830469060307,Healthy,12893.443403026411
2735,4.544517941817316,39.4432713396803,99.16914900738333,1574.3516251781818,8.474137745318895,Healthy,12800.73625980024
2736,4.675519260915314,45.919018486056224,95.5932331832026,1443.1389757976833,8.442385831474962,Healthy,14254.694664731505
2737,4.323050855190384,39.08558624477731,101.73595122746784,1522.6258373994988,8.793505419495661,Healthy,13508.397276422616
2738,4.846019787088327,38.08864677229193,90.86583541814434,1498.6190005842006,8.507029843822233,Healthy,13668.213644425347
2739,4.73067713035714,37.86413232802549,94.57119746604418,1427.6565882034238,8.233219364135342,Healthy,12519.437071856793
2740,4.547225759830267,36.64422173756869,99.70679693767694,1568.8345438931215,8.154434278153593,Healthy,12137.302647668741
2741,5.029571588391151,43.21704999753642,101.56231182576569,1455.9394488073256,7.830314145104731,Healthy,12679.919938363651
2742,4.751409382322548,41.43107024257181,101.04899386782624,1549.794701479767,8.28649097747006,Healthy,12744.596434036624
2743,4.856368093617731,39.098306978881276,97.0940582224828,1483.3136904828839,8.547777855455397,Healthy,12776.88307780671
2744,4.473576697009973,39.35607265899628,102.23528299038699,1583.1233363924248,8.31138241710277,Healthy,12539.49092785554
2745,4.495171428453192,41.479747515746006,104.07388750759173,1577.4792181541038,8.210791843461836,Healthy,12408.804922379972
2746,4.407303086185072,40.94604035181542,97.96571361962974,1470.7546502195032,8.516405934191996,Healthy,12027.35243450816
2747,4.8227784995873115,37.16188465656169,100.49678795973884,1573.0683163350666,8.149677627932617,Healthy,13612.282874245055
2748,4.667629643297504,40.487751655241205,99.42317679505145,1498.9780331251914,8.61733134257719,Healthy,12414.761598989455
2749,4.870904716496771,40.318905307408336,100.06643526985182,1477.563751737608,8.26397252377478,Healthy,12633.787358812033
2750,4.614907391330321,40.289495350787554,99.43396989497263,1441.2155918587848,8.68588503635028,Healthy,13159.427093733053
2751,4.546379787749342,39.195949344482806,105.44150445052873,1460.2974574214402,8.573647769015999,Healthy,12812.921801728324
2752,4.618491390357676,41.57147900295113,94.3522289253563,1468.4608557105992,8.017701399461384,Healthy,12468.528757414246
2753,4.2612077749664214,36.5980404908019,98.43908093693945,1421.528713290502,7.959260748328745,Healthy,12272.684678407099
2754,5.054215980334124,39.32575371601033,99.52659130102673,1515.3769252173313,8.356867654235046,Healthy,12655.891322296713
2755,4.743755769276001,37.915913351714345,99.10228657830744,1606.8408459473608,8.290872057286402,Healthy,11872.659797527263
2756,4.860343861883192,42.259232996443984,101.11566249273058,1472.4065089578219,8.454446144105194,Healthy,11803.050695684386
2757,4.777276373319737,43.28676247939189,101.690272089718,1497.2340855383284,8.325995572068834,Healthy,10987.30953644354
2758,4.842537082725346,39.14862590144223,101.12867383609377,1505.6567015535975,8.520180643407073,Healthy,11827.337953727476
2759,4.779655938505485,40.50499247194537,101.85293292515858,1481.7741341669791,8.24090067429842,Healthy,10619.13848342836
2760,4.738509736527527,36.51282470680902,103.74536018432678,1491.3881381603762,8.169781715377859,Healthy,11674.446599867199
2761,4.638916687575597,39.43154418619722,109.78650210923566,1550.6515466731646,8.403242796377876,Healthy,12489.470486418235
2762,5.084843035894495,39.878617048275295,106.45621557015205,1429.5693897063725,8.55364768986047,Healthy,12148.545289532516
2763,4.43840881486603,40.95592171482848,99.80779480287768,1488.0878784134172,7.934059030369742,Healthy,12685.864064563377
2764,4.923086903783851,44.04548309988501,99.50074195277425,1475.4702359165626,8.49041750149372,Healthy,11361.467409567504
2765,4.868232133290257,40.20777274012952,99.53665747371605,1517.8360159283338,8.473593772650165,Healthy,11714.86417104419
2766,4.618157220013802,41.50524745992789,97.41262298047099,1470.0051508122008,8.441125889796776,Healthy,12001.96915785217
2767,4.810098525828961,41.01878177002046,97.77279760362576,1538.123105566765,8.722263954930561,Healthy,11627.90437877671
2768,4.648428682698154,39.66812949699621,100.34766050909144,1391.3566580409681,8.598083699771676,Healthy,12050.835068779988
2769,4.347474959636733,38.562243815799874,100.37864706813905,1500.8307853328445,8.13986958625967,Healthy,10918.577874289917
2770,4.813050880866649,41.466550469185094,98.91990754011533,1511.0194869613365,8.933295398594202,Healthy,11380.027420290444
2771,4.702460832391424,38.587850719937784,96.05937453516573,1481.8284016015248,8.04563520835488,Healthy,11914.689837076849
2772,4.650921812679896,41.01882894607795,99.94579058714025,1522.787731378583,8.681033198416046,Healthy,12167.760122278276
2773,5.07086356142014,36.49677858913392,100.07713863251149,1454.7323742643914,8.318491016458246,Healthy,12278.649758932073
2774,4.8967715951580075,44.311371607333015,106.1350401200298,1484.9281666896707,8.12740074523603,Healthy,11711.91157117784
2775,4.922637218137651,38.520902202663166,97.59960180066447,1426.1406335001798,8.08684234608271,Healthy,10812.54366809543
2776,4.708483024513838,39.044204911967476,99.17177294007254,1496.0293226065141,8.437936431296587,Healthy,10872.534490214794
2777,5.193201356601304,43.22116789959818,101.51512471145834,1577.100042949971,8.253177182877007,Healthy,11174.66026174229
2778,4.8443594104273515,39.24317342295848,103.46103757063591,1421.7441762569265,9.055844331403081,Healthy,10745.940463813786
2779,5.121162711384299,40.943584820359895,100.06044146367147,1450.1561339009627,8.228660721165179,Healthy,11312.329463021615
2780,4.8194592446426805,36.88524676019644,97.14020709501845,1417.8734062598264,8.323530105284025,Healthy,11531.229884578115
2781,4.328968757746257,42.509871722165634,99.94692343334786,1464.8039195909093,8.559003538153892,Healthy,11674.022529535896
2782,4.884505347121986,38.11246902037736,98.67555176448286,1465.665869844887,8.383461465854957,Healthy,10585.69880373154
2783,4.653517308930427,39.332088316099544,101.9149730540072,1474.9249225090161,8.47781649901049,Healthy,10721.297310860336
2784,4.745969917491516,42.00119108825182,98.83932498954327,1571.454214696562,8.465203484349603,Healthy,9835.582351658577
2785,4.829158485358958,38.55288374030541,100.87058251948294,1630.7371199097486,8.642780107647896,Healthy,11746.092340146502
2786,5.01530538366046,38.53507455824607,96.30689863480683,1453.6034818013513,8.224537879628432,Healthy,10200.76010987766
2787,5.092994040741088,41.88428013564756,100.67986988326457,1582.543566132551,8.488542799552029,Healthy,11747.271331148126
2788,4.8053796358347345,40.047411939372154,100.02270364354808,1515.7849349058527,8.853127274437819,Healthy,9899.751958344807
2789,4.794195428070126,38.039538087828284,98.85426280866754,1427.9037180825394,8.193512388775353,Healthy,11674.117378683088
2790,4.6284143048695245,40.88398254929626,97.7135088750224,1460.7048125757826,8.341964154957546,Healthy,10630.774538581405
2791,4.832144515066847,41.7105511646959,95.9317979457879,1489.6059049122089,8.459443784427133,Healthy,9914.298028890635
2792,4.829889107491565,42.976076262011475,106.19518358554357,1487.2419049493583,8.7471599614537,Healthy,10285.390443238255
2793,4.890197509233535,39.09496443321575,103.60339063547164,1421.0333298654214,8.160271513113948,Healthy,9727.8908679174
2794,4.825649556383536,40.519253320027815,101.44560695368273,1478.3628355022195,8.417668967812023,Healthy,9940.432492627182
2795,4.836749692030087,37.85712837297482,99.79086701323035,1489.2828111485571,8.535163781237342,Healthy,9344.582596698263
2796,4.53329253805181,42.25362214968781,103.70816160191323,1501.2944061813341,8.59752571382149,Healthy,10487.473112567479
2797,4.814231012265432,39.20098324076616,96.0739133004465,1506.7914355766409,8.250242327943235,Healthy,10132.1937725039
2798,5.003184719740366,36.737049898251676,96.19714542032419,1503.7728459952828,8.306683680513284,Healthy,10651.257199967496
2799,4.65518369215511,43.87381880132194,96.45146576729451,1549.3204759735197,8.677069435986,Healthy,9345.821360554999
2800,4.6939740226586535,44.373714392428944,97.9130400541239,1458.0032787221373,7.83389196164203,Healthy,10073.699520114753
2801,4.743412262027013,38.61934194773638,100.39379065119253,1523.740646887509,7.878315096341866,Healthy,10103.70219123687
2802,4.6928767651333,35.76019621775032,92.68095451461156,1510.9767717338402,8.61077478990524,Healthy,9758.37559829949
2803,4.466346959045013,39.41728557123108,98.64349594970567,1525.336334856887,8.631571847734673,Healthy,10002.94443945835
2804,4.688719465669498,40.75808240207928,100.63886854573586,1557.998590106854,8.955147938449814,Healthy,9457.111066521398
2805,4.602429672808137,39.034446551499904,101.01552398164709,1471.123194303385,8.853506836421017,Healthy,9917.37159218178
2806,4.816607549974943,39.67304789229248,100.38728450889782,1476.1641561236036,9.018774210520938,Healthy,8502.090396811134
2807,4.6818522729625,37.61581292968493,100.77664061599523,1585.7783817977001,7.787954906096285,Healthy,9178.39442711642
2808,4.6604098096445785,38.63528644733259,96.80661194229069,1451.5414020398862,8.430521832208278,Healthy,10004.342809926538
2809,4.846319950161214,41.122167605894916,100.52842831872236,1485.2652941144147,8.451043904398825,Healthy,9365.346794211602
2810,4.969205312182699,40.160706774044336,99.01163129922124,1539.3750721141655,8.970715748463343,Healthy,9861.655485071338
2811,4.472044087741041,35.91510267888104,100.02472972705033,1483.619597132419,8.550816947818983,Healthy,9179.555055985917
2812,4.905119594627589,37.76658217405565,98.06282284848803,1451.469099850967,8.402287640126735,Healthy,9604.56121846655
2813,4.755585255114748,39.165471265349005,98.65321758766329,1457.3232667088153,8.334700619538426,Healthy,10611.007294193805
2814,4.579488982795324,40.390799268664026,100.47226812088341,1503.4972430598584,8.687539431605432,Healthy,8600.837013901117
2815,4.609837706002235,39.50732208901793,103.4542781662941,1525.7477792002537,8.50254237743125,Healthy,9429.899198569767
2816,4.888904402733261,42.450767208799675,97.25725457757525,1344.5359711673839,8.623060050089247,Healthy,9093.634204522874
2817,5.2006519673778735,38.18386634576363,102.30254385864357,1507.5852556274249,8.665580425000394,Healthy,8814.209331195321
2818,4.787098312968703,37.738748078808,97.73361419040796,1510.581767160951,8.383737788253287,Healthy,9400.36777231015
2819,4.891981422195307,38.712653242057385,95.8358517853616,1529.049620500853,8.77987922420178,Healthy,9087.100764361947
2820,4.495127335717931,35.65030088800169,100.52544743351082,1570.234769243123,8.260211682036704,Healthy,9288.120609010997
2821,4.859640966941705,41.57038081599392,96.06002026604885,1431.6863464923633,8.131316517898801,Healthy,8164.6433502547425
2822,4.763523179352077,38.612900204735865,97.45469088687312,1594.7219803520768,8.19890068042319,Healthy,9809.616450402524
2823,4.932225133722587,40.93288883029196,104.11724719278675,1520.3472232513877,8.954153223697325,Healthy,8739.092257694594
2824,4.660457302293225,40.955614543816274,102.3765557195617,1488.796165292502,8.141705732177625,Healthy,8790.227123028828
2825,4.610933646533945,38.03669092803036,99.08225001881755,1490.722584126627,8.28324533107396,Healthy,8797.446859046095
2826,5.085696820010374,38.10926003214587,97.549189738032,1552.078167350991,8.523667216449876,Healthy,10008.903174299541
2827,4.550524124710765,40.82503490535892,100.22011508974576,1489.933828148557,8.354161070668026,Healthy,8009.911511562335
2828,5.011543075971014,43.6349591297247,99.10204500959227,1534.8288739993745,8.832704443933604,Healthy,8681.909798012719
2829,5.029406339881192,41.978143361166694,102.72062652327843,1539.5509102987605,8.539934932978966,Healthy,8074.805880054808
2830,4.947615049584464,38.13344553295234,102.12999852794152,1530.4612181707778,8.449222321303118,Healthy,8645.151259726803
2831,4.80812022393651,36.997309337337924,101.0149674415173,1561.0423456114995,8.79727390117636,Healthy,8187.400181041447
2832,4.634663121668062,38.06264548015829,100.37923277084195,1524.9217516003325,8.216509713791442,Healthy,8507.83417022943
2833,4.709409512187728,40.764762121090726,94.41724203270888,1640.2115564470112,8.89856628331312,Healthy,8771.103306217105
2834,4.526482031984918,40.5830430576971,98.45803542847445,1480.8457874864482,8.636480771093916,Healthy,8176.677413843348
2835,4.828624280928096,37.82084993842554,102.90238027188666,1406.7629077390834,9.158854323267958,Healthy,7910.390414588046
2836,4.552557084798877,42.26760863229788,96.48406396558275,1457.0646506200662,8.673704931197264,Healthy,8650.794420074986
2837,5.004973941269849,42.11196395416661,98.87587840686163,1431.110744923984,8.68596880633855,Healthy,8040.7300935144785
2838,5.072403514191875,41.17679104331037,102.46422653826781,1429.6830238297596,9.084039196440711,Healthy,8403.405868328698
2839,4.7154183796272955,43.301731137302575,99.28093083102917,1360.35646850747,8.247028324250735,Healthy,7529.901664527986
2840,5.026060008914159,38.52527794688915,98.94406773522049,1421.630896992157,8.699384512023254,Healthy,8019.592060217112
2841,4.703531664842443,39.388326491451174,99.5433396795628,1508.3066878106765,8.092358101082759,Healthy,8759.532694765796
2842,4.96718736309192,39.162777466628256,99.7548056381093,1516.6382098816011,8.63494022862133,Healthy,7954.789025156743
2843,4.922540502706826,41.340000197236705,104.08914376617408,1560.2137001015967,8.27237838231459,Healthy,7437.504284390936
2844,4.799048816389433,40.628194052195184,105.55240520764156,1586.740339228933,8.751226605952239,Healthy,8869.225680493104
2845,4.906570970988739,38.15225385135353,99.47094630208733,1470.1098883125787,8.290862049345032,Healthy,7855.814875028559
2846,4.615220947661453,40.8619270499155,94.5280923026121,1511.5778768893497,8.907514124200722,Healthy,7855.195428315118
2847,4.518772626104827,39.488125161179894,98.06090433974148,1476.425376787324,8.674091625616976,Healthy,8121.459539604494
2848,4.899518378678371,36.64114206043657,102.01103464615471,1524.6404037270158,8.359235991525146,Healthy,7669.193473567101
2849,4.6622095285996155,38.461126772661636,104.5569070037558,1529.3470795112619,8.421898120696419,Healthy,6810.743838991853
2850,4.879010515162833,39.812630668759255,99.93866140978062,1504.2968646047498,8.697702907169983,Healthy,7485.41829000035
2851,4.835888193947939,39.131069951770534,104.60032160517747,1449.5562093709877,8.454457923498454,Healthy,6708.146976089505
2852,4.814069891363456,40.110251868542456,102.66313060492372,1498.742803066015,8.952058671956241,Healthy,8360.765785766145
2853,4.725652265884181,35.02436114553748,97.91901211903856,1505.2597832549807,8.534661691569713,Healthy,7086.941312432653
2854,4.777469555205652,37.42546760231202,103.25483321442455,1528.278929922358,8.520207401368257,Healthy,7574.882088466528
2855,5.031027801241057,40.80489263005892,98.51235841270332,1539.9622507763036,8.79495410358243,Healthy,6958.27473896212
2856,4.470449975660888,39.98729602750411,94.70839699280543,1464.9496444782135,8.737952613674837,Healthy,7204.954111749868
2857,5.083291737426233,38.34994131361145,97.79843723856439,1459.627785204951,8.57155903923012,Healthy,6969.43531731338
2858,4.780423885485464,41.1675804889357,99.56880096788012,1467.3905186836703,8.288198611139583,Healthy,6116.451835841364
2859,5.165735208632596,39.06778544869072,94.04144409316989,1539.1047544628639,8.475175900978616,Healthy,6739.101181502157
2860,4.815551181847924,40.399641554161356,95.49955536150154,1545.0906701183583,8.905713898113824,Healthy,7853.233459907691
2861,4.935273091627439,40.35113946765766,104.45084852738091,1493.7957306569606,8.880793397882439,Healthy,6797.446831627496
2862,5.064555345404546,38.25201449540731,98.15957587044161,1501.9967070066577,9.105725226004788,Healthy,6207.07887156166
2863,4.673637241096992,37.93997946116969,98.22430350470044,1498.8467570338844,8.28803334053579,Healthy,6437.821434021489
2864,4.884740404642112,37.948714450516164,96.552556440942,1477.2671149466105,8.825624896928879,Healthy,6852.086950894565
2865,5.374281735057632,39.532571913138405,98.76372477603864,1497.777042303651,8.645570881490281,Healthy,7347.387391277705
2866,4.91989470635513,41.03795258474377,97.92932981654499,1505.4162091156652,8.671470309863155,Healthy,6950.381597287796
2867,4.901048708431379,41.486984666387045,94.97470886316442,1481.1233806044504,8.805768805872885,Healthy,7339.06571416683
2868,4.856589881742642,39.740166226068574,101.84765231619772,1501.6782964775814,9.272641340039511,Healthy,6481.6954140649395
2869,5.135455750360661,39.31252318596131,101.48954791157696,1478.5427294526805,8.723726682498452,Healthy,6124.98410153517
2870,5.0429629410873344,35.844320431642096,101.06169762262431,1554.73981467548,8.73463395325824,Healthy,7466.24718570494
2871,4.8518549035761,42.19073738891611,99.08942236366251,1566.9639570447514,8.556481389833852,Healthy,6396.522791859557
2872,5.375455942326736,40.45221626744139,96.22995842235358,1601.1878324114068,8.369521804073758,Healthy,6582.6365675464685
2873,4.834610398631065,36.82161933460107,94.33110317302815,1470.0046468022522,8.38150399970769,Healthy,6263.092509280851
2874,4.672135422376945,38.001515801402014,101.11751995472319,1540.3980979171115,9.082919390538683,Healthy,6868.780925734486
2875,4.978043070099067,42.88010380950261,99.11781914939397,1483.722765677926,8.092375486077266,Healthy,5434.67929576454
2876,5.274546827047548,41.8560586475083,103.0707773641359,1485.3639285656934,8.783840040513502,Healthy,5904.644803390468
2877,4.889129719699942,38.45437780375209,97.48387500507611,1466.7701988954016,8.918521658204398,Healthy,6459.746039482306
2878,4.6944749850145655,40.22745732230669,94.5497143261128,1493.9166799987615,9.407864883193362,Healthy,5803.370042809605
2879,4.864730320426302,37.44985681203426,98.00881252625278,1551.8865683187662,8.961233888647795,Healthy,6343.53424754394
2880,4.721130339904959,37.11423838466009,100.82454987086356,1536.370853477677,9.514593829522724,Healthy,5422.455610254851
2881,4.848196447225515,39.53300751612709,102.33753807843371,1453.8523279433375,8.691303617017665,Healthy,5971.554668257675
2882,4.921194263737556,39.45204243744549,95.72757771974672,1484.6098674863372,8.58514687139512,Healthy,5430.329679698176
2883,4.944931554694797,40.382129733014416,99.16343840889773,1494.2415103634366,8.854227950694458,Healthy,6506.641730834045
2884,4.874431090824032,39.15207948640515,104.87344466974098,1542.9382577656233,8.778482173899436,Healthy,6098.474373506611
2885,4.586129366535515,40.03537483165852,99.70106423923797,1428.591597138972,8.811475984308496,Healthy,5503.700693992431
2886,4.64795967297528,40.1850599177725,96.18314114359147,1486.5254633104357,8.81220851514853,Healthy,6175.540784511123
2887,4.945828840492298,41.49550649079058,102.48905598956341,1470.6721340306476,8.523005212594434,Healthy,4947.6702695953045
2888,4.538095660545482,41.953699671827444,100.78022032343463,1484.9108880511494,8.373616578024668,Healthy,4912.658620501568
2889,5.056492471546607,40.52830381187733,96.42075927037267,1361.2685605724282,8.475270201919766,Healthy,5421.932443513596
2890,5.0484718343567385,39.39860223970743,105.51584794521605,1530.7427626791023,8.484116347070078,Healthy,4975.278148995822
2891,4.705400882579118,36.30932013079232,99.64732371823298,1454.4403086341288,8.406454269691324,Healthy,5697.636459705772
2892,4.942292002711234,43.475163756117695,98.80690849115948,1594.540367265184,8.823776600545271,Healthy,4727.655193669002
2893,4.932414528395471,38.224317206667905,99.97237132109613,1478.7746354528924,8.829191918073185,Healthy,5883.162711362394
2894,4.897783801463094,40.076258148425936,104.46341651593927,1531.501172814567,9.172946253242714,Healthy,5194.855302048157
2895,5.132831800533084,37.06224922458959,99.80214955524725,1582.0925177431777,8.30154812834412,Healthy,4902.296251494818
2896,4.551019643740928,40.677150700179475,102.59126461117172,1454.0839833178427,8.45814114482653,Healthy,5216.029484827234
2897,4.897510210215634,39.97098507738248,93.35920441466236,1437.7715970354407,8.816910204974484,Healthy,5962.545799840556
2898,5.045303564803996,39.35730753923313,100.35290509131875,1528.04503955711,8.607006601046217,Healthy,5097.667529290068
2899,4.9143966243564385,37.90963451034942,97.13356166932572,1502.4362417884947,8.656364482120262,Healthy,4456.945501865618
2900,5.461248748792791,41.160574165261835,100.90115266143266,1424.8897726250307,8.828623169215337,Healthy,5163.201023329094
2901,5.084755931247353,40.279365155402694,103.64749845079439,1490.64017981733,8.645287984228288,Healthy,3901.2726252065636
2902,5.193908996773688,41.5455479787441,98.35968151960424,1548.788475017296,9.018578453244428,Healthy,4230.2779133334525
2903,5.236356824164529,39.590431272898044,98.85276092997226,1566.0145269639083,8.917855517031901,Healthy,5142.533085861271
2904,5.0829894689060175,41.89647560504721,105.06651366493216,1548.443835426943,8.71706786740159,Healthy,4861.386892266752
2905,4.898988118764294,39.41890628202253,100.61961552201849,1519.2236822822956,8.821977641634222,Healthy,4471.615829271213
2906,5.173129887835929,42.577227370676006,101.24653845441115,1524.4847571162052,8.582248010913037,Healthy,4276.629167073908
2907,5.065916244444466,38.186280329313696,105.39881908727625,1441.8611513346445,8.34567657674567,Healthy,4082.4161481613023
2908,4.758717500993124,38.128055391416645,98.0419755245335,1511.6881365875533,8.924735576344904,Healthy,5269.808501392302
2909,5.046147063299341,40.438461202028215,102.14158497294468,1524.4235900301942,8.420228033447456,Healthy,4989.251830791791
2910,4.981197208377753,38.996883784978124,96.36444453602182,1468.0544576901077,9.034673977721077,Healthy,4277.791091381503
2911,5.048631452010372,40.28578562694176,101.86117938352075,1518.0355309195272,8.910443133483923,Healthy,4501.859935286736
2912,5.040314199082367,41.05072238668772,101.09204505011365,1517.6378452053616,8.568224287936866,Healthy,5132.230369960591
2913,4.960441800769872,39.81894674691318,102.37528055242855,1509.63457816733,8.975396806454768,Healthy,4852.867574808875
2914,4.801763825101408,32.935362083661616,96.63988541373652,1556.1908952695637,9.045117111866418,Healthy,4491.4392803260425
2915,4.871450039715153,40.2571161218902,96.20947883623474,1474.5881796506017,7.953646020610336,Healthy,3960.4057847842337
2916,4.828070501382077,39.927853385336284,98.14908946893543,1516.8432230791109,9.131558985072987,Healthy,3739.208623853446
2917,4.706697842245742,40.65585612273012,93.80930175185337,1477.4411411708136,9.193200861139362,Healthy,4829.555793589536
2918,4.777014656309556,39.61209110730473,94.83124687164326,1542.6692830257057,8.917626770499528,Healthy,4136.764450033181
2919,5.1411106588996835,38.449732528334025,92.38798735959622,1514.2202495579327,8.411604038291483,Healthy,4289.65693043886
2920,4.74747085471549,42.022587159028014,103.4368943315365,1490.5682791748895,8.972600755569367,Healthy,3131.3355830704368
2921,5.015333516370365,39.13689565292184,98.64629613375807,1514.2888561713767,8.904416594299693,Healthy,3186.4433689204693
2922,4.996247243324265,44.06923150159095,101.66095708831078,1443.2530299080058,9.098377642145202,Healthy,3403.3700489374196
2923,4.716808956763604,39.55383195643524,102.05261509878676,1488.930714852489,8.768175823155204,Healthy,3618.4987093371874
2924,4.497488324372778,42.61393314538801,97.89369037348563,1514.8560676781647,8.83518126370319,Healthy,3643.3438397500054
2925,5.243343690985532,41.910440893332954,98.89789232379209,1494.3898698342673,8.597209094049093,Healthy,3745.667339585535
2926,4.97725806727687,39.81162206475169,100.19196207465478,1492.4147773277368,8.708994926431723,Healthy,3106.904737940336
2927,4.825347971456622,43.359404488606124,91.56601004689534,1464.2791923809884,8.462446593098386,Healthy,3980.067174310848
2928,5.413370490895277,35.65476991485567,100.77707576005392,1453.3257234376745,8.336965871150973,Healthy,4138.019913176109
2929,4.803277884425486,40.84946262587227,102.8933411233804,1554.3339264252388,9.021316085703543,Healthy,3445.6620538401116
2930,5.2070550449225275,38.54608961959769,94.69734952655519,1529.5802352346336,8.561500116243295,Healthy,3237.618632833712
2931,5.182179487054401,41.967408008580996,103.82183475102066,1482.8748377088548,8.48823424184215,Healthy,2651.420113029055
2932,4.7412326274690875,41.58286850167952,97.34445235179861,1485.0495531232496,8.365035186540831,Healthy,3536.763451114556
2933,5.076779839463663,41.09517570045735,100.01636105152011,1598.6123964197545,8.727113233817636,Healthy,2963.8108994811037
2934,5.028186466481812,42.567151496687536,104.54553557935122,1510.819929464948,8.44499913007183,Healthy,3348.1476185329466
2935,4.825072478163105,43.78188553454606,106.07385420605007,1478.9182623272598,8.86234110712853,Healthy,3890.4797500709956
2936,5.100981629310962,41.63576365630412,97.67523265029008,1600.5678188266513,8.705476785378558,Healthy,2677.855941631845
2937,5.38957225803491,35.390013797857456,96.70876652800422,1494.1291484743706,9.750330831465241,Healthy,2703.4725682809662
2938,4.9897049020622966,41.850637165246695,102.36698280490089,1493.133792966425,8.588563503571917,Healthy,3113.387861138431
2939,5.1446450452366665,40.774997692259355,100.76191161302411,1496.4854092316157,8.935060030759278,Healthy,3091.097122355648
2940,4.979955923328759,42.039077758534575,104.47084246156801,1517.6487670394883,8.862942153005028,Healthy,3309.749293644975
2941,5.167714486305206,38.670259100996766,97.86425665847504,1471.844454455681,9.058603677828293,Healthy,2846.523170192287
2942,5.2946083348370285,38.63950298573465,99.13253138425533,1483.1096997559823,9.545704263579317,Healthy,2189.7800593887077
2943,5.403520457747847,40.569437923216434,107.63258642365525,1434.167823892866,8.354543163491,Healthy,2213.8678055488126
2944,4.82479391051858,42.82681484517864,99.6470610086789,1459.1731052116709,8.721227071695967,Healthy,3623.9227577831707
2945,5.377163811933564,44.12975073504234,102.10714780426105,1453.4864172086484,9.121174941968212,Healthy,2071.7208382558883
2946,5.140656306600285,39.46321088267185,95.10190386551548,1464.6652217731614,8.911497092399442,Healthy,2140.7319631566615
2947,5.38746649646891,42.34190049657252,102.9729962874462,1414.4812935313998,9.122717300125041,Healthy,1652.1299236099537
2948,5.264762061138124,40.610666817004734,99.17423583908543,1457.9679888602507,9.345763147886894,Healthy,2074.76318812381
2949,4.809264565715289,43.588527293279206,98.69386758498526,1524.6685133008896,9.270601014106258,Healthy,2186.062730120756
2950,4.806399686295563,39.785742003776676,101.88804365722892,1554.806787848195,8.891701780115602,Healthy,2534.909318354694
2951,4.745382602657608,42.67960183779286,99.87306809894012,1413.4302098916849,8.592922561526125,Healthy,2725.1552828025533
2952,4.753811387035666,39.496295904829736,101.17642024880172,1532.9892809872297,8.659802263178644,Healthy,2547.3205453501087
2953,4.8820651042562,39.28394317258645,99.19079421353916,1474.9600290729725,8.513622557933278,Healthy,1507.4622533110883
2954,4.6624267606377625,41.45976842148754,102.5755238179295,1442.2531978011393,8.95484864385416,Healthy,2535.2420820842744
2955,5.046104133742907,39.02238438914638,103.09292041160572,1515.8450153625902,8.59314411170842,Healthy,2419.2367364480833
2956,4.776934169925041,36.01963102477214,108.18328779702567,1499.8242590262407,8.844324510858534,Healthy,2026.47280265904
2957,4.722166277362519,40.02952968208159,99.05684407316065,1558.6555639247679,8.921203269716974,Healthy,1822.3243599787074
2958,4.796350919577184,41.41571862007443,102.2949627336654,1470.7782663680798,8.873745845467601,Healthy,2495.8200284920613
2959,5.229034410230507,40.38119847513455,93.03544647684868,1454.6107804679239,8.820118697473864,Healthy,2014.3963333811655
2960,5.011395977204841,34.44868666995912,100.77458813472398,1524.211606486659,8.940275537819192,Healthy,1043.413264292802
2961,5.0556034226539355,39.040542807664146,96.99605548367852,1471.3084459188008,8.517300873839385,Healthy,1698.1900017688672
2962,4.960480218323177,37.596311258610044,97.80718855421718,1510.2181175383446,8.09037906930329,Healthy,1566.4980010336462
2963,5.122394704710808,38.869370563306255,100.56267994839942,1532.788296552705,9.456981184447843,Healthy,1529.0334317139304
2964,4.986627399319942,39.5339463422979,100.30269556357675,1421.8157880426252,8.953215300419522,Healthy,1677.6378931864306
2965,4.96495962197175,41.25295002798677,102.33807753706823,1552.3153913080773,9.516001727765667,Healthy,1456.2522319106497
2966,5.173482284277962,37.60743793037365,102.90193803632015,1508.3943339784157,8.63889335185936,Healthy,2041.4373686090426
2967,4.826970533556933,37.80136833431899,97.36036078555334,1542.7993228847936,8.873753283018353,Healthy,2753.613471806206
2968,5.119420153915768,39.04635890146312,98.4155157852807,1511.4502799801605,9.367195117292624,Healthy,1743.870582545432
2969,5.010141410944824,40.91227435133944,98.54303370189433,1525.197145386465,8.960693631015635,Healthy,2030.0758512266386
2970,5.267117335624655,38.283518534374714,102.75195479401356,1438.38858867899,8.677298633892564,Healthy,1485.0311640161522
2971,4.545195863704192,43.6692225146352,101.50642986881931,1457.3605909572857,8.844458006375877,Healthy,2154.545832405476
2972,4.958563810325456,39.110370561538495,100.31594185920567,1522.2704480171994,8.290693655222741,Healthy,603.1618739521641
2973,5.180804106238843,41.64861015610857,102.65530892534348,1516.9110252755243,9.032772569799278,Healthy,1286.1272053754744
2974,5.271482763619285,43.68086520209161,99.9732175577184,1481.570008542177,9.19809844766011,Healthy,1574.527627497607
2975,4.928831929473962,41.32162280347125,98.87952613108968,1473.4483114168056,8.621293099977118,Healthy,588.1605454860594
2976,4.80079519908928,39.29257820033816,104.98508134176224,1559.8516648771065,9.30531802049957,Healthy,1441.1127182483904
2977,4.812946181642333,39.42310626684241,104.36332706592283,1498.7958528258403,8.608132951521135,Healthy,738.1229670190299
2978,4.9013011570061265,39.71731354252008,101.63869623223607,1468.6569377967232,9.765822484116356,Healthy,1198.9186493176774
2979,4.919913537714277,42.155577455251766,97.54176512483347,1585.9589195125745,8.66618026187919,Healthy,1037.787255031772
2980,5.2600796430872085,40.93422373472344,96.39758790325286,1484.9172038443066,8.687876679870582,Healthy,1412.089620666643
2981,4.800843933779201,38.605722947166925,102.20070344876784,1496.9723057335289,8.477873188302746,Healthy,1798.6175121074975
2982,5.287880696633053,38.30654404472334,101.24131367547017,1440.9707194258265,8.756202925788918,Healthy,513.2412761295042
2983,4.984890196996112,40.67451091066891,98.45655356156412,1442.445853396506,8.561511293495451,Healthy,1342.0716887521917
2984,4.768661686851432,33.82071398479445,97.10185631495075,1417.7062333411343,8.95714135472157,Healthy,1332.8870772478072
2985,4.95717411786055,38.81462370181444,100.18681415535822,1498.1713837970506,8.840400170468047,Healthy,495.1173797273316
2986,5.0846200847795755,35.235280597787366,97.71420332332745,1543.9271076278496,8.785880355442751,Healthy,251.8274972135572
2987,5.315292118529516,36.919849488485724,97.94343910563592,1503.4534384524925,8.92430943459432,Healthy,339.01705876338326
2988,5.121440322599965,38.844808770778776,100.78433524992751,1590.3628134536375,8.349264265917707,Healthy,880.0987221637823
2989,5.021819952918183,37.66859408299409,103.29911754369876,1496.190850973588,9.310425632593423,Healthy,1213.7279136756001
2990,5.111247873207888,38.800061333975925,104.81586434249957,1507.6394287428286,9.731541391070515,Healthy,191.19433439941156
2991,5.120727944201601,43.343081291701786,102.60062007772106,1553.6735871903654,9.029571480307235,Healthy,615.362727922875
2992,5.239065987595604,37.32231901241847,98.4452813720175,1541.1801177387658,8.919659404461301,Healthy,3.031107328968517
2993,5.176986771890513,41.62155743611411,105.97325550493586,1533.7398832697406,9.192589797537996,Healthy,804.4979244227532
2994,5.143472800603537,38.94891506744964,98.26411937197105,1528.306043558623,9.148785329410074,Healthy,363.3124805755591
2995,4.840733594811104,41.372733451841306,95.62010522355914,1499.0228125631888,9.195109034897301,Healthy,922.506425579559
2996,4.887555503435364,38.145160572496366,97.95563233154246,1521.3874237480106,8.891939037822798,Healthy,0.0
2997,5.2070953377808475,37.341884917615076,102.76834829265172,1526.9194435498957,9.10744414975426,Healthy,0.0
2998,5.228195948512839,40.80613375623893,104.36286603265918,1557.2750805324595,8.79303774027116,Healthy,0.0
2999,5.209530805712917,38.61021126437224,96.36506447920607,1538.9175970127524,9.184128075639817,Healthy,153.66910990751268
