timestamp,vibration_rms_mm_s,temperature_c,rpm,acoustic_noise_db,bearing_wear_percent,lubricant_quality_percent,failure_risk_score,remaining_useful_life_hours,breakdown_label
2026-01-01 00:00:00,2.124,46.4,1457.1,56.56,0.0,100.0,0.1903,191.66,0
2026-01-01 00:30:00,1.969,44.03,1469.6,55.99,0.0,100.0,0.179,195.0,0
2026-01-01 01:00:00,2.17,43.58,1474.9,55.66,0.0,100.0,0.1849,191.27,0
2026-01-01 01:30:00,2.393,45.07,1502.4,58.67,0.0,100.0,0.1964,195.0,0
2026-01-01 02:00:00,1.957,44.8,1486.4,57.74,0.0,97.81,0.1838,195.0,0
2026-01-01 02:30:00,1.961,44.32,1463.6,58.65,2.43,93.04,0.196,193.98,0
2026-01-01 03:00:00,2.419,46.41,1485.4,59.13,0.0,100.0,0.2007,195.0,0
2026-01-01 03:30:00,2.22,46.91,1460.9,58.51,0.0,97.35,0.1989,193.29,0
2026-01-01 04:00:00,1.915,45.37,1492.4,59.11,3.38,97.23,0.1931,190.15,0
2026-01-01 04:30:00,2.172,47.9,1473.6,58.04,0.0,98.08,0.1986,194.98,0
2026-01-01 05:00:00,1.924,43.21,1478.1,56.38,0.52,100.0,0.1767,194.32,0
2026-01-01 05:30:00,1.928,44.94,1495.0,59.76,1.85,100.0,0.1845,195.0,0
2026-01-01 06:00:00,2.109,44.03,1463.6,57.31,1.3,100.0,0.1871,190.64,0
2026-01-01 06:30:00,1.574,41.99,1462.2,56.8,3.6,98.0,0.1721,192.59,0
2026-01-01 07:00:00,1.625,45.22,1471.9,57.96,2.13,95.81,0.1815,191.02,0
2026-01-01 07:30:00,1.919,45.18,1491.3,56.87,0.0,100.0,0.1801,192.66,0
2026-01-01 08:00:00,1.811,48.15,1460.5,57.63,6.51,100.0,0.2,192.41,0
2026-01-01 08:30:00,2.147,46.59,1444.7,58.79,1.62,98.46,0.198,190.22,0
2026-01-01 09:00:00,1.845,43.64,1473.1,58.81,0.83,92.02,0.1877,194.11,0
2026-01-01 09:30:00,1.723,48.84,1485.1,56.96,3.68,100.0,0.1916,191.94,0
2026-01-01 10:00:00,2.446,47.73,1492.8,57.59,1.96,100.0,0.2098,195.0,0
2026-01-01 10:30:00,2.028,46.61,1472.8,59.95,2.4,94.26,0.2021,190.38,0
2026-01-01 11:00:00,2.105,45.18,1473.3,59.1,7.7,99.5,0.2066,195.0,0
2026-01-01 11:30:00,1.736,43.89,1492.0,61.48,0.85,100.0,0.1726,192.9,0
2026-01-01 12:00:00,1.96,44.97,1455.6,60.15,0.81,98.66,0.1851,195.0,0
2026-01-01 12:30:00,2.128,47.63,1473.3,60.12,1.96,96.46,0.2037,192.16,0
2026-01-01 13:00:00,1.816,49.09,1480.2,56.33,4.41,100.0,0.1973,189.35,0
2026-01-01 13:30:00,2.202,48.5,1483.2,59.58,0.0,97.53,0.202,190.77,0
2026-01-01 14:00:00,1.962,44.87,1471.6,58.37,0.0,94.24,0.1895,187.27,0
2026-01-01 14:30:00,2.043,43.76,1478.1,57.64,0.47,92.5,0.1933,190.97,0
2026-01-01 15:00:00,1.97,46.05,1447.7,58.73,0.0,100.0,0.1841,191.69,0
2026-01-01 15:30:00,2.587,42.64,1469.6,59.91,1.01,100.0,0.1997,191.19,0
2026-01-01 16:00:00,2.125,46.44,1482.9,59.26,3.39,98.77,0.2008,194.91,0
2026-01-01 16:30:00,1.868,45.61,1465.6,57.21,0.0,97.14,0.1837,190.35,0
2026-01-01 17:00:00,2.342,45.07,1478.0,59.66,0.0,96.83,0.1994,184.99,0
2026-01-01 17:30:00,1.835,43.06,1482.6,57.6,2.51,95.14,0.1854,195.0,0
2026-01-01 18:00:00,2.196,46.89,1473.0,58.9,4.56,97.02,0.2099,188.34,0
2026-01-01 18:30:00,1.658,45.03,1479.1,58.14,0.0,91.91,0.1827,193.19,0
2026-01-01 19:00:00,1.82,43.91,1465.4,58.28,4.59,96.02,0.1909,185.65,0
2026-01-01 19:30:00,2.205,40.87,1474.4,59.77,4.64,97.25,0.1951,190.77,0
2026-01-01 20:00:00,2.345,46.02,1484.1,57.08,5.05,99.96,0.2098,187.52,0
2026-01-01 20:30:00,2.207,49.28,1478.6,61.57,5.78,97.97,0.218,181.31,0
2026-01-01 21:00:00,2.139,49.11,1469.6,55.94,8.31,100.0,0.2184,188.8,0
2026-01-01 21:30:00,2.097,45.32,1479.2,57.79,1.98,100.0,0.1916,189.37,0
2026-01-01 22:00:00,1.806,45.09,1485.1,59.26,3.21,100.0,0.184,188.74,0
2026-01-01 22:30:00,2.0,47.04,1451.8,59.6,1.96,99.31,0.1936,190.0,0
2026-01-01 23:00:00,2.069,44.43,1490.2,58.59,3.07,97.89,0.1943,188.33,0
2026-01-01 23:30:00,2.452,46.8,1472.2,58.67,6.97,94.86,0.228,189.22,0
2026-01-02 00:00:00,2.278,47.66,1481.3,59.38,0.0,99.98,0.1989,189.39,0
2026-01-02 00:30:00,1.755,48.52,1490.4,58.44,1.12,100.0,0.1855,188.65,0
2026-01-02 01:00:00,2.281,46.15,1459.5,60.89,6.78,98.69,0.2141,188.12,0
2026-01-02 01:30:00,2.108,45.99,1467.4,60.08,5.95,100.0,0.2036,185.82,0
2026-01-02 02:00:00,2.039,44.81,1472.4,60.14,2.56,92.99,0.2003,190.16,0
2026-01-02 02:30:00,2.365,44.93,1466.4,57.4,5.67,94.06,0.2182,187.4,0
2026-01-02 03:00:00,2.474,46.03,1496.5,58.75,4.46,100.0,0.2128,187.03,0
2026-01-02 03:30:00,2.453,47.13,1465.3,58.43,7.42,98.22,0.2249,189.53,0
2026-01-02 04:00:00,2.014,48.14,1468.9,57.39,3.92,100.0,0.2007,188.5,0
2026-01-02 04:30:00,2.151,45.08,1477.9,59.45,6.37,97.29,0.2079,185.64,0
2026-01-02 05:00:00,2.315,49.23,1460.9,58.12,10.47,94.69,0.2383,191.36,0
2026-01-02 05:30:00,2.48,46.09,1470.5,59.93,5.43,96.6,0.2207,183.91,0
2026-01-02 06:00:00,2.12,46.56,1479.0,57.36,4.13,92.6,0.212,184.26,0
2026-01-02 06:30:00,2.198,45.28,1471.1,61.56,5.88,93.77,0.2142,189.23,0
2026-01-02 07:00:00,1.972,42.29,1473.9,57.65,3.22,100.0,0.1828,192.35,0
2026-01-02 07:30:00,1.953,48.27,1468.6,59.34,10.17,99.68,0.215,185.24,0
2026-01-02 08:00:00,2.459,48.03,1456.7,60.21,4.72,98.1,0.2208,188.08,0
2026-01-02 08:30:00,2.599,46.23,1478.7,58.18,3.65,91.8,0.228,183.14,0
2026-01-02 09:00:00,2.246,46.88,1495.8,60.34,2.31,95.84,0.2078,183.8,0
2026-01-02 09:30:00,2.519,47.72,1474.9,57.23,7.21,93.2,0.2357,189.86,0
2026-01-02 10:00:00,2.363,44.0,1477.3,61.27,6.7,100.0,0.2095,187.43,0
2026-01-02 10:30:00,2.115,45.89,1482.8,59.13,3.36,95.03,0.2046,189.7,0
2026-01-02 11:00:00,2.371,48.3,1459.2,58.23,6.11,93.47,0.2288,189.34,0
2026-01-02 11:30:00,2.669,44.64,1494.7,58.69,0.97,96.77,0.2122,179.68,0
2026-01-02 12:00:00,2.279,47.45,1476.7,60.37,5.27,94.72,0.2195,182.24,0
2026-01-02 12:30:00,2.683,44.51,1493.7,58.29,6.0,100.0,0.2202,186.52,0
2026-01-02 13:00:00,1.641,47.81,1465.3,58.06,9.2,94.34,0.2085,180.48,0
2026-01-02 13:30:00,2.506,46.94,1495.8,58.87,3.08,92.3,0.2243,182.28,0
2026-01-02 14:00:00,2.326,44.12,1483.2,57.45,1.87,89.99,0.2114,189.6,0
2026-01-02 14:30:00,2.233,49.15,1480.5,61.96,2.9,96.31,0.2138,183.56,0
2026-01-02 15:00:00,2.335,45.76,1476.6,58.4,1.86,94.67,0.2088,187.19,0
2026-01-02 15:30:00,1.819,45.65,1470.7,60.51,8.61,92.02,0.2113,184.85,0
2026-01-02 16:00:00,2.265,47.5,1488.0,59.6,9.21,99.83,0.2213,182.77,0
2026-01-02 16:30:00,2.413,49.23,1475.2,57.82,6.2,98.22,0.2257,179.69,0
2026-01-02 17:00:00,2.698,45.36,1449.8,59.3,8.52,96.09,0.235,185.25,0
2026-01-02 17:30:00,2.203,47.33,1459.9,60.5,5.87,100.0,0.2101,188.79,0
2026-01-02 18:00:00,2.134,48.01,1471.0,59.06,5.37,98.06,0.211,182.34,0
2026-01-02 18:30:00,2.215,48.52,1476.9,61.15,4.84,93.56,0.2206,184.38,0
2026-01-02 19:00:00,2.573,47.61,1472.4,60.91,4.96,92.87,0.2322,179.48,0
2026-01-02 19:30:00,2.43,46.66,1487.7,60.77,1.93,98.39,0.209,181.9,0
2026-01-02 20:00:00,2.22,45.86,1449.5,58.72,6.53,97.08,0.213,184.81,0
2026-01-02 20:30:00,2.485,47.53,1474.6,57.81,5.84,96.35,0.2258,185.89,0
2026-01-02 21:00:00,2.385,45.47,1451.0,58.52,7.87,93.26,0.2269,185.2,0
2026-01-02 21:30:00,2.606,42.17,1481.8,59.75,6.3,97.57,0.216,177.31,0
2026-01-02 22:00:00,2.193,48.24,1471.5,60.29,5.73,93.44,0.2215,181.91,0
2026-01-02 22:30:00,2.29,49.11,1477.6,56.23,4.03,95.35,0.22,180.25,0
2026-01-02 23:00:00,2.278,43.26,1462.1,59.49,6.45,99.95,0.2041,182.1,0
2026-01-02 23:30:00,2.014,45.72,1487.7,59.76,8.18,93.58,0.2149,182.56,0
2026-01-03 00:00:00,2.458,48.68,1484.8,59.12,3.55,90.8,0.2304,185.97,0
2026-01-03 00:30:00,2.454,51.29,1479.2,61.49,6.69,92.31,0.2424,183.53,0
2026-01-03 01:00:00,2.394,47.65,1470.6,60.2,7.12,98.41,0.2231,186.77,0
2026-01-03 01:30:00,2.338,46.33,1479.0,61.55,4.81,96.14,0.2155,180.29,0
2026-01-03 02:00:00,2.046,47.34,1463.5,59.28,5.2,94.94,0.2106,178.01,0
2026-01-03 02:30:00,2.299,50.17,1482.2,61.02,7.31,93.76,0.2335,186.5,0
2026-01-03 03:00:00,2.323,46.56,1491.6,62.09,3.97,96.69,0.2126,183.3,0
2026-01-03 03:30:00,2.212,46.31,1484.6,61.62,7.75,92.64,0.2236,179.65,0
2026-01-03 04:00:00,2.376,46.91,1462.9,58.03,4.7,96.06,0.2181,183.06,0
2026-01-03 04:30:00,2.521,46.09,1475.9,59.3,9.66,92.9,0.2383,184.13,0
2026-01-03 05:00:00,2.896,48.05,1456.0,59.18,12.92,92.36,0.2652,181.85,0
2026-01-03 05:30:00,2.472,50.78,1478.3,60.45,4.99,93.09,0.2363,179.18,0
2026-01-03 06:00:00,2.497,48.46,1476.8,60.76,8.54,93.83,0.2391,179.92,0
2026-01-03 06:30:00,2.418,47.45,1448.8,58.49,5.45,94.76,0.2247,181.98,0
2026-01-03 07:00:00,1.961,47.41,1457.3,59.86,9.94,95.57,0.2186,181.58,0
2026-01-03 07:30:00,2.438,45.15,1467.7,56.75,4.24,83.75,0.2332,184.49,0
2026-01-03 08:00:00,2.463,49.58,1467.4,61.96,8.67,92.35,0.2433,179.9,0
2026-01-03 08:30:00,3.068,47.88,1456.4,59.04,5.36,93.55,0.2501,177.71,0
2026-01-03 09:00:00,2.408,47.72,1475.5,59.91,7.09,99.19,0.2225,188.21,0
2026-01-03 09:30:00,2.536,53.82,1473.8,59.38,5.09,91.39,0.2489,180.87,0
2026-01-03 10:00:00,2.456,48.63,1468.4,61.58,9.79,95.07,0.2394,182.72,0
2026-01-03 10:30:00,2.176,46.77,1461.6,55.62,5.71,99.02,0.2088,181.66,0
2026-01-03 11:00:00,2.758,47.38,1483.1,59.86,9.25,90.55,0.2523,180.52,0
2026-01-03 11:30:00,2.664,50.24,1490.3,59.75,7.08,95.62,0.2431,179.15,0
2026-01-03 12:00:00,2.678,48.41,1464.6,59.24,7.72,91.99,0.2461,171.3,0
2026-01-03 12:30:00,2.257,45.64,1463.0,62.53,8.44,92.84,0.2249,176.39,0
2026-01-03 13:00:00,2.839,49.91,1476.1,58.62,6.23,91.89,0.2519,180.44,0
2026-01-03 13:30:00,2.142,47.08,1465.9,61.13,8.73,92.06,0.2264,171.17,0
2026-01-03 14:00:00,2.643,51.68,1468.4,60.52,12.1,100.0,0.252,179.41,0
2026-01-03 14:30:00,3.048,50.28,1478.9,61.89,6.39,96.7,0.2533,181.06,0
2026-01-03 15:00:00,2.257,47.56,1447.0,59.02,11.34,97.42,0.2301,181.45,0
2026-01-03 15:30:00,2.367,50.69,1485.7,58.93,12.22,95.55,0.2468,180.61,0
2026-01-03 16:00:00,2.537,48.54,1470.6,61.69,6.5,89.2,0.2426,181.57,0
2026-01-03 16:30:00,2.39,49.98,1464.7,60.7,4.97,95.16,0.2283,183.38,0
2026-01-03 17:00:00,2.133,49.34,1468.5,57.76,9.43,97.15,0.2258,181.72,0
2026-01-03 17:30:00,2.541,46.97,1469.1,59.29,7.37,91.32,0.2378,178.9,0
2026-01-03 18:00:00,2.263,47.36,1448.7,60.69,13.48,96.73,0.2362,177.78,0
2026-01-03 18:30:00,2.651,50.4,1487.3,61.39,8.96,95.9,0.2473,178.4,0
2026-01-03 19:00:00,2.307,47.97,1469.8,59.13,6.93,99.3,0.219,177.1,0
2026-01-03 19:30:00,2.928,47.88,1474.5,55.79,6.14,92.44,0.2488,181.15,0
2026-01-03 20:00:00,2.349,46.91,1480.5,60.96,11.8,90.36,0.2434,179.39,0
2026-01-03 20:30:00,2.468,49.42,1456.8,58.36,7.71,92.52,0.2404,176.4,0
2026-01-03 21:00:00,2.756,52.39,1474.6,57.18,9.32,97.86,0.2539,181.39,0
2026-01-03 21:30:00,2.249,46.79,1465.7,55.98,11.66,88.02,0.2428,176.41,0
2026-01-03 22:00:00,2.617,48.78,1479.0,61.46,8.13,87.26,0.253,174.32,0
2026-01-03 22:30:00,2.891,51.3,1443.2,60.45,9.29,93.68,0.2622,177.0,0
2026-01-03 23:00:00,2.167,48.65,1467.4,59.94,9.43,92.04,0.233,174.43,0
2026-01-03 23:30:00,2.619,49.63,1461.3,62.37,11.25,93.35,0.2538,179.59,0
2026-01-04 00:00:00,2.641,46.93,1473.7,61.26,11.08,96.11,0.2433,174.12,0
2026-01-04 00:30:00,2.776,49.64,1474.0,62.75,9.12,91.57,0.2567,176.18,0
2026-01-04 01:00:00,2.275,48.56,1459.8,58.25,9.9,87.56,0.2444,179.22,0
2026-01-04 01:30:00,2.258,50.7,1459.7,60.3,8.88,99.27,0.2291,174.13,0
2026-01-04 02:00:00,2.723,51.09,1466.8,57.94,6.18,90.1,0.2533,177.38,0
2026-01-04 02:30:00,2.671,53.64,1457.3,60.04,10.58,89.86,0.2692,173.09,0
2026-01-04 03:00:00,2.663,50.05,1478.1,60.03,14.74,96.31,0.2607,176.62,0
2026-01-04 03:30:00,2.691,49.62,1463.5,61.36,7.86,91.8,0.2502,177.46,0
2026-01-04 04:00:00,2.438,49.41,1432.9,60.5,8.21,92.71,0.2403,175.51,0
2026-01-04 04:30:00,2.67,48.45,1463.3,61.38,8.03,94.3,0.2432,175.61,0
2026-01-04 05:00:00,2.69,49.72,1455.2,61.52,12.08,96.06,0.2546,176.71,0
2026-01-04 05:30:00,2.442,48.6,1448.0,63.71,11.46,91.76,0.248,174.41,0
2026-01-04 06:00:00,3.091,49.47,1452.7,60.02,10.01,97.27,0.261,177.79,0
2026-01-04 06:30:00,2.747,51.56,1468.7,59.1,8.18,86.26,0.2661,179.11,0
2026-01-04 07:00:00,2.335,47.4,1483.3,60.9,10.77,94.9,0.2348,172.09,0
2026-01-04 07:30:00,2.801,51.29,1471.0,59.34,6.7,90.06,0.2579,180.04,0
2026-01-04 08:00:00,2.397,51.64,1459.9,62.78,11.03,96.65,0.2456,173.7,0
2026-01-04 08:30:00,2.841,49.08,1472.6,60.15,12.92,92.91,0.2651,180.47,0
2026-01-04 09:00:00,2.938,45.5,1461.5,59.75,7.68,90.42,0.2502,173.49,0
2026-01-04 09:30:00,2.447,48.26,1458.6,59.9,7.04,94.38,0.2323,176.35,0
2026-01-04 10:00:00,2.897,51.71,1453.0,61.7,14.89,95.02,0.2754,176.21,0
2026-01-04 10:30:00,2.764,49.36,1445.8,60.41,9.48,94.22,0.2525,172.81,0
2026-01-04 11:00:00,2.87,47.63,1462.0,59.7,13.91,89.16,0.2706,174.07,0
2026-01-04 11:30:00,3.143,48.55,1468.5,63.17,10.76,90.75,0.2721,178.04,0
2026-01-04 12:00:00,2.611,51.0,1465.4,59.41,10.8,92.14,0.2577,172.63,0
2026-01-04 12:30:00,2.488,50.49,1461.5,60.76,12.37,91.98,0.2563,172.21,0
2026-01-04 13:00:00,2.458,49.11,1455.0,61.7,9.13,94.31,0.2402,169.88,0
2026-01-04 13:30:00,2.481,48.9,1473.6,58.29,11.74,85.97,0.2595,177.91,0
2026-01-04 14:00:00,2.669,48.88,1450.4,61.47,10.52,92.97,0.2525,171.64,0
2026-01-04 14:30:00,2.778,47.96,1475.5,59.19,8.24,91.05,0.2511,176.56,0
2026-01-04 15:00:00,2.766,52.55,1454.0,62.02,12.45,89.36,0.2753,171.03,0
2026-01-04 15:30:00,2.907,49.09,1457.0,59.36,11.02,89.6,0.2676,176.21,0
2026-01-04 16:00:00,2.708,51.89,1448.3,61.86,11.35,91.14,0.2662,174.99,0
2026-01-04 16:30:00,3.072,52.46,1459.8,62.49,8.78,80.93,0.2892,171.76,0
2026-01-04 17:00:00,2.646,51.55,1477.5,62.14,15.85,89.58,0.2767,170.12,0
2026-01-04 17:30:00,3.397,49.0,1471.9,61.24,14.13,89.01,0.2932,170.23,0
2026-01-04 18:00:00,2.877,50.53,1477.3,60.53,14.42,93.19,0.2733,170.07,0
2026-01-04 18:30:00,2.51,49.79,1471.8,60.03,11.31,89.13,0.2569,175.13,0
2026-01-04 19:00:00,2.461,48.23,1452.2,63.12,7.82,90.86,0.24,172.29,0
2026-01-04 19:30:00,2.853,50.47,1461.4,59.88,17.09,96.08,0.2746,168.34,0
2026-01-04 20:00:00,2.681,47.79,1455.9,59.39,12.12,94.39,0.252,170.8,0
2026-01-04 20:30:00,2.919,52.07,1481.2,61.96,10.47,94.07,0.2674,171.03,0
2026-01-04 21:00:00,2.863,49.13,1450.7,59.78,13.45,89.81,0.2719,164.88,0
2026-01-04 21:30:00,2.73,50.35,1475.8,59.57,15.39,92.9,0.2706,170.58,0
2026-01-04 22:00:00,2.541,50.53,1475.7,58.84,12.48,90.52,0.2607,173.21,0
2026-01-04 22:30:00,2.378,49.58,1486.8,60.3,15.8,90.59,0.2608,170.51,0
2026-01-04 23:00:00,2.649,51.13,1459.9,60.92,15.38,92.36,0.2704,171.55,0
2026-01-04 23:30:00,2.979,49.24,1473.3,61.42,10.05,89.29,0.2685,172.12,0
2026-01-05 00:00:00,2.822,51.69,1492.0,62.5,11.12,95.51,0.2625,169.51,0
2026-01-05 00:30:00,2.461,47.73,1457.1,61.88,15.27,90.51,0.2579,172.6,0
2026-01-05 01:00:00,2.82,50.4,1446.0,60.82,6.16,92.8,0.2509,174.65,0
2026-01-05 01:30:00,2.877,53.69,1441.8,60.82,12.64,95.26,0.2736,165.58,0
2026-01-05 02:00:00,2.564,48.43,1472.9,61.9,9.5,93.94,0.2436,168.99,0
2026-01-05 02:30:00,2.827,49.04,1441.6,63.06,11.95,86.57,0.2716,176.89,0
2026-01-05 03:00:00,2.807,51.21,1459.7,61.36,12.46,92.09,0.2693,170.28,0
2026-01-05 03:30:00,2.511,50.63,1469.3,60.48,12.38,93.26,0.2555,169.54,0
2026-01-05 04:00:00,2.89,50.97,1466.2,59.71,11.96,93.34,0.2685,168.74,0
2026-01-05 04:30:00,2.945,51.24,1469.0,59.05,10.67,87.27,0.2769,173.21,0
2026-01-05 05:00:00,3.079,51.53,1466.5,62.23,19.21,88.6,0.3017,166.44,0
2026-01-05 05:30:00,3.076,52.41,1479.1,62.12,18.21,93.5,0.294,171.91,0
2026-01-05 06:00:00,2.472,51.18,1452.2,62.13,10.7,88.19,0.259,168.18,0
2026-01-05 06:30:00,2.586,50.04,1455.5,61.09,17.63,89.53,0.2754,166.63,0
2026-01-05 07:00:00,2.953,51.71,1454.2,63.41,12.74,95.11,0.2718,168.06,0
2026-01-05 07:30:00,2.957,53.94,1473.4,60.59,14.13,90.19,0.2884,168.49,0
2026-01-05 08:00:00,2.961,50.31,1474.2,62.76,13.72,88.11,0.2816,167.0,0
2026-01-05 08:30:00,3.8,48.82,1468.7,61.29,12.29,87.61,0.3044,171.71,0
2026-01-05 09:00:00,2.983,52.6,1477.4,60.45,16.47,91.19,0.2903,166.02,0
2026-01-05 09:30:00,3.128,50.41,1449.0,62.27,14.39,86.15,0.2923,168.53,0
2026-01-05 10:00:00,3.087,46.75,1483.0,62.01,12.95,89.36,0.2733,169.6,0
2026-01-05 10:30:00,3.015,52.21,1481.2,61.95,10.95,91.05,0.2769,168.25,0
2026-01-05 11:00:00,2.778,49.75,1471.7,61.55,12.04,93.9,0.2608,170.05,0
2026-01-05 11:30:00,3.05,50.57,1484.2,61.39,10.24,91.96,0.2709,166.3,0
2026-01-05 12:00:00,2.671,51.36,1442.8,65.04,14.44,87.77,0.2763,169.35,0
2026-01-05 12:30:00,2.809,51.13,1456.3,63.25,11.48,93.4,0.2648,169.31,0
2026-01-05 13:00:00,2.751,52.09,1453.7,62.57,13.88,88.92,0.2778,170.13,0
2026-01-05 13:30:00,2.897,50.06,1471.1,61.67,18.03,86.07,0.2925,161.44,0
2026-01-05 14:00:00,3.459,51.79,1449.8,63.03,17.67,89.21,0.3109,168.5,0
2026-01-05 14:30:00,2.418,50.43,1471.4,62.32,14.66,93.99,0.2564,169.54,0
2026-01-05 15:00:00,3.06,52.25,1478.7,61.59,14.59,90.13,0.289,165.48,0
2026-01-05 15:30:00,2.489,52.06,1470.5,61.12,19.58,89.62,0.2818,164.94,0
2026-01-05 16:00:00,2.779,49.29,1465.5,61.47,16.25,94.45,0.2694,164.35,0
2026-01-05 16:30:00,3.173,52.96,1450.1,56.85,14.19,85.2,0.3011,163.23,0
2026-01-05 17:00:00,2.921,50.07,1451.7,61.93,11.51,85.59,0.2778,168.2,0
2026-01-05 17:30:00,2.639,52.51,1476.8,60.9,16.13,84.55,0.2871,172.92,0
2026-01-05 18:00:00,2.734,51.75,1471.1,64.04,17.28,90.47,0.2825,164.28,0
2026-01-05 18:30:00,3.087,54.42,1461.2,61.7,13.7,89.81,0.2936,164.42,0
2026-01-05 19:00:00,2.738,50.74,1456.6,59.9,16.07,93.89,0.272,165.74,0
2026-01-05 19:30:00,2.979,50.54,1437.2,61.62,14.5,89.94,0.2819,160.76,0
2026-01-05 20:00:00,2.94,51.16,1448.6,60.15,15.02,87.95,0.2864,163.35,0
2026-01-05 20:30:00,2.77,50.67,1484.3,62.44,9.32,89.12,0.2632,165.14,0
2026-01-05 21:00:00,3.473,52.68,1445.9,62.18,15.06,89.43,0.3068,162.5,0
2026-01-05 21:30:00,3.099,48.36,1463.5,63.2,18.1,84.01,0.2986,168.65,0
2026-01-05 22:00:00,2.438,49.4,1473.2,60.59,14.17,97.11,0.2486,161.05,0
2026-01-05 22:30:00,2.995,49.4,1446.0,61.85,15.94,90.49,0.2825,167.5,0
2026-01-05 23:00:00,2.787,53.06,1463.2,59.76,13.99,89.52,0.2809,169.08,0
2026-01-05 23:30:00,3.17,54.46,1472.1,62.88,16.85,90.68,0.3032,165.69,0
2026-01-06 00:00:00,2.763,51.22,1460.9,62.62,15.47,90.92,0.277,164.01,0
2026-01-06 00:30:00,2.936,51.13,1495.1,62.6,13.73,88.32,0.2824,165.03,0
2026-01-06 01:00:00,3.095,51.58,1440.6,61.88,19.48,86.81,0.3058,162.84,0
2026-01-06 01:30:00,3.189,53.58,1473.3,62.51,18.53,90.45,0.3062,157.93,0
2026-01-06 02:00:00,2.677,49.84,1458.4,64.31,14.77,89.76,0.2706,160.97,0
2026-01-06 02:30:00,2.897,51.97,1469.6,61.49,17.59,86.13,0.2961,163.75,0
2026-01-06 03:00:00,2.866,53.32,1465.6,62.15,17.75,92.77,0.2888,160.83,0
2026-01-06 03:30:00,2.825,52.49,1451.4,60.33,18.08,89.35,0.2913,162.29,0
2026-01-06 04:00:00,3.434,51.96,1462.9,60.67,12.31,90.61,0.2949,164.84,0
2026-01-06 04:30:00,3.098,53.45,1437.8,62.13,19.13,92.55,0.301,163.71,0
2026-01-06 05:00:00,2.685,46.81,1467.2,63.66,15.25,88.39,0.2666,166.32,0
2026-01-06 05:30:00,3.234,52.92,1463.5,61.63,15.85,89.23,0.3013,163.9,0
2026-01-06 06:00:00,3.539,50.55,1467.5,61.68,23.41,90.66,0.3228,163.95,0
2026-01-06 06:30:00,3.271,48.46,1472.4,61.44,17.63,86.01,0.3007,160.63,0
2026-01-06 07:00:00,2.637,52.7,1464.1,61.26,15.98,88.3,0.2815,158.64,0
2026-01-06 07:30:00,2.9,54.28,1461.4,62.53,11.5,88.47,0.2832,161.27,0
2026-01-06 08:00:00,3.341,51.58,1448.9,59.85,20.55,85.18,0.3195,160.2,0
2026-01-06 08:30:00,2.852,53.57,1450.9,64.04,13.78,94.95,0.2758,161.75,0
2026-01-06 09:00:00,3.144,54.79,1473.6,61.13,14.7,83.73,0.3082,158.93,0
2026-01-06 09:30:00,3.23,54.28,1476.5,63.23,16.45,84.01,0.3139,164.53,0
2026-01-06 10:00:00,2.809,54.89,1456.3,60.26,20.89,91.8,0.3001,159.68,0
2026-01-06 10:30:00,3.03,53.3,1459.7,63.18,19.34,89.95,0.3027,160.65,0
2026-01-06 11:00:00,2.238,52.13,1448.2,63.2,17.08,84.69,0.2743,161.56,0
2026-01-06 11:30:00,2.797,49.13,1473.0,62.79,18.32,89.54,0.2822,164.86,0
2026-01-06 12:00:00,2.994,51.6,1466.9,60.74,16.11,92.08,0.2859,166.64,0
2026-01-06 12:30:00,2.749,50.55,1482.1,62.62,18.03,87.53,0.2864,166.72,0
2026-01-06 13:00:00,3.473,56.01,1448.2,60.48,17.93,95.37,0.3133,157.26,0
2026-01-06 13:30:00,2.711,51.81,1454.1,61.9,20.23,82.36,0.3015,159.86,0
2026-01-06 14:00:00,2.963,52.37,1461.3,63.83,20.3,89.57,0.301,159.16,0
2026-01-06 14:30:00,3.109,53.17,1466.2,63.5,19.18,90.94,0.3033,161.84,0
2026-01-06 15:00:00,3.441,52.28,1455.8,62.35,17.11,90.07,0.3088,161.52,0
2026-01-06 15:30:00,2.726,55.28,1447.8,60.88,19.93,86.73,0.3033,158.72,0
2026-01-06 16:00:00,3.38,51.14,1468.8,63.32,17.92,86.43,0.3113,158.36,0
2026-01-06 16:30:00,3.095,52.64,1466.8,62.4,15.51,88.58,0.2958,157.22,0
2026-01-06 17:00:00,2.851,50.98,1447.1,58.91,17.27,89.65,0.2859,152.12,0
2026-01-06 17:30:00,3.216,49.96,1474.3,63.58,18.56,88.97,0.3004,156.07,0
2026-01-06 18:00:00,3.155,51.26,1471.9,62.38,20.69,90.23,0.3049,162.43,0
2026-01-06 18:30:00,2.959,52.32,1459.4,64.24,18.02,84.01,0.3034,164.1,0
2026-01-06 19:00:00,3.13,51.65,1458.7,60.81,15.52,86.33,0.298,163.62,0
2026-01-06 19:30:00,3.02,51.2,1464.3,57.7,18.75,84.15,0.3044,162.18,0
2026-01-06 20:00:00,3.149,49.94,1447.2,62.9,18.96,85.77,0.3038,156.29,0
2026-01-06 20:30:00,3.29,52.35,1457.9,62.94,19.21,89.92,0.3092,155.65,0
2026-01-06 21:00:00,3.525,49.82,1431.6,59.98,21.11,87.16,0.32,153.63,0
2026-01-06 21:30:00,2.823,53.92,1467.9,61.06,21.43,94.61,0.2953,157.19,0
2026-01-06 22:00:00,3.67,52.73,1438.5,66.68,17.46,87.32,0.3229,159.07,0
2026-01-06 22:30:00,2.653,49.98,1475.2,62.1,17.47,86.87,0.2812,155.66,0
2026-01-06 23:00:00,3.107,52.08,1453.1,63.68,16.48,86.96,0.2997,159.85,0
2026-01-06 23:30:00,3.296,51.3,1454.5,61.62,20.89,84.68,0.3188,160.39,0
2026-01-07 00:00:00,3.223,53.26,1449.4,59.48,22.83,86.38,0.3235,156.88,0
2026-01-07 00:30:00,3.001,55.12,1453.4,62.37,18.49,89.89,0.3042,154.16,0
2026-01-07 01:00:00,3.109,49.36,1473.8,62.24,18.74,86.8,0.2989,162.19,0
2026-01-07 01:30:00,3.042,52.97,1426.9,62.06,23.08,84.03,0.3205,158.03,0
2026-01-07 02:00:00,3.021,52.5,1471.9,62.5,20.74,83.59,0.3135,163.62,0
2026-01-07 02:30:00,3.385,54.03,1460.6,63.09,20.64,84.97,0.3277,157.94,0
2026-01-07 03:00:00,3.266,53.23,1442.0,62.48,16.64,86.49,0.3092,158.03,0
2026-01-07 03:30:00,3.008,51.52,1443.5,60.83,21.38,89.8,0.3028,154.52,0
2026-01-07 04:00:00,3.41,52.32,1476.4,63.47,17.42,82.16,0.3205,156.01,0
2026-01-07 04:30:00,3.266,51.49,1444.9,59.83,16.98,85.17,0.3077,152.48,0
2026-01-07 05:00:00,3.396,54.89,1442.3,59.7,19.01,86.52,0.3238,153.0,0
2026-01-07 05:30:00,3.354,53.02,1469.7,63.9,18.48,80.54,0.3253,159.13,0
2026-01-07 06:00:00,2.994,56.43,1460.0,63.56,19.46,83.49,0.3193,155.93,0
2026-01-07 06:30:00,3.065,52.92,1444.6,62.73,16.48,83.9,0.3049,155.38,0
2026-01-07 07:00:00,3.396,51.78,1458.4,60.74,22.54,83.51,0.3294,154.3,0
2026-01-07 07:30:00,3.365,50.36,1443.4,61.79,23.03,86.43,0.3216,155.24,0
2026-01-07 08:00:00,3.212,49.87,1468.9,62.47,15.41,85.32,0.2976,159.66,0
2026-01-07 08:30:00,3.25,50.29,1468.3,60.49,22.79,84.09,0.3203,156.57,0
2026-01-07 09:00:00,3.544,53.65,1461.9,61.79,18.39,86.99,0.3236,152.47,0
2026-01-07 09:30:00,3.081,54.11,1459.8,63.89,22.62,90.83,0.3134,158.97,0
2026-01-07 10:00:00,3.37,50.37,1476.5,65.07,20.38,90.53,0.309,160.93,0
2026-01-07 10:30:00,3.186,54.86,1455.3,62.32,20.69,79.8,0.3307,157.11,0
2026-01-07 11:00:00,3.186,52.4,1441.0,64.1,20.22,87.25,0.3122,158.17,0
2026-01-07 11:30:00,3.52,53.56,1460.5,60.11,23.78,84.94,0.3391,159.04,0
2026-01-07 12:00:00,3.455,56.23,1480.1,63.98,17.71,85.9,0.3269,150.28,0
2026-01-07 12:30:00,3.456,54.97,1442.8,61.81,22.4,84.19,0.3381,160.71,0
2026-01-07 13:00:00,3.583,52.9,1450.5,63.49,23.7,85.69,0.3384,158.29,0
2026-01-07 13:30:00,3.266,51.8,1459.8,62.67,22.8,85.74,0.3222,156.33,0
2026-01-07 14:00:00,3.435,49.56,1454.1,65.04,26.89,83.51,0.3361,154.36,0
2026-01-07 14:30:00,3.191,52.16,1442.8,61.76,19.83,82.51,0.3179,150.6,0
2026-01-07 15:00:00,3.354,53.11,1468.0,64.03,23.61,83.8,0.3335,153.49,0
2026-01-07 15:30:00,3.244,51.74,1482.3,62.69,21.02,85.81,0.3167,155.7,0
2026-01-07 16:00:00,3.305,53.3,1456.7,62.89,24.43,86.85,0.3297,150.91,0
2026-01-07 16:30:00,3.434,53.7,1443.5,62.86,21.4,87.57,0.3266,153.89,0
2026-01-07 17:00:00,3.084,53.19,1435.6,61.89,20.51,83.48,0.317,150.42,0
2026-01-07 17:30:00,3.816,52.45,1457.2,63.15,24.81,85.77,0.3481,152.69,0
2026-01-07 18:00:00,3.045,53.95,1467.3,63.09,20.39,87.76,0.3108,149.66,0
2026-01-07 18:30:00,2.997,54.47,1459.7,63.57,18.15,88.32,0.304,149.22,0
2026-01-07 19:00:00,3.594,51.74,1453.9,63.35,20.46,84.6,0.3294,154.48,0
2026-01-07 19:30:00,3.507,56.27,1446.8,64.43,23.36,84.07,0.3457,151.59,0
2026-01-07 20:00:00,3.469,53.58,1440.6,64.64,25.36,85.26,0.3409,151.75,0
2026-01-07 20:30:00,3.474,53.81,1463.7,61.69,22.23,81.19,0.3399,151.18,0
2026-01-07 21:00:00,3.318,55.08,1464.5,64.59,25.31,84.01,0.3411,161.12,0
2026-01-07 21:30:00,3.101,54.25,1435.0,61.52,18.69,86.78,0.3107,154.65,0
2026-01-07 22:00:00,3.348,55.57,1472.5,64.2,21.04,86.42,0.3291,154.84,0
2026-01-07 22:30:00,3.164,54.4,1460.2,64.26,21.49,83.64,0.325,150.24,0
2026-01-07 23:00:00,3.581,52.81,1470.1,60.48,22.0,85.06,0.3348,153.96,0
2026-01-07 23:30:00,3.304,54.59,1437.1,63.5,22.56,81.88,0.3357,151.63,0
2026-01-08 00:00:00,3.139,51.91,1436.7,62.68,24.14,86.42,0.3203,149.84,0
2026-01-08 00:30:00,3.269,54.19,1451.2,62.26,21.37,84.03,0.3272,157.85,0
2026-01-08 01:00:00,3.456,53.96,1459.0,65.44,22.9,83.39,0.338,153.65,0
2026-01-08 01:30:00,3.216,53.67,1474.4,62.45,22.5,83.08,0.3284,153.37,0
2026-01-08 02:00:00,3.155,53.84,1461.3,62.23,20.37,83.93,0.3201,148.76,0
2026-01-08 02:30:00,3.426,50.71,1449.8,63.57,22.46,82.73,0.3287,147.74,0
2026-01-08 03:00:00,3.43,53.14,1440.3,64.5,22.46,86.0,0.33,151.25,0
2026-01-08 03:30:00,3.246,54.32,1467.3,63.28,22.47,82.8,0.3314,149.57,0
2026-01-08 04:00:00,3.259,54.47,1440.9,65.26,23.03,88.71,0.3247,153.01,0
2026-01-08 04:30:00,3.439,52.36,1471.9,64.32,23.2,88.28,0.3268,153.08,0
2026-01-08 05:00:00,3.023,56.51,1448.9,60.27,22.0,81.17,0.3303,151.11,0
2026-01-08 05:30:00,3.037,52.7,1471.3,62.76,26.33,84.0,0.3279,153.27,0
2026-01-08 06:00:00,3.213,56.03,1460.3,62.73,20.29,81.8,0.3306,151.24,0
2026-01-08 06:30:00,3.344,55.08,1450.4,64.31,21.48,82.72,0.3343,147.92,0
2026-01-08 07:00:00,3.479,53.18,1445.7,59.67,30.3,89.66,0.3459,149.81,0
2026-01-08 07:30:00,3.774,57.56,1447.8,67.44,20.82,82.69,0.354,150.68,0
2026-01-08 08:00:00,3.623,52.24,1457.0,64.43,20.1,84.64,0.3307,152.94,0
2026-01-08 08:30:00,3.373,56.07,1452.7,63.88,25.39,85.14,0.344,150.7,0
2026-01-08 09:00:00,3.412,56.25,1444.5,65.44,18.42,80.47,0.3354,148.18,0
2026-01-08 09:30:00,3.17,53.27,1449.6,67.2,23.09,80.86,0.3306,152.67,0
2026-01-08 10:00:00,3.42,57.01,1452.4,65.01,29.11,79.76,0.3654,150.78,0
2026-01-08 10:30:00,3.357,54.08,1425.9,65.14,19.95,80.67,0.3316,154.15,0
2026-01-08 11:00:00,3.514,55.07,1456.8,63.93,18.93,74.73,0.3459,149.65,0
2026-01-08 11:30:00,3.23,55.05,1439.5,63.54,20.2,84.87,0.3239,146.14,0
2026-01-08 12:00:00,3.571,54.36,1437.3,63.05,26.26,89.35,0.3425,152.66,0
2026-01-08 12:30:00,3.828,56.09,1430.9,62.54,26.89,83.59,0.3661,147.27,0
2026-01-08 13:00:00,3.422,56.09,1429.5,62.77,22.87,78.85,0.3489,149.76,0
2026-01-08 13:30:00,3.553,51.54,1434.7,61.79,25.92,81.12,0.3463,149.3,0
2026-01-08 14:00:00,3.63,57.06,1442.4,63.71,27.76,81.63,0.3666,148.76,0
2026-01-08 14:30:00,3.361,51.75,1474.2,61.32,28.82,79.9,0.3492,147.98,0
2026-01-08 15:00:00,3.521,56.63,1444.4,64.15,23.8,85.49,0.3461,143.41,0
2026-01-08 15:30:00,3.472,56.82,1452.8,63.82,18.73,85.29,0.3325,145.23,0
2026-01-08 16:00:00,3.497,52.86,1455.3,64.11,22.5,79.35,0.3418,151.48,0
2026-01-08 16:30:00,3.284,54.11,1452.0,63.12,23.55,84.94,0.3317,149.27,0
2026-01-08 17:00:00,3.487,52.88,1449.5,68.54,24.04,87.3,0.3334,153.58,0
2026-01-08 17:30:00,3.609,54.51,1436.0,65.98,24.28,88.38,0.3407,144.61,0
2026-01-08 18:00:00,3.852,54.37,1467.6,62.09,27.61,91.22,0.3529,147.51,0
2026-01-08 18:30:00,3.733,56.36,1471.8,64.32,28.07,79.88,0.3719,150.96,0
2026-01-08 19:00:00,4.035,57.34,1429.9,63.08,24.52,91.01,0.3594,145.65,0
2026-01-08 19:30:00,3.309,57.52,1437.7,62.48,27.76,81.43,0.3569,145.76,0
2026-01-08 20:00:00,3.723,54.02,1446.5,62.01,25.98,80.66,0.3593,146.21,0
2026-01-08 20:30:00,3.555,54.68,1438.2,64.68,25.31,83.38,0.3493,145.63,0
2026-01-08 21:00:00,4.06,52.06,1455.8,63.03,27.48,80.6,0.3701,148.43,0
2026-01-08 21:30:00,3.315,53.66,1440.9,65.52,25.46,83.5,0.3386,141.37,0
2026-01-08 22:00:00,3.311,56.88,1475.6,65.57,30.49,78.29,0.3669,151.51,0
2026-01-08 22:30:00,3.375,58.07,1463.8,66.16,21.82,81.49,0.3456,143.57,0
2026-01-08 23:00:00,2.998,52.97,1452.0,62.84,24.2,86.02,0.3188,139.97,0
2026-01-08 23:30:00,3.402,54.15,1461.7,64.85,25.23,81.94,0.3446,146.17,0
2026-01-09 00:00:00,3.347,55.2,1462.5,65.1,26.72,82.49,0.3482,144.94,0
2026-01-09 00:30:00,3.579,55.78,1442.4,63.45,28.85,83.45,0.3617,145.41,0
2026-01-09 01:00:00,3.63,53.84,1439.3,63.02,25.69,85.49,0.3477,146.75,0
2026-01-09 01:30:00,4.018,56.09,1450.0,66.61,22.26,76.96,0.3711,147.62,0
2026-01-09 02:00:00,3.791,54.5,1459.3,64.55,27.99,83.63,0.3634,150.62,0
2026-01-09 02:30:00,3.413,55.35,1450.5,65.18,27.84,81.03,0.3559,143.36,0
2026-01-09 03:00:00,3.336,56.39,1429.9,63.01,21.16,82.29,0.3372,147.63,0
2026-01-09 03:30:00,3.688,55.45,1439.1,62.43,26.07,84.92,0.3555,147.31,0
2026-01-09 04:00:00,3.239,54.67,1447.7,63.42,22.18,78.11,0.3383,137.13,0
2026-01-09 04:30:00,4.031,55.29,1447.6,64.11,24.56,78.61,0.3728,142.43,0
2026-01-09 05:00:00,3.872,55.35,1472.1,62.71,24.03,75.79,0.3703,140.94,0
2026-01-09 05:30:00,3.464,54.87,1431.7,64.31,28.37,79.91,0.3595,146.01,0
2026-01-09 06:00:00,3.157,55.1,1454.4,61.81,26.71,85.5,0.3368,145.56,0
2026-01-09 06:30:00,3.928,58.47,1466.1,62.68,23.27,81.1,0.3702,145.49,0
2026-01-09 07:00:00,3.564,56.63,1475.4,65.38,28.75,77.39,0.3721,143.37,0
2026-01-09 07:30:00,3.907,55.12,1443.2,65.29,23.03,79.91,0.3622,143.55,0
2026-01-09 08:00:00,3.202,56.93,1453.9,63.82,27.51,76.86,0.3579,143.95,0
2026-01-09 08:30:00,3.455,55.1,1454.7,62.89,24.72,77.9,0.3536,142.7,0
2026-01-09 09:00:00,3.61,57.84,1450.2,62.9,25.9,82.39,0.3621,146.11,0
2026-01-09 09:30:00,3.625,56.42,1446.6,63.89,28.15,77.66,0.3718,140.44,0
2026-01-09 10:00:00,3.505,55.59,1452.9,65.44,28.25,84.47,0.3556,141.18,0
2026-01-09 10:30:00,3.777,56.61,1417.2,65.88,30.36,80.87,0.3783,143.76,0
2026-01-09 11:00:00,3.358,53.01,1455.7,63.76,26.88,81.3,0.3453,142.16,0
2026-01-09 11:30:00,3.593,53.83,1448.9,62.79,27.92,80.16,0.3599,139.81,0
2026-01-09 12:00:00,3.663,53.74,1444.7,64.93,26.12,83.27,0.353,144.61,0
2026-01-09 12:30:00,3.766,56.17,1471.8,63.31,27.74,83.25,0.3667,141.17,0
2026-01-09 13:00:00,3.819,59.06,1439.1,63.79,28.45,81.86,0.3796,140.22,0
2026-01-09 13:30:00,3.364,59.98,1442.3,66.57,27.17,82.5,0.3619,142.11,0
2026-01-09 14:00:00,3.266,57.14,1470.9,65.84,22.98,80.12,0.3444,139.82,0
2026-01-09 14:30:00,3.973,56.92,1437.0,64.85,28.38,82.34,0.3788,142.27,0
2026-01-09 15:00:00,3.74,52.81,1440.3,62.72,28.53,79.65,0.3648,141.17,0
2026-01-09 15:30:00,3.474,55.1,1445.0,64.96,25.98,80.63,0.3534,140.58,0
2026-01-09 16:00:00,4.053,54.68,1456.8,66.25,24.54,79.75,0.3703,140.47,0
2026-01-09 16:30:00,3.698,55.01,1449.1,64.11,31.51,79.16,0.377,144.85,0
2026-01-09 17:00:00,3.968,55.85,1431.0,66.72,29.11,78.41,0.3837,142.85,0
2026-01-09 17:30:00,3.694,55.33,1440.1,66.65,27.38,81.84,0.3633,136.48,0
2026-01-09 18:00:00,4.196,52.64,1439.1,67.22,25.18,84.32,0.3649,144.13,0
2026-01-09 18:30:00,4.124,57.58,1445.4,65.2,26.03,83.85,0.3776,142.91,0
2026-01-09 19:00:00,3.627,54.33,1451.3,65.64,31.41,76.52,0.3765,142.6,0
2026-01-09 19:30:00,3.936,56.72,1451.2,66.89,28.56,84.11,0.3748,143.77,0
2026-01-09 20:00:00,3.858,60.05,1424.7,65.46,26.91,79.25,0.3836,141.02,0
2026-01-09 20:30:00,4.043,54.69,1458.7,64.05,29.63,81.96,0.3794,142.71,0
2026-01-09 21:00:00,3.464,51.81,1448.9,64.15,26.38,77.39,0.3506,139.33,0
2026-01-09 21:30:00,3.881,55.88,1462.4,65.19,32.24,80.49,0.3854,143.14,0
2026-01-09 22:00:00,3.978,58.4,1451.1,62.92,31.93,80.95,0.3936,141.12,0
2026-01-09 22:30:00,3.277,59.97,1458.9,64.65,27.45,75.51,0.37,136.21,0
2026-01-09 23:00:00,3.425,54.26,1451.2,66.53,27.11,81.74,0.3507,143.32,0
2026-01-09 23:30:00,3.215,57.4,1461.7,61.61,22.21,83.91,0.3357,139.7,0
2026-01-10 00:00:00,3.662,55.69,1451.7,67.22,25.12,79.3,0.3612,139.15,0
2026-01-10 00:30:00,3.913,56.36,1444.2,66.62,25.54,83.86,0.3659,138.5,0
2026-01-10 01:00:00,4.113,61.34,1472.5,64.26,29.29,79.16,0.4018,138.59,0
2026-01-10 01:30:00,3.76,53.9,1455.8,65.78,28.2,82.24,0.3635,140.26,0
2026-01-10 02:00:00,4.152,57.09,1452.0,64.99,25.72,72.98,0.3929,136.48,0
2026-01-10 02:30:00,3.404,57.5,1429.7,66.84,28.45,86.85,0.3538,134.61,0
2026-01-10 03:00:00,3.327,58.64,1429.5,66.49,30.48,84.03,0.3632,136.0,0
2026-01-10 03:30:00,3.743,56.89,1448.4,62.93,30.61,78.65,0.3818,140.21,0
2026-01-10 04:00:00,3.857,57.3,1446.5,65.93,24.6,73.54,0.3794,138.45,0
2026-01-10 04:30:00,3.757,56.06,1437.3,64.75,29.1,80.27,0.374,142.15,0
2026-01-10 05:00:00,3.252,57.28,1446.3,65.2,26.03,75.03,0.3596,138.49,0
2026-01-10 05:30:00,3.751,56.2,1463.6,64.0,31.81,80.65,0.3803,141.08,0
2026-01-10 06:00:00,3.451,57.97,1452.8,67.73,31.58,80.5,0.3739,136.35,0
2026-01-10 06:30:00,3.949,56.21,1430.7,66.68,27.44,76.4,0.3827,136.99,0
2026-01-10 07:00:00,3.877,57.58,1443.0,64.03,27.84,82.54,0.3754,138.2,0
2026-01-10 07:30:00,3.554,56.88,1434.6,63.15,28.67,81.54,0.3659,137.6,0
2026-01-10 08:00:00,3.665,58.98,1439.5,64.59,24.25,82.01,0.3633,137.2,0
2026-01-10 08:30:00,3.532,56.89,1439.1,65.84,30.79,79.06,0.3743,135.17,0
2026-01-10 09:00:00,3.786,53.82,1438.2,65.57,29.34,74.74,0.3783,132.91,0
2026-01-10 09:30:00,4.044,59.31,1428.8,67.1,32.51,81.87,0.3983,139.43,0
2026-01-10 10:00:00,3.563,55.43,1442.3,66.42,27.41,78.08,0.3647,138.96,0
2026-01-10 10:30:00,3.939,55.91,1437.0,66.71,28.67,74.68,0.3873,135.44,0
2026-01-10 11:00:00,3.685,56.04,1408.5,65.76,26.52,82.86,0.3611,138.29,0
2026-01-10 11:30:00,3.623,59.62,1468.2,63.2,27.84,85.05,0.3679,136.53,0
2026-01-10 12:00:00,3.798,53.32,1456.6,65.01,27.47,78.58,0.367,140.22,0
2026-01-10 12:30:00,3.57,62.84,1438.9,66.91,32.98,85.14,0.3868,132.83,0
2026-01-10 13:00:00,3.695,59.12,1443.6,65.26,28.81,78.89,0.3808,136.26,0
2026-01-10 13:30:00,3.538,57.65,1429.2,66.1,30.93,77.42,0.3791,135.9,0
2026-01-10 14:00:00,4.332,57.18,1463.5,64.89,29.74,76.63,0.404,136.87,0
2026-01-10 14:30:00,3.854,57.82,1465.9,63.84,27.58,83.38,0.3733,140.87,0
2026-01-10 15:00:00,3.674,58.27,1444.9,65.21,30.4,76.09,0.3861,135.76,0
2026-01-10 15:30:00,3.907,58.52,1455.2,65.88,32.39,80.58,0.3931,138.23,0
2026-01-10 16:00:00,3.829,58.38,1445.0,64.45,27.93,76.65,0.3848,135.43,0
2026-01-10 16:30:00,3.806,57.57,1426.7,65.09,33.04,76.9,0.3944,138.96,0
2026-01-10 17:00:00,4.019,57.08,1437.8,64.05,28.96,81.33,0.3838,137.88,0
2026-01-10 17:30:00,4.059,57.19,1444.2,67.16,29.95,77.05,0.3943,134.5,0
2026-01-10 18:00:00,3.741,57.14,1437.1,65.05,32.55,76.93,0.3897,134.15,0
2026-01-10 18:30:00,3.733,59.56,1439.8,67.69,29.63,81.5,0.3814,136.7,0
2026-01-10 19:00:00,3.812,58.61,1441.3,67.82,31.45,82.84,0.3843,133.15,0
2026-01-10 19:30:00,3.31,52.28,1441.3,65.42,30.63,79.94,0.3532,135.56,0
2026-01-10 20:00:00,3.51,58.78,1442.8,64.04,31.81,75.99,0.3853,133.79,0
2026-01-10 20:30:00,4.235,57.97,1429.4,62.44,25.6,76.38,0.3926,135.84,0
2026-01-10 21:00:00,4.309,57.61,1433.5,63.38,27.05,78.1,0.3953,134.12,0
2026-01-10 21:30:00,3.839,56.98,1426.6,63.54,33.23,78.78,0.3917,132.4,0
2026-01-10 22:00:00,4.049,59.73,1453.6,67.69,34.35,74.81,0.4147,137.66,0
2026-01-10 22:30:00,3.987,59.43,1416.5,65.81,29.54,79.89,0.3922,134.94,0
2026-01-10 23:00:00,4.683,56.36,1455.6,66.24,31.28,77.93,0.4161,133.93,0
2026-01-10 23:30:00,4.197,58.51,1458.3,62.34,32.69,72.48,0.4162,135.23,0
2026-01-11 00:00:00,3.889,56.06,1437.9,63.89,33.75,74.8,0.3985,128.83,0
2026-01-11 00:30:00,3.686,55.35,1410.3,67.03,27.02,76.03,0.3709,139.98,0
2026-01-11 01:00:00,3.528,56.73,1437.1,66.15,29.94,77.27,0.3742,133.66,0
2026-01-11 01:30:00,3.984,59.44,1440.6,65.51,31.39,83.11,0.3919,127.57,0
2026-01-11 02:00:00,3.748,59.63,1429.1,66.6,34.05,78.11,0.3982,136.92,0
2026-01-11 02:30:00,3.586,58.87,1435.0,68.22,38.6,74.83,0.4069,130.95,0
2026-01-11 03:00:00,3.784,59.27,1459.5,65.45,31.85,77.97,0.3933,136.21,0
2026-01-11 03:30:00,3.679,58.92,1449.0,65.9,28.97,76.2,0.3842,133.31,0
2026-01-11 04:00:00,4.375,56.87,1429.8,66.1,33.56,78.19,0.4119,128.11,0
2026-01-11 04:30:00,4.178,58.83,1421.7,69.42,35.92,78.91,0.4147,133.48,0
2026-01-11 05:00:00,3.959,59.52,1436.8,62.7,32.96,80.75,0.3986,133.13,0
2026-01-11 05:30:00,4.335,59.46,1438.1,66.89,30.49,77.0,0.4111,135.89,0
2026-01-11 06:00:00,3.989,60.27,1446.6,65.71,35.22,81.94,0.4054,133.88,0
2026-01-11 06:30:00,3.758,59.43,1434.1,66.74,34.55,79.7,0.3969,128.46,0
2026-01-11 07:00:00,4.358,58.81,1446.6,64.92,30.39,74.81,0.4133,135.06,0
2026-01-11 07:30:00,4.116,60.14,1463.6,65.85,33.98,83.51,0.4041,130.69,0
2026-01-11 08:00:00,3.726,58.19,1450.1,67.01,35.58,77.82,0.3981,136.96,0
2026-01-11 08:30:00,3.942,56.67,1439.6,70.63,36.11,74.29,0.4085,130.61,0
2026-01-11 09:00:00,3.774,58.0,1437.9,67.19,33.06,81.7,0.3872,130.91,0
2026-01-11 09:30:00,3.652,56.97,1435.8,64.72,32.39,82.93,0.3768,128.95,0
2026-01-11 10:00:00,4.233,57.13,1454.1,65.37,36.42,76.55,0.4172,129.8,0
2026-01-11 10:30:00,4.483,58.11,1432.4,65.34,30.4,75.09,0.4155,128.87,0
2026-01-11 11:00:00,3.66,56.97,1440.4,63.34,34.59,76.04,0.3929,134.57,0
2026-01-11 11:30:00,4.154,57.87,1440.3,65.56,30.13,78.66,0.3974,126.91,0
2026-01-11 12:00:00,3.855,55.04,1433.6,67.17,36.29,80.3,0.3928,133.19,0
2026-01-11 12:30:00,3.9,58.86,1423.1,64.17,33.04,78.13,0.3991,133.14,0
2026-01-11 13:00:00,3.877,58.5,1443.4,67.67,36.93,76.68,0.4093,134.66,0
2026-01-11 13:30:00,3.813,57.06,1438.7,66.85,35.05,80.82,0.3925,130.53,0
2026-01-11 14:00:00,4.045,59.74,1445.3,65.03,30.83,75.34,0.405,127.19,0
2026-01-11 14:30:00,3.83,60.27,1432.8,65.94,37.52,79.32,0.4095,129.63,0
2026-01-11 15:00:00,4.109,55.72,1453.8,68.56,37.9,75.32,0.4149,131.8,0
2026-01-11 15:30:00,4.033,57.26,1428.6,67.28,36.3,77.43,0.4089,130.14,0
2026-01-11 16:00:00,3.99,57.28,1459.6,66.21,32.25,75.75,0.3998,130.86,0
2026-01-11 16:30:00,3.826,57.0,1418.0,65.86,33.46,75.88,0.3962,133.73,0
2026-01-11 17:00:00,3.913,60.21,1444.1,66.34,34.65,74.87,0.4118,131.25,0
2026-01-11 17:30:00,4.25,58.39,1444.5,65.48,32.6,79.99,0.4063,129.97,0
2026-01-11 18:00:00,4.191,58.29,1429.1,63.1,38.65,73.71,0.4285,123.72,0
2026-01-11 18:30:00,3.825,55.19,1443.7,69.34,34.85,73.64,0.3985,126.77,0
2026-01-11 19:00:00,4.098,59.97,1453.9,66.53,27.8,82.17,0.3896,127.78,0
2026-01-11 19:30:00,4.265,56.62,1411.9,66.91,35.47,78.7,0.4115,122.94,0
2026-01-11 20:00:00,3.664,58.98,1444.4,66.24,33.82,68.56,0.4074,125.41,0
2026-01-11 20:30:00,4.221,59.4,1408.4,65.24,34.57,73.97,0.4217,127.81,0
2026-01-11 21:00:00,3.924,61.38,1426.6,66.08,33.9,70.19,0.4202,128.17,0
2026-01-11 21:30:00,4.236,56.6,1457.7,63.97,36.91,72.72,0.4229,129.88,0
2026-01-11 22:00:00,3.907,53.55,1431.1,69.81,37.76,66.11,0.4158,127.62,0
2026-01-11 22:30:00,3.65,59.34,1423.9,64.55,35.73,75.07,0.4028,128.85,0
2026-01-11 23:00:00,3.699,62.28,1435.5,64.87,34.24,72.01,0.4127,126.72,0
2026-01-11 23:30:00,4.121,61.29,1462.6,65.78,35.05,75.57,0.4218,127.98,0
2026-01-12 00:00:00,4.178,59.47,1415.8,68.39,35.27,70.47,0.4274,129.08,0
2026-01-12 00:30:00,3.891,58.23,1425.0,66.49,33.28,75.55,0.4017,132.01,0
2026-01-12 01:00:00,4.281,60.6,1455.5,64.63,36.8,74.01,0.4323,125.92,0
2026-01-12 01:30:00,3.71,57.42,1459.8,68.38,36.57,79.71,0.3953,127.77,0
2026-01-12 02:00:00,4.113,60.05,1436.2,67.61,39.34,79.39,0.4234,129.82,0
2026-01-12 02:30:00,3.831,60.13,1422.5,67.34,38.7,77.47,0.4149,122.77,0
2026-01-12 03:00:00,3.974,61.16,1462.4,67.62,33.91,74.08,0.4156,132.95,0
2026-01-12 03:30:00,4.153,64.24,1456.3,70.16,37.74,80.97,0.4289,130.37,0
2026-01-12 04:00:00,3.93,60.01,1445.2,69.86,33.38,70.31,0.4156,121.57,0
2026-01-12 04:30:00,4.053,58.41,1427.3,65.57,37.56,70.71,0.4257,127.69,0
2026-01-12 05:00:00,4.405,59.31,1436.3,69.05,34.6,74.63,0.427,124.76,0
2026-01-12 05:30:00,4.013,56.2,1434.9,67.2,33.4,81.59,0.3921,125.13,0
2026-01-12 06:00:00,4.37,58.16,1440.7,67.39,36.72,74.18,0.4289,127.25,0
2026-01-12 06:30:00,3.883,58.7,1454.1,64.12,29.4,74.19,0.3949,129.22,0
2026-01-12 07:00:00,4.302,58.52,1447.2,66.42,31.78,70.36,0.4208,124.54,0
2026-01-12 07:30:00,4.534,59.76,1423.6,65.47,35.78,77.48,0.4313,124.45,0
2026-01-12 08:00:00,3.56,58.04,1453.0,67.95,36.5,77.46,0.3947,126.8,0
2026-01-12 08:30:00,3.982,61.56,1440.1,68.33,35.43,76.92,0.4165,127.27,0
2026-01-12 09:00:00,4.33,59.57,1444.5,63.63,32.48,72.62,0.4227,122.41,0
2026-01-12 09:30:00,4.139,59.58,1453.8,66.72,34.45,72.34,0.4214,130.47,0
2026-01-12 10:00:00,4.286,59.03,1422.8,68.46,37.54,70.53,0.4356,123.24,0
2026-01-12 10:30:00,4.046,59.93,1435.6,66.51,38.08,74.61,0.4247,127.94,0
2026-01-12 11:00:00,4.223,61.16,1429.6,67.9,36.65,71.07,0.4357,126.28,0
2026-01-12 11:30:00,4.167,58.14,1417.1,67.35,39.65,70.74,0.4342,126.61,0
2026-01-12 12:00:00,4.501,58.55,1440.0,67.35,37.82,72.95,0.439,122.79,0
2026-01-12 12:30:00,4.277,59.21,1465.9,66.45,35.02,72.71,0.4262,119.37,0
2026-01-12 13:00:00,4.302,57.36,1413.6,65.05,36.26,72.52,0.4258,124.35,0
2026-01-12 13:30:00,4.119,58.34,1435.2,65.2,33.52,75.48,0.4106,124.23,0
2026-01-12 14:00:00,4.104,58.98,1443.2,67.97,36.82,74.27,0.4217,121.28,0
2026-01-12 14:30:00,4.121,61.44,1436.9,66.95,39.94,73.12,0.438,126.78,0
2026-01-12 15:00:00,4.332,60.36,1434.0,66.73,38.94,74.49,0.4381,123.75,0
2026-01-12 15:30:00,4.132,60.27,1419.7,66.31,40.8,70.92,0.4409,121.35,0
2026-01-12 16:00:00,4.314,61.47,1438.0,66.51,36.6,74.17,0.4349,125.4,0
2026-01-12 16:30:00,4.764,59.72,1426.0,68.55,40.79,74.25,0.4567,125.35,0
2026-01-12 17:00:00,4.467,60.7,1408.7,66.5,37.01,69.25,0.4468,121.24,0
2026-01-12 17:30:00,4.172,59.84,1449.3,65.0,41.24,76.7,0.4337,126.96,0
2026-01-12 18:00:00,4.558,60.53,1446.4,68.15,37.57,71.02,0.4482,129.87,0
2026-01-12 18:30:00,4.159,59.03,1435.4,66.74,39.46,73.89,0.431,119.74,0
2026-01-12 19:00:00,3.756,55.71,1437.4,67.11,41.45,77.06,0.4088,122.33,0
2026-01-12 19:30:00,4.017,59.89,1447.5,69.49,37.34,76.3,0.4192,123.76,0
2026-01-12 20:00:00,3.806,62.72,1437.2,67.06,38.44,73.58,0.4257,129.47,0
2026-01-12 20:30:00,4.19,61.85,1445.3,67.54,41.18,72.34,0.4457,120.3,0
2026-01-12 21:00:00,4.286,61.95,1430.8,65.36,37.69,76.22,0.4348,119.55,0
2026-01-12 21:30:00,4.705,62.46,1450.0,66.81,34.79,75.36,0.4448,119.4,0
2026-01-12 22:00:00,4.371,60.42,1438.1,68.07,43.52,71.43,0.4557,125.78,0
2026-01-12 22:30:00,4.239,60.65,1436.5,64.84,37.05,70.86,0.4363,119.87,0
2026-01-12 23:00:00,4.505,59.21,1418.8,67.49,38.69,66.98,0.4519,119.31,0
2026-01-12 23:30:00,3.749,59.77,1437.4,67.36,41.25,73.61,0.4233,122.43,0
2026-01-13 00:00:00,4.364,61.48,1423.9,67.28,36.9,72.85,0.4394,122.53,0
2026-01-13 00:30:00,4.502,62.56,1426.1,68.79,35.97,76.46,0.4392,124.69,0
2026-01-13 01:00:00,3.944,60.17,1423.9,67.76,39.19,74.09,0.4253,121.63,0
2026-01-13 01:30:00,4.603,59.64,1420.9,69.49,34.14,76.96,0.4301,121.97,0
2026-01-13 02:00:00,4.406,60.48,1459.1,65.8,37.97,70.82,0.4441,120.78,0
2026-01-13 02:30:00,4.222,61.59,1449.5,67.51,39.37,76.28,0.4357,117.06,0
2026-01-13 03:00:00,4.488,57.93,1456.5,67.44,38.15,71.24,0.4404,120.24,0
2026-01-13 03:30:00,4.901,56.42,1418.7,65.73,35.03,75.11,0.4375,120.9,0
2026-01-13 04:00:00,4.383,59.59,1434.1,68.78,42.94,68.35,0.4572,119.26,0
2026-01-13 04:30:00,4.404,58.41,1417.6,70.85,39.28,73.39,0.4383,115.77,0
2026-01-13 05:00:00,4.231,59.72,1424.7,67.36,42.67,66.68,0.454,116.93,0
2026-01-13 05:30:00,4.137,60.4,1422.0,68.16,38.51,71.79,0.4344,120.09,0
2026-01-13 06:00:00,4.561,59.87,1447.8,67.54,37.03,73.86,0.4411,122.88,0
2026-01-13 06:30:00,4.144,63.33,1428.1,66.36,39.97,70.93,0.4469,125.0,0
2026-01-13 07:00:00,4.379,61.33,1445.6,64.72,38.82,69.3,0.4497,119.27,0
2026-01-13 07:30:00,4.246,61.31,1439.9,66.4,36.48,74.94,0.4307,117.55,0
2026-01-13 08:00:00,4.489,61.92,1460.3,65.39,43.17,72.04,0.4618,118.45,0
2026-01-13 08:30:00,4.457,58.77,1414.8,70.05,38.0,70.84,0.4417,116.3,0
2026-01-13 09:00:00,4.637,62.72,1447.6,67.34,35.03,72.39,0.4481,121.68,0
2026-01-13 09:30:00,4.254,60.74,1446.1,67.01,43.01,80.12,0.4381,125.6,0
2026-01-13 10:00:00,4.318,62.11,1420.6,68.88,38.5,75.63,0.4392,116.98,0
2026-01-13 10:30:00,4.145,59.0,1444.3,65.88,38.31,75.61,0.4249,115.36,0
2026-01-13 11:00:00,4.283,58.16,1436.2,66.42,35.48,73.38,0.4239,121.82,0
2026-01-13 11:30:00,4.492,62.46,1429.3,67.69,44.31,72.53,0.4653,119.63,0
2026-01-13 12:00:00,4.591,61.69,1422.1,69.15,36.8,64.79,0.4597,119.55,0
2026-01-13 12:30:00,4.175,59.41,1423.3,68.37,40.24,69.9,0.4404,123.19,0
2026-01-13 13:00:00,4.627,59.5,1456.4,68.01,42.44,70.45,0.4611,114.19,0
2026-01-13 13:30:00,4.753,63.12,1431.7,67.77,41.28,66.22,0.478,113.98,0
2026-01-13 14:00:00,4.521,58.98,1441.0,68.27,40.14,68.32,0.4536,117.55,0
2026-01-13 14:30:00,4.891,64.1,1422.1,67.99,36.11,65.81,0.473,118.1,0
2026-01-13 15:00:00,4.232,59.55,1422.1,66.16,38.4,71.59,0.4356,116.72,0
2026-01-13 15:30:00,4.118,62.35,1444.4,67.79,40.96,74.11,0.4413,125.04,0
2026-01-13 16:00:00,3.989,60.63,1415.1,66.12,38.59,74.93,0.4253,116.6,0
2026-01-13 16:30:00,4.812,62.34,1426.3,67.87,41.14,72.81,0.4679,115.75,0
2026-01-13 17:00:00,4.605,60.3,1431.6,67.05,42.4,68.62,0.465,117.65,0
2026-01-13 17:30:00,4.432,61.01,1432.4,71.59,43.17,65.67,0.467,120.06,0
2026-01-13 18:00:00,4.52,61.4,1428.9,67.74,37.76,66.15,0.4569,114.84,0
2026-01-13 18:30:00,4.172,59.55,1435.7,65.71,46.39,67.57,0.4595,116.45,0
2026-01-13 19:00:00,5.069,62.72,1439.2,67.63,42.88,68.66,0.4884,119.76,0
2026-01-13 19:30:00,4.494,60.49,1439.6,68.63,41.02,70.8,0.4549,119.8,0
2026-01-13 20:00:00,4.493,61.03,1418.9,70.37,43.82,68.19,0.4671,117.16,0
2026-01-13 20:30:00,4.651,59.67,1427.2,66.99,47.07,72.2,0.4714,123.64,0
2026-01-13 21:00:00,4.594,56.88,1444.9,65.52,37.63,70.44,0.4414,122.2,0
2026-01-13 21:30:00,4.534,61.17,1441.2,69.14,40.73,71.13,0.4568,111.91,0
2026-01-13 22:00:00,4.284,65.89,1413.9,65.86,35.41,74.47,0.4415,110.92,0
2026-01-13 22:30:00,4.604,62.98,1434.5,67.29,41.91,67.46,0.4722,118.26,0
2026-01-13 23:00:00,4.96,61.56,1406.5,67.57,42.41,72.21,0.4752,119.84,0
2026-01-13 23:30:00,4.83,61.15,1430.7,67.87,41.46,70.87,0.4693,114.94,0
2026-01-14 00:00:00,4.896,61.69,1452.8,69.02,39.99,69.86,0.4708,113.98,0
2026-01-14 00:30:00,4.374,62.66,1418.6,66.98,36.57,73.47,0.441,112.9,0
2026-01-14 01:00:00,4.258,59.58,1419.9,67.61,42.7,73.4,0.4446,111.73,0
2026-01-14 01:30:00,4.478,63.74,1439.0,68.02,45.47,67.88,0.4779,118.52,0
2026-01-14 02:00:00,4.528,63.05,1411.2,68.28,40.42,70.13,0.4619,113.84,0
2026-01-14 02:30:00,4.791,63.08,1422.1,68.22,43.06,71.47,0.4758,115.76,0
2026-01-14 03:00:00,4.099,62.6,1436.7,68.74,38.11,69.76,0.4406,109.25,0
2026-01-14 03:30:00,4.908,61.87,1421.9,69.37,43.24,72.29,0.4761,117.61,0
2026-01-14 04:00:00,4.49,63.08,1426.6,68.71,41.18,71.33,0.4608,116.23,0
2026-01-14 04:30:00,4.427,62.96,1438.3,68.82,40.32,75.94,0.4492,110.31,0
2026-01-14 05:00:00,4.285,61.28,1434.3,65.78,40.39,65.8,0.4554,114.99,0
2026-01-14 05:30:00,4.128,60.91,1432.4,68.24,41.38,69.98,0.4452,114.1,0
2026-01-14 06:00:00,4.751,62.15,1425.0,68.9,43.38,67.57,0.4788,112.61,0
2026-01-14 06:30:00,4.568,64.79,1433.4,69.29,39.21,72.07,0.4618,105.13,0
2026-01-14 07:00:00,4.231,59.79,1427.4,67.18,41.57,65.36,0.4535,111.73,0
2026-01-14 07:30:00,4.234,59.41,1434.3,67.24,42.52,71.2,0.4462,114.49,0
2026-01-14 08:00:00,4.478,62.37,1422.8,67.39,39.95,68.22,0.4602,111.81,0
2026-01-14 08:30:00,4.983,62.2,1426.5,69.07,47.25,67.86,0.4962,112.66,0
2026-01-14 09:00:00,4.505,62.44,1416.7,69.83,40.69,65.68,0.467,117.69,0
2026-01-14 09:30:00,4.198,62.6,1428.1,67.68,41.22,68.58,0.4536,112.84,0
2026-01-14 10:00:00,4.516,61.78,1418.7,69.67,40.52,73.18,0.454,106.65,0
2026-01-14 10:30:00,4.514,64.89,1415.0,68.51,47.52,69.8,0.4843,112.26,0
2026-01-14 11:00:00,3.912,59.36,1431.4,68.16,44.48,71.72,0.4389,112.99,0
2026-01-14 11:30:00,4.576,60.77,1430.8,68.04,40.82,74.78,0.452,110.08,0
2026-01-14 12:00:00,4.536,62.11,1437.5,69.49,45.99,70.53,0.4732,114.64,0
2026-01-14 12:30:00,4.772,59.36,1422.9,68.88,43.8,68.02,0.4729,107.92,0
2026-01-14 13:00:00,5.064,62.03,1432.9,71.82,44.01,71.05,0.4858,111.76,0
2026-01-14 13:30:00,4.887,65.36,1434.5,67.14,42.57,67.97,0.4889,107.63,0
2026-01-14 14:00:00,4.543,62.44,1433.1,69.22,41.62,68.04,0.4671,111.04,0
2026-01-14 14:30:00,4.337,62.84,1417.8,67.66,44.41,64.95,0.4725,113.92,0
2026-01-14 15:00:00,5.261,60.18,1429.4,67.17,42.27,72.24,0.4819,111.18,0
2026-01-14 15:30:00,4.637,61.37,1431.9,68.47,48.24,68.25,0.4839,110.88,0
2026-01-14 16:00:00,4.629,61.83,1427.6,68.71,40.59,69.91,0.4632,111.5,0
2026-01-14 16:30:00,4.624,61.96,1402.4,72.9,47.67,66.21,0.4866,111.52,0
2026-01-14 17:00:00,4.683,64.87,1429.3,68.26,43.62,70.58,0.4793,113.24,0
2026-01-14 17:30:00,4.602,63.59,1453.8,66.86,44.71,66.94,0.4814,113.13,0
2026-01-14 18:00:00,4.498,60.61,1422.8,68.98,46.11,68.75,0.4711,115.17,0
2026-01-14 18:30:00,4.509,63.08,1418.3,65.47,42.52,71.77,0.4642,111.28,0
2026-01-14 19:00:00,4.642,63.56,1431.5,68.46,46.32,71.46,0.48,105.67,0
2026-01-14 19:30:00,4.518,64.74,1430.7,68.64,37.46,68.97,0.4602,113.1,0
2026-01-14 20:00:00,4.48,65.56,1441.2,69.82,42.5,63.69,0.4814,114.44,0
2026-01-14 20:30:00,4.688,60.92,1411.7,70.11,42.05,77.92,0.4546,117.65,0
2026-01-14 21:00:00,4.602,61.31,1435.5,67.91,41.3,74.14,0.4564,114.49,0
2026-01-14 21:30:00,5.046,60.53,1433.7,68.45,43.96,71.02,0.4813,108.54,0
2026-01-14 22:00:00,4.011,62.4,1424.8,67.55,45.53,66.55,0.4604,110.45,0
2026-01-14 22:30:00,4.951,63.69,1430.5,67.02,46.39,68.42,0.4958,108.95,0
2026-01-14 23:00:00,4.993,64.66,1438.7,69.19,45.3,67.08,0.499,108.41,0
2026-01-14 23:30:00,4.167,62.77,1436.8,66.83,43.1,72.46,0.4518,109.16,0
2026-01-15 00:00:00,4.604,62.36,1412.5,68.14,45.75,69.41,0.4773,113.23,0
2026-01-15 00:30:00,4.601,63.23,1436.0,67.28,45.21,66.22,0.4828,104.48,0
2026-01-15 01:00:00,4.346,61.48,1425.3,69.62,47.3,67.11,0.4734,106.11,0
2026-01-15 01:30:00,4.507,66.77,1426.8,71.51,46.97,71.84,0.4844,112.65,0
2026-01-15 02:00:00,4.428,60.14,1426.8,66.87,45.17,73.23,0.4584,113.23,0
2026-01-15 02:30:00,5.148,63.4,1424.0,66.06,42.92,72.97,0.4865,106.76,0
2026-01-15 03:00:00,4.948,66.73,1440.0,68.67,43.6,70.61,0.4931,113.56,0
2026-01-15 03:30:00,5.036,63.13,1424.6,68.89,43.92,67.53,0.4926,111.41,0
2026-01-15 04:00:00,4.902,62.8,1412.1,69.22,44.58,58.52,0.5022,107.55,0
2026-01-15 04:30:00,4.444,62.53,1420.8,68.23,46.1,69.09,0.4735,100.92,0
2026-01-15 05:00:00,4.599,62.87,1427.5,68.62,47.28,68.15,0.4841,103.1,0
2026-01-15 05:30:00,4.856,65.7,1440.1,69.49,45.44,68.53,0.495,106.0,0
2026-01-15 06:00:00,4.432,59.27,1432.5,70.51,45.67,68.22,0.4652,110.13,0
2026-01-15 06:30:00,4.92,66.04,1415.0,66.03,46.06,64.03,0.5064,110.01,0
2026-01-15 07:00:00,4.686,60.74,1454.9,68.43,44.47,69.64,0.4726,106.19,0
2026-01-15 07:30:00,4.656,62.85,1428.2,69.32,43.52,69.82,0.4742,106.77,0
2026-01-15 08:00:00,4.932,62.59,1440.2,67.64,41.51,69.92,0.478,107.24,0
2026-01-15 08:30:00,4.869,64.44,1423.0,71.63,44.23,70.66,0.4861,106.55,0
2026-01-15 09:00:00,4.672,60.54,1431.2,68.09,47.21,69.59,0.4785,107.57,0
2026-01-15 09:30:00,5.056,64.27,1434.8,69.0,44.34,66.5,0.4987,106.86,0
2026-01-15 10:00:00,4.5,67.11,1439.2,69.91,45.57,67.47,0.488,101.8,0
2026-01-15 10:30:00,4.928,61.04,1437.2,68.21,47.4,67.91,0.4917,106.08,0
2026-01-15 11:00:00,4.926,63.86,1434.9,66.34,47.6,67.91,0.4992,106.5,0
2026-01-15 11:30:00,4.704,62.35,1420.6,68.48,43.67,70.54,0.4739,109.41,0
2026-01-15 12:00:00,4.867,64.34,1417.4,70.69,48.92,69.43,0.4994,103.82,0
2026-01-15 12:30:00,4.477,63.63,1428.2,68.65,49.32,73.68,0.4785,106.8,0
2026-01-15 13:00:00,5.025,62.47,1435.3,67.91,43.74,74.02,0.4804,107.75,0
2026-01-15 13:30:00,4.752,64.53,1421.4,70.58,44.57,67.6,0.4877,105.49,0
2026-01-15 14:00:00,4.671,66.93,1436.7,68.71,49.68,55.8,0.5213,100.54,0
2026-01-15 14:30:00,5.068,63.36,1441.3,68.46,46.4,70.98,0.4953,108.71,0
2026-01-15 15:00:00,4.634,65.03,1412.8,69.46,41.28,65.6,0.4796,107.79,0
2026-01-15 15:30:00,4.462,61.43,1413.7,70.41,43.4,64.77,0.4711,106.11,0
2026-01-15 16:00:00,4.429,62.06,1422.0,72.84,46.34,65.93,0.4771,105.42,0
2026-01-15 16:30:00,4.973,64.66,1427.3,70.53,44.12,65.74,0.4974,99.83,0
2026-01-15 17:00:00,4.506,66.51,1417.2,71.04,46.06,68.87,0.4858,107.37,0
2026-01-15 17:30:00,5.269,64.51,1439.6,68.56,47.25,62.31,0.5203,109.37,0
2026-01-15 18:00:00,4.313,63.33,1428.4,67.8,50.89,63.7,0.491,101.45,0
2026-01-15 18:30:00,5.262,63.92,1423.7,69.45,46.57,67.92,0.5085,108.7,0
2026-01-15 19:00:00,4.895,61.7,1405.9,69.53,50.05,68.71,0.4976,107.93,0
2026-01-15 19:30:00,4.822,65.06,1407.3,67.77,51.0,68.72,0.5058,100.98,0
2026-01-15 20:00:00,4.714,65.59,1426.4,69.14,51.08,64.39,0.5101,103.1,0
2026-01-15 20:30:00,4.954,63.21,1397.3,70.01,48.28,63.77,0.5064,99.96,0
2026-01-15 21:00:00,4.848,63.21,1435.0,69.97,42.72,65.14,0.4868,103.83,0
2026-01-15 21:30:00,5.138,64.56,1420.9,70.2,48.85,67.33,0.5123,105.24,0
2026-01-15 22:00:00,4.894,63.32,1461.6,69.9,50.39,71.02,0.499,99.81,0
2026-01-15 22:30:00,4.907,64.01,1450.3,68.72,47.63,60.38,0.5103,104.8,0
2026-01-15 23:00:00,4.783,67.94,1420.3,68.72,52.26,65.81,0.5192,105.43,0
2026-01-15 23:30:00,4.864,63.74,1421.2,67.71,50.11,62.43,0.5112,105.35,0
2026-01-16 00:00:00,4.959,63.57,1434.3,72.2,49.45,61.42,0.514,104.62,0
2026-01-16 00:30:00,4.458,63.07,1442.7,69.56,50.81,69.23,0.4869,99.45,0
2026-01-16 01:00:00,4.553,65.61,1402.5,69.22,49.0,67.92,0.494,102.64,0
2026-01-16 01:30:00,5.08,63.97,1400.7,68.18,42.0,67.59,0.4913,103.93,0
2026-01-16 02:00:00,4.941,63.15,1414.6,74.0,47.05,68.95,0.495,107.13,0
2026-01-16 02:30:00,4.856,66.72,1429.0,68.0,51.36,64.7,0.5181,102.63,0
2026-01-16 03:00:00,4.911,66.93,1427.8,68.98,46.41,64.8,0.508,103.77,0
2026-01-16 03:30:00,4.997,63.32,1434.6,70.26,47.94,72.61,0.4941,99.57,0
2026-01-16 04:00:00,4.779,61.07,1407.3,70.56,45.95,65.26,0.4869,98.77,0
2026-01-16 04:30:00,4.723,66.27,1393.8,71.11,53.09,68.16,0.5115,98.26,0
2026-01-16 05:00:00,4.971,63.25,1431.9,72.4,52.9,65.93,0.5155,100.72,0
2026-01-16 05:30:00,4.681,65.93,1411.5,70.46,46.56,60.32,0.5046,108.04,0
2026-01-16 06:00:00,5.032,60.99,1397.2,68.14,49.2,59.68,0.5121,100.52,0
2026-01-16 06:30:00,4.508,66.17,1423.1,69.35,47.2,64.03,0.4952,102.7,0
2026-01-16 07:00:00,5.195,62.41,1430.8,70.21,50.5,68.89,0.5108,103.15,0
2026-01-16 07:30:00,5.06,65.93,1419.7,72.87,50.31,68.04,0.5156,98.07,0
2026-01-16 08:00:00,5.01,64.67,1415.6,67.69,51.13,68.37,0.5123,99.91,0
2026-01-16 08:30:00,5.196,62.95,1419.1,71.6,50.0,62.62,0.5203,102.97,0
2026-01-16 09:00:00,5.37,63.96,1416.5,70.09,56.57,70.38,0.5337,102.25,0
2026-01-16 09:30:00,5.212,65.96,1404.7,71.09,46.73,62.6,0.5202,94.86,0
2026-01-16 10:00:00,4.502,64.94,1412.2,69.69,45.09,66.08,0.4835,102.49,0
2026-01-16 10:30:00,4.646,65.83,1426.9,68.6,48.45,65.37,0.5003,98.93,0
2026-01-16 11:00:00,4.814,68.36,1424.5,71.01,45.58,64.83,0.5061,98.88,0
2026-01-16 11:30:00,4.981,62.01,1422.5,70.88,45.84,69.32,0.49,101.54,0
2026-01-16 12:00:00,5.107,67.76,1408.5,71.37,47.13,63.14,0.5213,104.77,0
2026-01-16 12:30:00,4.801,65.07,1418.2,69.91,47.39,61.16,0.5074,99.47,0
2026-01-16 13:00:00,5.033,63.29,1394.2,69.04,47.38,65.22,0.505,103.48,0
2026-01-16 13:30:00,4.801,62.54,1422.3,67.62,51.13,63.92,0.5063,95.5,0
2026-01-16 14:00:00,4.841,64.62,1437.3,71.21,48.63,75.2,0.4898,100.08,0
2026-01-16 14:30:00,4.646,66.65,1402.4,70.63,49.52,67.05,0.5025,97.94,0
2026-01-16 15:00:00,4.771,64.78,1412.9,68.56,52.27,63.75,0.514,100.28,0
2026-01-16 15:30:00,4.668,67.76,1423.8,69.22,48.18,61.76,0.5106,98.42,0
2026-01-16 16:00:00,4.766,62.45,1434.8,69.34,49.51,59.24,0.5078,95.16,0
2026-01-16 16:30:00,5.277,65.07,1414.3,67.83,51.15,61.76,0.5326,96.39,0
2026-01-16 17:00:00,4.781,62.87,1411.3,68.85,45.45,65.13,0.4904,94.0,0
2026-01-16 17:30:00,5.68,65.8,1395.9,68.39,44.4,69.03,0.5208,94.88,0
2026-01-16 18:00:00,5.149,66.77,1420.7,69.49,51.3,68.06,0.5233,100.11,0
2026-01-16 18:30:00,5.076,64.44,1443.9,69.01,51.73,65.34,0.5201,97.79,0
2026-01-16 19:00:00,4.819,60.54,1422.6,67.7,55.73,63.63,0.5139,99.11,0
2026-01-16 19:30:00,5.213,65.61,1419.0,73.19,51.03,65.36,0.526,103.74,0
2026-01-16 20:00:00,4.898,66.07,1423.0,72.05,52.75,62.95,0.524,97.27,0
2026-01-16 20:30:00,5.077,66.03,1418.9,69.02,50.28,69.62,0.514,99.94,0
2026-01-16 21:00:00,5.69,67.56,1409.2,70.61,51.58,63.85,0.5512,97.99,0
2026-01-16 21:30:00,5.03,63.43,1428.8,70.84,55.07,64.11,0.5261,106.07,0
2026-01-16 22:00:00,5.345,66.61,1421.5,72.02,45.66,57.68,0.5312,88.6,0
2026-01-16 22:30:00,4.886,67.56,1419.0,69.02,52.07,63.69,0.5246,95.37,0
2026-01-16 23:00:00,5.057,62.24,1407.0,71.9,56.44,66.74,0.5236,99.36,0
2026-01-16 23:30:00,5.513,66.04,1434.2,69.46,51.87,60.98,0.5463,95.01,0
2026-01-17 00:00:00,4.917,64.59,1426.5,68.29,55.36,61.88,0.5291,98.84,0
2026-01-17 00:30:00,5.531,65.37,1411.8,71.4,49.73,66.47,0.5316,96.84,0
2026-01-17 01:00:00,5.259,66.17,1430.4,72.26,51.29,59.61,0.5383,99.48,0
2026-01-17 01:30:00,4.945,64.7,1412.3,74.23,51.52,67.17,0.5129,93.36,0
2026-01-17 02:00:00,5.248,64.38,1408.8,68.56,45.96,62.35,0.516,97.15,0
2026-01-17 02:30:00,5.337,65.69,1409.0,71.42,48.65,62.74,0.5285,97.9,0
2026-01-17 03:00:00,5.254,63.7,1396.8,69.78,48.89,60.48,0.5246,96.77,0
2026-01-17 03:30:00,4.71,63.73,1423.6,71.58,53.76,64.94,0.5111,96.7,0
2026-01-17 04:00:00,4.924,66.93,1395.9,68.22,53.95,71.14,0.5178,99.73,0
2026-01-17 04:30:00,5.048,63.67,1403.1,68.55,52.64,66.06,0.5184,90.96,0
2026-01-17 05:00:00,5.095,66.96,1392.8,69.29,53.96,61.08,0.539,96.24,0
2026-01-17 05:30:00,5.273,66.62,1416.6,70.59,51.56,67.03,0.5295,92.11,0
2026-01-17 06:00:00,5.167,62.71,1415.8,69.53,55.04,62.63,0.5313,97.89,0
2026-01-17 06:30:00,4.792,64.62,1413.6,71.49,52.12,67.65,0.5081,92.97,0
2026-01-17 07:00:00,5.225,68.02,1404.9,72.06,52.31,65.9,0.5348,87.94,0
2026-01-17 07:30:00,5.287,64.13,1403.3,71.44,51.57,54.61,0.5424,97.58,0
2026-01-17 08:00:00,5.278,65.08,1422.8,72.98,54.01,60.38,0.5419,94.3,0
2026-01-17 08:30:00,5.412,66.78,1410.6,71.19,51.32,66.18,0.5354,96.05,0
2026-01-17 09:00:00,5.355,67.38,1420.9,68.76,54.88,63.75,0.5474,99.13,0
2026-01-17 09:30:00,5.265,65.55,1406.4,72.65,49.67,60.18,0.5321,95.84,0
2026-01-17 10:00:00,5.137,64.95,1419.1,69.71,49.82,61.3,0.5248,95.1,0
2026-01-17 10:30:00,4.743,68.61,1432.5,72.0,54.35,57.44,0.5373,94.33,0
2026-01-17 11:00:00,5.27,69.21,1423.8,73.01,52.48,62.84,0.5444,90.9,0
2026-01-17 11:30:00,5.218,67.87,1411.7,71.35,51.63,69.69,0.5268,93.57,0
2026-01-17 12:00:00,5.238,66.29,1419.7,68.44,55.06,65.43,0.5386,100.01,0
2026-01-17 12:30:00,4.855,64.71,1413.6,69.32,51.38,69.54,0.5058,92.83,0
2026-01-17 13:00:00,4.908,64.69,1416.5,72.7,52.47,65.57,0.5163,93.36,0
2026-01-17 13:30:00,5.445,67.15,1412.5,70.47,56.53,65.96,0.5509,97.47,0
2026-01-17 14:00:00,5.176,66.99,1414.3,70.86,56.95,68.75,0.5379,88.95,0
2026-01-17 14:30:00,5.361,68.79,1418.7,71.9,57.1,63.91,0.5565,95.31,0
2026-01-17 15:00:00,5.201,67.47,1404.2,71.82,52.53,62.17,0.5388,88.55,0
2026-01-17 15:30:00,5.206,63.62,1403.8,71.21,56.38,65.79,0.5335,94.39,0
2026-01-17 16:00:00,5.437,68.24,1399.3,70.5,51.0,67.0,0.5379,93.0,0
2026-01-17 16:30:00,5.077,64.58,1396.7,70.36,51.17,61.16,0.5253,94.78,0
2026-01-17 17:00:00,5.234,65.71,1401.2,72.13,47.63,60.38,0.526,89.77,0
2026-01-17 17:30:00,5.099,66.88,1417.6,71.69,57.75,62.92,0.5456,91.08,0
2026-01-17 18:00:00,5.11,70.05,1404.9,70.49,51.48,64.95,0.5352,94.55,0
2026-01-17 18:30:00,5.145,72.08,1421.7,72.51,53.39,64.8,0.5465,90.9,0
2026-01-17 19:00:00,5.282,67.6,1415.9,70.71,51.49,58.09,0.5455,94.57,0
2026-01-17 19:30:00,5.11,66.2,1391.8,69.64,55.57,68.05,0.5312,92.8,0
2026-01-17 20:00:00,5.548,67.52,1423.2,69.8,52.96,60.34,0.5549,90.71,0
2026-01-17 20:30:00,5.015,68.19,1425.0,69.48,50.71,61.43,0.5306,90.97,0
2026-01-17 21:00:00,5.195,66.04,1403.2,70.56,55.14,59.47,0.5456,91.8,0
2026-01-17 21:30:00,5.136,69.87,1420.1,72.84,50.52,70.22,0.5254,91.0,0
2026-01-17 22:00:00,5.612,67.08,1404.7,69.79,52.08,62.81,0.5501,93.73,0
2026-01-17 22:30:00,5.303,67.59,1416.1,71.3,48.97,59.48,0.5378,90.3,0
2026-01-17 23:00:00,5.516,67.92,1399.7,70.05,50.74,64.58,0.5429,89.56,0
2026-01-17 23:30:00,4.891,67.51,1393.2,70.66,54.82,64.25,0.5306,93.88,0
2026-01-18 00:00:00,5.333,68.28,1410.1,68.8,49.52,61.33,0.5392,89.76,0
2026-01-18 00:30:00,5.493,65.69,1413.1,70.75,50.8,64.37,0.5369,89.28,0
2026-01-18 01:00:00,5.295,65.82,1409.7,70.81,54.56,59.33,0.5473,83.31,0
2026-01-18 01:30:00,5.545,64.87,1400.2,71.92,53.28,60.28,0.549,87.53,0
2026-01-18 02:00:00,5.153,67.67,1409.6,71.46,59.68,55.68,0.5652,88.0,0
2026-01-18 02:30:00,5.639,68.31,1417.5,69.35,59.35,57.69,0.58,88.77,0
2026-01-18 03:00:00,5.865,67.76,1413.7,72.79,52.67,67.04,0.5558,88.1,0
2026-01-18 03:30:00,5.203,69.98,1416.3,71.49,56.3,66.49,0.5481,93.08,0
2026-01-18 04:00:00,5.187,66.98,1406.0,71.49,56.84,61.72,0.5485,87.68,0
2026-01-18 04:30:00,5.666,68.22,1428.0,71.2,53.54,66.46,0.553,87.78,0
2026-01-18 05:00:00,5.701,65.08,1399.8,70.45,51.36,60.95,0.5492,90.22,0
2026-01-18 05:30:00,5.179,66.37,1419.6,71.57,55.14,60.65,0.5441,86.32,0
2026-01-18 06:00:00,5.209,68.35,1427.9,71.97,54.8,61.5,0.5479,94.19,0
2026-01-18 06:30:00,5.248,68.65,1419.4,68.65,54.21,60.91,0.5495,91.78,0
2026-01-18 07:00:00,4.986,66.62,1411.1,70.48,56.48,60.6,0.5414,85.74,0
2026-01-18 07:30:00,5.097,67.05,1407.1,70.92,53.56,64.62,0.533,92.16,0
2026-01-18 08:00:00,5.079,64.47,1425.8,71.71,52.62,61.6,0.5281,92.65,0
2026-01-18 08:30:00,5.142,66.59,1396.2,73.13,55.84,63.24,0.5412,85.43,0
2026-01-18 09:00:00,5.33,68.86,1401.6,70.2,56.6,64.15,0.554,85.24,0
2026-01-18 09:30:00,5.401,68.32,1408.4,70.62,52.76,62.17,0.5485,86.77,0
2026-01-18 10:00:00,5.734,68.21,1427.9,70.62,58.09,58.05,0.5794,84.23,0
2026-01-18 10:30:00,5.101,67.42,1417.6,70.2,51.41,56.86,0.5403,86.01,0
2026-01-18 11:00:00,5.6,67.37,1401.3,70.9,54.46,61.31,0.5586,87.02,0
2026-01-18 11:30:00,5.305,66.2,1409.1,72.59,55.33,60.31,0.549,89.61,0
2026-01-18 12:00:00,5.35,68.67,1405.4,69.87,54.45,61.04,0.5535,88.21,0
2026-01-18 12:30:00,5.535,68.2,1404.2,72.11,54.69,60.68,0.5599,87.4,0
2026-01-18 13:00:00,5.09,68.35,1424.3,68.93,60.85,68.43,0.5485,86.26,0
2026-01-18 13:30:00,5.47,66.55,1396.1,70.65,54.11,56.64,0.5581,83.66,0
2026-01-18 14:00:00,5.42,63.65,1431.7,71.02,62.41,54.62,0.5729,89.23,0
2026-01-18 14:30:00,5.505,69.52,1422.3,74.04,57.46,61.54,0.5678,89.04,0
2026-01-18 15:00:00,5.459,66.71,1425.4,71.13,56.67,59.36,0.5605,85.35,0
2026-01-18 15:30:00,6.004,66.05,1406.6,68.26,57.69,61.4,0.5774,83.77,0
2026-01-18 16:00:00,5.235,68.88,1410.3,68.58,62.9,62.15,0.5694,91.62,0
2026-01-18 16:30:00,5.266,66.95,1394.8,71.64,54.15,64.21,0.5407,87.56,0
2026-01-18 17:00:00,5.246,69.59,1405.7,72.53,53.9,55.79,0.5587,87.89,0
2026-01-18 17:30:00,5.267,68.82,1417.8,72.19,54.88,58.59,0.5557,87.89,0
2026-01-18 18:00:00,5.251,68.97,1427.3,71.89,56.92,61.5,0.5562,82.83,0
2026-01-18 18:30:00,5.712,65.3,1398.4,73.4,52.59,62.48,0.5509,90.81,0
2026-01-18 19:00:00,5.773,69.97,1407.2,70.86,57.03,66.7,0.5695,84.97,0
2026-01-18 19:30:00,5.28,68.29,1409.7,73.03,61.27,62.94,0.5643,88.52,0
2026-01-18 20:00:00,5.218,67.18,1394.7,69.26,57.48,59.86,0.5545,90.31,0
2026-01-18 20:30:00,5.548,68.13,1418.5,70.36,56.44,57.31,0.5696,86.05,0
2026-01-18 21:00:00,5.296,64.7,1402.6,69.03,55.69,58.24,0.549,82.13,0
2026-01-18 21:30:00,5.597,68.66,1408.9,71.34,59.55,58.11,0.5792,78.07,0
2026-01-18 22:00:00,5.493,66.1,1405.7,71.7,55.31,61.81,0.5531,85.31,0
2026-01-18 22:30:00,5.067,65.54,1401.6,71.96,62.05,60.56,0.5555,86.04,0
2026-01-18 23:00:00,5.837,65.26,1410.9,71.89,62.34,55.78,0.5896,83.42,0
2026-01-18 23:30:00,5.903,70.03,1408.3,70.43,58.21,58.39,0.5896,85.45,0
2026-01-19 00:00:00,5.305,66.92,1406.4,71.55,57.61,62.29,0.5536,86.2,0
2026-01-19 00:30:00,5.365,70.84,1402.0,69.6,60.28,60.66,0.5746,87.76,0
2026-01-19 01:00:00,5.538,67.14,1414.5,73.91,60.51,61.27,0.5711,83.97,0
2026-01-19 01:30:00,5.554,65.06,1430.4,71.43,55.82,60.66,0.5556,84.39,0
2026-01-19 02:00:00,5.639,66.15,1412.2,71.16,56.59,64.35,0.5577,83.87,0
2026-01-19 02:30:00,5.981,70.41,1422.4,74.3,54.67,60.13,0.5818,84.37,0
2026-01-19 03:00:00,5.438,67.93,1393.7,70.07,59.06,58.21,0.5705,82.61,0
2026-01-19 03:30:00,5.287,67.26,1412.2,70.26,59.77,56.58,0.5677,82.46,0
2026-01-19 04:00:00,5.145,68.56,1397.0,70.32,54.8,60.03,0.5484,82.53,0
2026-01-19 04:30:00,5.312,69.2,1392.4,71.88,57.1,51.91,0.5738,84.23,0
2026-01-19 05:00:00,5.49,70.33,1401.2,72.64,54.94,58.63,0.5674,81.09,0
2026-01-19 05:30:00,5.951,70.96,1424.3,73.12,56.13,58.52,0.5882,82.16,0
2026-01-19 06:00:00,5.377,67.73,1421.3,75.88,59.82,55.0,0.5746,88.81,0
2026-01-19 06:30:00,5.566,66.02,1412.7,68.67,56.67,56.26,0.5671,85.94,0
2026-01-19 07:00:00,5.51,67.68,1391.3,72.97,57.82,61.43,0.5645,80.26,0
2026-01-19 07:30:00,5.815,68.92,1407.3,71.24,54.57,59.64,0.5728,85.59,0
2026-01-19 08:00:00,6.154,66.75,1413.2,71.21,59.17,59.21,0.5914,84.75,0
2026-01-19 08:30:00,5.394,66.79,1411.6,71.18,58.66,59.78,0.5627,82.43,0
2026-01-19 09:00:00,5.408,69.15,1387.3,70.76,57.02,59.09,0.5661,80.49,0
2026-01-19 09:30:00,5.795,68.47,1398.6,74.66,58.43,62.49,0.5764,80.03,0
2026-01-19 10:00:00,5.709,68.65,1408.5,73.42,59.42,59.09,0.5814,83.03,0
2026-01-19 10:30:00,6.004,67.25,1415.6,72.2,57.0,54.3,0.5893,79.7,0
2026-01-19 11:00:00,5.692,68.23,1382.7,74.21,55.42,63.52,0.5631,85.4,0
2026-01-19 11:30:00,5.461,67.01,1407.0,69.93,63.69,59.69,0.5783,86.12,0
2026-01-19 12:00:00,5.702,70.3,1410.6,70.22,57.66,56.76,0.5843,81.72,0
2026-01-19 12:30:00,5.836,70.59,1419.0,68.97,59.06,54.73,0.5963,85.14,0
2026-01-19 13:00:00,5.767,65.43,1417.1,71.2,61.9,59.63,0.5807,80.36,0
2026-01-19 13:30:00,5.693,67.1,1415.7,72.51,68.26,58.04,0.6006,79.33,0
2026-01-19 14:00:00,5.837,66.11,1399.0,72.44,56.4,63.07,0.566,84.64,0
2026-01-19 14:30:00,5.867,67.66,1385.6,72.52,60.7,57.26,0.5903,85.96,0
2026-01-19 15:00:00,5.924,68.71,1403.7,70.2,57.87,55.74,0.5902,86.98,0
2026-01-19 15:30:00,5.745,66.27,1420.4,73.53,58.36,60.89,0.5713,81.96,0
2026-01-19 16:00:00,5.545,67.25,1425.0,72.71,57.97,60.93,0.5657,83.42,0
2026-01-19 16:30:00,5.627,67.13,1416.7,73.46,57.03,58.62,0.5694,81.64,0
2026-01-19 17:00:00,5.896,69.34,1413.3,69.54,59.8,60.09,0.5891,84.79,0
2026-01-19 17:30:00,5.394,69.11,1412.6,72.86,56.29,57.91,0.5654,81.75,0
2026-01-19 18:00:00,5.695,67.72,1401.3,70.63,62.41,58.67,0.5866,82.74,0
2026-01-19 18:30:00,5.508,69.36,1406.3,71.83,60.24,61.42,0.5747,76.79,0
2026-01-19 19:00:00,5.618,68.09,1427.8,73.24,61.23,59.75,0.5803,79.38,0
2026-01-19 19:30:00,5.934,68.61,1396.4,72.59,59.07,57.32,0.5909,82.38,0
2026-01-19 20:00:00,5.666,72.13,1427.0,71.2,59.39,61.84,0.5844,81.99,0
2026-01-19 20:30:00,5.634,71.56,1403.7,72.5,61.09,50.64,0.6029,82.38,0
2026-01-19 21:00:00,5.286,66.84,1423.4,70.21,57.53,63.85,0.5502,79.92,0
2026-01-19 21:30:00,5.817,70.7,1390.5,74.25,59.61,52.53,0.6006,77.48,0
2026-01-19 22:00:00,5.796,70.69,1414.3,72.23,58.42,55.72,0.5921,79.13,0
2026-01-19 22:30:00,6.179,67.19,1398.4,74.23,58.41,57.43,0.5941,79.32,0
2026-01-19 23:00:00,5.565,70.76,1390.2,71.78,55.43,57.07,0.5747,79.77,0
2026-01-19 23:30:00,5.701,72.08,1409.7,71.8,64.12,60.48,0.5993,76.02,0
2026-01-20 00:00:00,5.713,67.32,1419.1,71.46,59.12,54.24,0.5847,78.0,0
2026-01-20 00:30:00,6.049,67.71,1396.8,73.93,63.82,58.15,0.6033,78.4,0
2026-01-20 01:00:00,5.635,71.22,1388.8,71.57,63.65,55.58,0.601,71.81,0
2026-01-20 01:30:00,5.732,69.9,1405.6,73.62,57.83,58.16,0.5827,80.91,0
2026-01-20 02:00:00,5.818,70.44,1405.6,72.09,58.39,57.03,0.5902,78.78,0
2026-01-20 02:30:00,5.717,70.08,1413.2,69.72,67.58,57.46,0.6081,78.95,0
2026-01-20 03:00:00,5.563,70.2,1417.9,71.84,65.62,55.48,0.601,76.48,0
2026-01-20 03:30:00,5.727,67.14,1405.7,70.95,61.23,55.55,0.588,79.66,0
2026-01-20 04:00:00,5.951,71.43,1428.6,72.78,62.02,57.9,0.6051,75.28,0
2026-01-20 04:30:00,5.43,71.68,1409.0,70.96,59.86,59.82,0.5792,75.62,0
2026-01-20 05:00:00,5.724,69.19,1402.0,74.15,62.59,55.15,0.5971,79.41,0
2026-01-20 05:30:00,5.519,69.55,1386.8,72.64,59.78,54.29,0.5851,78.46,0
2026-01-20 06:00:00,5.997,66.9,1402.9,72.53,56.56,58.69,0.5805,73.43,0
2026-01-20 06:30:00,5.322,70.61,1401.9,73.79,58.4,56.71,0.5737,81.87,0
2026-01-20 07:00:00,5.567,70.74,1417.4,74.27,61.83,59.25,0.5874,74.74,0
2026-01-20 07:30:00,5.805,69.62,1411.3,72.81,59.01,53.99,0.5938,76.49,0
2026-01-20 08:00:00,6.106,71.79,1391.6,71.7,61.74,51.33,0.6205,82.0,0
2026-01-20 08:30:00,5.702,69.19,1407.7,70.21,59.29,55.02,0.5882,70.45,0
2026-01-20 09:00:00,5.584,70.83,1413.6,71.86,60.09,54.27,0.5913,71.38,0
2026-01-20 09:30:00,6.197,68.01,1423.8,71.98,64.24,56.29,0.6131,77.7,0
2026-01-20 10:00:00,5.368,69.83,1416.0,73.08,62.79,54.57,0.5876,68.81,0
2026-01-20 10:30:00,5.185,69.58,1414.4,72.42,62.22,58.65,0.573,69.99,0
2026-01-20 11:00:00,5.848,70.33,1406.0,73.99,64.51,55.52,0.6085,79.52,0
2026-01-20 11:30:00,5.617,69.28,1409.8,72.05,63.58,56.79,0.5936,74.64,0
2026-01-20 12:00:00,5.491,69.74,1420.1,72.9,66.06,56.76,0.5965,82.32,0
2026-01-20 12:30:00,5.928,71.49,1389.0,74.78,61.36,56.83,0.6043,72.5,0
2026-01-20 13:00:00,5.815,69.24,1400.7,73.53,61.5,56.13,0.5962,74.53,0
2026-01-20 13:30:00,5.617,67.16,1395.6,72.94,59.39,57.68,0.5765,76.98,0
2026-01-20 14:00:00,5.442,73.23,1409.3,72.15,61.64,53.72,0.5971,76.64,0
2026-01-20 14:30:00,5.985,72.6,1419.4,72.12,65.19,60.26,0.6135,74.33,0
2026-01-20 15:00:00,5.933,67.81,1397.4,71.81,66.09,55.3,0.6095,73.03,0
2026-01-20 15:30:00,5.75,71.4,1375.8,72.29,65.31,52.03,0.615,75.54,0
2026-01-20 16:00:00,6.24,69.28,1399.5,74.25,58.49,56.48,0.6031,78.85,0
2026-01-20 16:30:00,5.515,70.69,1415.3,72.8,65.75,53.32,0.6042,76.88,0
2026-01-20 17:00:00,5.405,70.77,1410.7,71.12,58.51,57.82,0.5757,72.56,0
2026-01-20 17:30:00,5.618,69.85,1409.3,75.81,65.42,62.41,0.5912,71.36,0
2026-01-20 18:00:00,5.783,68.89,1400.7,73.66,62.32,53.37,0.6004,72.13,0
2026-01-20 18:30:00,5.859,69.08,1388.7,71.08,65.07,56.68,0.6054,70.26,0
2026-01-20 19:00:00,5.742,68.7,1410.1,72.55,60.04,50.37,0.5973,74.39,0
2026-01-20 19:30:00,5.895,68.88,1393.9,73.39,66.37,56.95,0.609,76.27,0
2026-01-20 20:00:00,5.498,70.28,1430.0,75.8,59.85,52.89,0.5884,73.48,0
2026-01-20 20:30:00,6.175,69.14,1410.6,71.6,61.9,53.62,0.6133,78.73,0
2026-01-20 21:00:00,5.798,71.68,1396.7,74.74,61.15,52.15,0.6068,78.77,0
2026-01-20 21:30:00,6.102,73.16,1396.2,75.39,59.32,57.6,0.6084,74.24,0
2026-01-20 22:00:00,5.912,69.47,1402.4,72.36,64.01,58.38,0.6031,75.29,0
2026-01-20 22:30:00,5.945,70.97,1400.5,72.91,68.36,55.38,0.6233,70.36,0
2026-01-20 23:00:00,5.977,71.46,1416.7,71.78,70.58,52.67,0.6353,71.85,0
2026-01-20 23:30:00,5.95,71.44,1405.5,73.05,64.22,59.99,0.6074,76.62,0
2026-01-21 00:00:00,6.003,70.75,1394.4,73.32,66.83,52.92,0.6247,70.94,0
2026-01-21 00:30:00,6.179,71.98,1425.8,74.38,64.69,48.64,0.635,77.01,0
2026-01-21 01:00:00,5.9,71.54,1403.6,75.04,65.42,56.45,0.6142,75.76,0
2026-01-21 01:30:00,6.032,68.47,1412.1,72.3,63.39,51.72,0.6132,74.55,0
2026-01-21 02:00:00,5.836,72.29,1395.5,70.48,64.8,57.95,0.6101,68.65,0
2026-01-21 02:30:00,6.223,72.35,1407.1,73.42,65.72,53.79,0.6323,71.11,0
2026-01-21 03:00:00,5.697,69.4,1406.4,73.91,63.0,56.7,0.5954,73.85,0
2026-01-21 03:30:00,6.321,70.87,1379.9,73.86,64.32,59.05,0.6206,68.83,0
2026-01-21 04:00:00,5.865,72.06,1426.7,73.01,64.43,51.17,0.6197,71.09,0
2026-01-21 04:30:00,5.521,70.48,1417.9,73.7,66.71,53.05,0.6066,73.79,0
2026-01-21 05:00:00,5.915,72.82,1397.6,75.8,62.04,54.48,0.6124,69.7,0
2026-01-21 05:30:00,5.716,75.17,1389.0,74.12,64.65,59.27,0.6107,68.74,0
2026-01-21 06:00:00,6.101,69.52,1406.4,73.0,69.62,52.63,0.6324,65.75,0
2026-01-21 06:30:00,5.731,68.48,1403.1,72.83,67.82,52.78,0.6122,69.86,0
2026-01-21 07:00:00,5.787,71.54,1406.3,73.34,68.35,55.95,0.6183,73.21,0
2026-01-21 07:30:00,5.43,72.32,1404.2,76.07,65.1,52.74,0.6045,68.15,0
2026-01-21 08:00:00,5.794,70.63,1407.9,73.35,65.91,54.88,0.6118,70.69,0
2026-01-21 08:30:00,5.305,73.69,1419.2,73.61,67.68,49.72,0.6145,69.84,0
2026-01-21 09:00:00,5.519,68.69,1408.5,72.93,69.14,60.97,0.5963,68.39,0
2026-01-21 09:30:00,6.109,72.37,1389.0,75.32,60.43,50.24,0.6205,72.77,0
2026-01-21 10:00:00,6.119,70.06,1417.9,76.63,62.09,53.27,0.6146,75.06,0
2026-01-21 10:30:00,6.033,74.27,1421.2,74.38,68.72,54.09,0.6375,73.02,0
2026-01-21 11:00:00,5.689,74.79,1439.2,73.85,64.82,59.88,0.6083,67.79,0
2026-01-21 11:30:00,5.923,69.85,1387.8,73.79,63.9,50.12,0.6165,75.72,0
2026-01-21 12:00:00,5.938,70.27,1404.1,70.18,62.51,60.0,0.5998,72.62,0
2026-01-21 12:30:00,5.653,72.83,1376.2,74.89,64.32,56.27,0.6063,68.12,0
2026-01-21 13:00:00,6.322,70.61,1407.7,73.99,62.27,55.21,0.6207,67.04,0
2026-01-21 13:30:00,6.17,71.26,1394.4,74.45,71.07,50.96,0.6453,72.6,0
2026-01-21 14:00:00,5.899,71.41,1424.0,72.75,65.85,55.58,0.6163,69.63,0
2026-01-21 14:30:00,5.965,67.94,1391.5,73.26,65.83,51.65,0.6157,66.43,0
2026-01-21 15:00:00,6.015,71.39,1380.5,73.23,67.51,57.57,0.6214,68.41,0
2026-01-21 15:30:00,5.456,70.2,1395.0,75.4,68.52,50.81,0.6116,67.51,0
2026-01-21 16:00:00,5.909,70.58,1376.9,73.31,68.54,53.34,0.6246,66.13,0
2026-01-21 16:30:00,5.804,74.1,1409.5,77.02,68.93,51.96,0.6328,71.52,0
2026-01-21 17:00:00,5.728,69.26,1375.6,74.56,64.73,50.62,0.6095,70.69,0
2026-01-21 17:30:00,5.912,73.01,1400.7,72.02,65.63,55.76,0.6199,70.73,0
2026-01-21 18:00:00,6.436,71.08,1375.3,73.75,68.37,55.1,0.6412,70.57,0
2026-01-21 18:30:00,6.151,71.1,1396.3,72.99,65.19,57.07,0.6204,65.22,0
2026-01-21 19:00:00,5.852,73.05,1419.8,70.69,66.56,48.06,0.6318,66.03,0
2026-01-21 19:30:00,6.142,72.27,1404.4,76.39,67.64,56.54,0.6299,72.09,0
2026-01-21 20:00:00,6.353,72.71,1389.6,75.07,68.67,60.82,0.6346,67.91,0
2026-01-21 20:30:00,6.238,73.45,1399.5,74.83,62.33,51.9,0.6299,63.04,0
2026-01-21 21:00:00,6.026,71.14,1400.0,74.29,68.63,58.89,0.622,67.98,0
2026-01-21 21:30:00,5.853,70.66,1405.4,71.99,66.33,52.37,0.6188,69.16,0
2026-01-21 22:00:00,6.193,69.84,1383.2,73.35,68.75,49.0,0.6397,68.64,0
2026-01-21 22:30:00,6.121,70.33,1406.7,75.35,68.99,52.15,0.6343,64.13,0
2026-01-21 23:00:00,6.25,77.15,1367.0,72.53,71.13,56.17,0.6552,72.48,0
2026-01-21 23:30:00,6.189,74.11,1391.8,70.33,70.56,50.46,0.6526,62.19,0
2026-01-22 00:00:00,6.297,69.47,1393.4,73.8,70.61,51.13,0.6439,66.9,0
2026-01-22 00:30:00,5.905,69.54,1406.8,73.94,70.92,54.66,0.6258,71.64,0
2026-01-22 01:00:00,6.372,72.82,1399.4,74.37,68.11,52.84,0.6461,68.08,0
2026-01-22 01:30:00,6.096,72.96,1382.2,75.28,67.53,54.54,0.6328,68.69,0
2026-01-22 02:00:00,6.57,72.99,1387.2,75.16,69.69,53.46,0.6565,62.89,0
2026-01-22 02:30:00,5.882,71.57,1401.3,74.61,69.41,54.13,0.6271,66.97,0
2026-01-22 03:00:00,6.493,71.83,1397.9,76.03,66.87,51.35,0.647,65.69,0
2026-01-22 03:30:00,6.112,72.67,1391.8,71.97,68.72,53.3,0.6375,62.28,0
2026-01-22 04:00:00,5.904,72.27,1392.9,75.02,67.69,49.77,0.6319,68.14,0
2026-01-22 04:30:00,5.95,68.14,1406.9,75.22,65.71,56.37,0.6083,62.96,0
2026-01-22 05:00:00,5.995,71.75,1392.3,72.44,71.14,50.56,0.6412,63.19,0
2026-01-22 05:30:00,6.185,70.66,1397.4,72.06,68.12,55.8,0.6297,66.46,0
2026-01-22 06:00:00,6.213,72.53,1424.4,73.21,73.17,51.67,0.6542,64.6,0
2026-01-22 06:30:00,5.943,77.62,1381.2,73.35,64.05,52.93,0.6328,65.41,0
2026-01-22 07:00:00,6.085,72.93,1376.0,75.49,66.79,50.79,0.6361,64.17,0
2026-01-22 07:30:00,6.63,71.73,1407.5,73.46,68.33,49.18,0.6584,68.89,0
2026-01-22 08:00:00,6.531,73.98,1389.9,73.11,71.16,46.95,0.671,61.75,0
2026-01-22 08:30:00,6.212,73.22,1394.1,73.49,69.38,48.97,0.6505,63.0,0
2026-01-22 09:00:00,6.116,73.13,1388.5,76.1,69.22,51.12,0.6433,65.71,0
2026-01-22 09:30:00,6.141,73.5,1394.7,74.46,65.69,52.68,0.6339,61.18,0
2026-01-22 10:00:00,6.268,76.13,1416.9,74.19,65.69,55.03,0.6414,60.92,0
2026-01-22 10:30:00,5.863,70.42,1407.3,74.31,69.45,50.61,0.629,64.3,0
2026-01-22 11:00:00,6.058,73.34,1407.9,76.43,65.3,49.26,0.6348,66.36,0
2026-01-22 11:30:00,5.71,70.84,1380.5,73.38,67.45,47.53,0.6243,66.63,0
2026-01-22 12:00:00,6.231,73.54,1383.6,76.5,70.1,53.25,0.6473,63.78,0
2026-01-22 12:30:00,6.297,70.91,1363.2,74.85,66.46,55.91,0.6299,61.36,0
2026-01-22 13:00:00,6.018,71.84,1387.5,74.31,72.99,55.51,0.6394,64.08,0
2026-01-22 13:30:00,6.536,72.09,1408.6,78.32,72.11,53.8,0.6586,64.82,0
2026-01-22 14:00:00,5.84,74.4,1403.3,73.0,65.18,53.54,0.6231,63.78,0
2026-01-22 14:30:00,5.785,74.32,1394.3,74.07,66.85,56.67,0.6204,66.57,0
2026-01-22 15:00:00,6.211,70.46,1396.6,72.77,63.53,52.52,0.6236,59.7,0
2026-01-22 15:30:00,6.421,72.82,1388.6,76.06,67.36,53.42,0.645,60.52,0
2026-01-22 16:00:00,6.584,71.47,1399.2,77.18,71.3,50.47,0.6616,65.77,0
2026-01-22 16:30:00,6.052,70.51,1405.9,77.17,68.41,47.3,0.6382,57.94,0
2026-01-22 17:00:00,6.44,72.41,1377.2,76.52,70.67,49.29,0.6592,60.61,0
2026-01-22 17:30:00,6.165,72.28,1400.1,74.4,65.77,51.27,0.634,59.91,0
2026-01-22 18:00:00,6.136,77.23,1407.6,74.17,71.64,51.43,0.6598,57.28,0
2026-01-22 18:30:00,6.404,73.66,1391.4,72.22,68.33,56.98,0.6436,61.29,0
2026-01-22 19:00:00,6.35,70.43,1404.7,77.8,69.81,51.4,0.6458,63.96,0
2026-01-22 19:30:00,5.797,71.92,1430.0,75.47,69.61,54.64,0.6248,62.06,0
2026-01-22 20:00:00,6.564,74.8,1394.9,74.04,66.73,49.76,0.6589,63.86,0
2026-01-22 20:30:00,6.544,76.75,1400.7,76.79,67.1,50.08,0.6635,64.91,0
2026-01-22 21:00:00,6.046,70.16,1387.1,73.35,72.47,46.98,0.6477,60.05,0
2026-01-22 21:30:00,6.306,69.66,1398.0,75.44,71.11,48.69,0.6496,69.02,0
2026-01-22 22:00:00,6.334,76.44,1401.3,74.58,72.81,52.45,0.6661,59.92,0
2026-01-22 22:30:00,6.28,73.8,1398.0,75.82,71.06,50.85,0.6557,60.19,0
2026-01-22 23:00:00,6.081,71.56,1383.4,74.78,70.67,53.61,0.638,58.58,0
2026-01-22 23:30:00,6.055,74.11,1398.0,72.71,66.07,51.28,0.6355,62.21,0
2026-01-23 00:00:00,6.22,68.43,1413.0,75.02,69.77,49.63,0.6388,59.57,0
2026-01-23 00:30:00,6.524,73.21,1400.8,76.5,70.45,57.09,0.6519,60.08,0
2026-01-23 01:00:00,6.371,73.82,1406.8,74.9,75.46,50.31,0.6707,59.58,0
2026-01-23 01:30:00,6.146,74.92,1392.4,76.12,72.36,54.04,0.6523,59.38,0
2026-01-23 02:00:00,6.436,71.46,1404.1,73.4,74.55,49.3,0.6663,60.41,0
2026-01-23 02:30:00,5.535,73.47,1398.4,74.95,72.27,52.58,0.6292,58.46,0
2026-01-23 03:00:00,6.538,71.67,1383.6,74.07,69.07,53.19,0.6509,58.47,0
2026-01-23 03:30:00,5.82,73.83,1398.7,76.14,71.21,50.99,0.6398,62.77,0
2026-01-23 04:00:00,6.168,71.78,1382.9,75.08,71.57,43.25,0.6594,58.55,0
2026-01-23 04:30:00,5.983,72.68,1387.1,76.09,68.7,50.32,0.6374,60.45,0
2026-01-23 05:00:00,5.943,71.65,1396.9,76.7,70.15,53.91,0.6317,56.5,0
2026-01-23 05:30:00,6.561,74.64,1398.1,76.12,70.67,51.76,0.6653,57.71,0
2026-01-23 06:00:00,6.158,75.04,1380.2,75.51,75.26,51.46,0.6641,55.22,0
2026-01-23 06:30:00,6.365,73.1,1407.1,73.62,66.11,44.91,0.6535,64.35,0
2026-01-23 07:00:00,6.271,73.62,1401.2,75.13,74.4,47.87,0.6677,62.79,0
2026-01-23 07:30:00,6.406,70.97,1385.8,74.35,69.11,51.22,0.6476,60.32,0
2026-01-23 08:00:00,6.31,73.07,1375.7,74.65,68.08,51.17,0.647,64.86,0
2026-01-23 08:30:00,5.974,73.54,1392.4,74.62,74.53,53.54,0.649,60.59,0
2026-01-23 09:00:00,6.548,78.38,1388.7,73.73,73.48,49.41,0.6847,57.64,0
2026-01-23 09:30:00,6.179,71.68,1395.3,72.28,74.85,51.02,0.6561,59.14,0
2026-01-23 10:00:00,5.918,76.35,1389.5,74.23,73.78,49.8,0.6577,61.98,0
2026-01-23 10:30:00,6.204,75.53,1369.7,75.53,77.0,46.75,0.6783,55.13,0
2026-01-23 11:00:00,6.69,74.27,1389.0,73.24,73.31,42.89,0.6888,54.12,0
2026-01-23 11:30:00,6.531,76.96,1390.0,75.3,71.59,50.91,0.6736,58.73,0
2026-01-23 12:00:00,6.236,74.49,1401.1,78.14,72.91,50.09,0.6616,55.63,0
2026-01-23 12:30:00,6.24,74.55,1385.1,76.84,75.22,47.67,0.6713,50.48,0
2026-01-23 13:00:00,6.25,73.78,1413.5,77.79,70.23,44.62,0.6619,53.4,0
2026-01-23 13:30:00,6.854,76.1,1370.4,75.93,70.62,51.32,0.6797,56.07,0
2026-01-23 14:00:00,6.434,75.9,1409.0,77.11,71.54,48.58,0.6709,57.02,0
2026-01-23 14:30:00,6.45,72.83,1390.5,74.29,67.12,51.0,0.6491,56.99,0
2026-01-23 15:00:00,6.604,71.6,1403.4,74.42,72.79,54.88,0.6598,62.64,0
2026-01-23 15:30:00,6.411,73.64,1393.9,71.29,67.8,42.82,0.6637,55.87,0
2026-01-23 16:00:00,6.29,72.59,1406.6,77.2,72.71,47.09,0.6628,57.2,0
2026-01-23 16:30:00,6.31,73.95,1388.2,77.75,74.81,48.52,0.67,51.36,0
2026-01-23 17:00:00,6.345,76.31,1379.6,74.62,71.52,53.46,0.6615,56.02,0
2026-01-23 17:30:00,6.358,73.29,1409.7,75.09,76.97,44.14,0.682,56.99,0
2026-01-23 18:00:00,6.553,74.06,1391.2,74.35,69.2,54.81,0.6553,51.73,0
2026-01-23 18:30:00,6.388,74.27,1395.2,76.07,75.89,49.37,0.6749,52.93,0
2026-01-23 19:00:00,6.562,75.72,1407.2,77.2,74.67,48.62,0.6827,57.07,0
2026-01-23 19:30:00,6.363,70.18,1380.0,72.92,68.76,48.27,0.6476,53.84,0
2026-01-23 20:00:00,6.407,73.15,1399.4,76.16,79.89,47.51,0.6856,55.04,0
2026-01-23 20:30:00,5.891,74.65,1385.1,75.15,73.02,51.92,0.6475,56.84,0
2026-01-23 21:00:00,6.624,76.46,1390.5,75.75,71.06,45.52,0.6823,61.21,0
2026-01-23 21:30:00,6.486,73.44,1392.9,76.28,69.8,49.72,0.6605,54.3,0
2026-01-23 22:00:00,6.652,70.98,1373.9,75.33,72.83,47.48,0.6711,60.15,0
2026-01-23 22:30:00,5.683,75.5,1382.5,75.47,73.13,46.3,0.651,48.84,0
2026-01-23 23:00:00,6.933,73.26,1408.0,75.32,73.77,56.3,0.6758,55.03,0
2026-01-23 23:30:00,6.38,72.29,1402.3,77.12,72.84,49.75,0.6615,53.46,0
2026-01-24 00:00:00,6.696,73.34,1390.9,76.3,75.23,50.29,0.6804,52.73,0
2026-01-24 00:30:00,6.163,74.15,1394.5,76.02,72.75,51.81,0.6552,56.18,0
2026-01-24 01:00:00,6.58,73.42,1387.9,73.8,68.95,44.09,0.6701,53.43,0
2026-01-24 01:30:00,6.168,70.57,1407.7,75.16,73.48,53.56,0.6456,47.87,0
2026-01-24 02:00:00,6.279,76.18,1388.9,77.09,68.0,40.73,0.6691,49.06,0
2026-01-24 02:30:00,6.917,76.89,1394.0,75.81,74.87,45.91,0.7026,55.86,0
2026-01-24 03:00:00,6.395,75.79,1404.9,76.76,71.6,46.79,0.6721,48.65,0
2026-01-24 03:30:00,6.501,72.6,1381.7,78.44,74.52,49.86,0.6706,55.68,0
2026-01-24 04:00:00,6.668,74.31,1409.7,77.36,77.47,48.73,0.6898,53.69,0
2026-01-24 04:30:00,6.579,74.69,1372.5,75.96,71.88,47.52,0.6754,52.67,0
2026-01-24 05:00:00,6.497,75.8,1410.4,75.07,76.97,47.94,0.6874,52.81,0
2026-01-24 05:30:00,6.554,75.96,1386.3,72.02,73.3,45.0,0.685,54.47,0
2026-01-24 06:00:00,7.068,73.46,1387.7,75.62,78.83,43.39,0.713,49.27,0
2026-01-24 06:30:00,6.457,74.95,1367.9,75.39,73.6,50.02,0.6723,52.8,0
2026-01-24 07:00:00,6.525,75.66,1385.0,76.49,72.48,49.87,0.6739,49.13,0
2026-01-24 07:30:00,6.742,77.48,1377.9,75.69,76.37,52.5,0.6918,52.91,0
2026-01-24 08:00:00,6.759,76.15,1383.0,75.45,73.63,45.33,0.693,54.23,0
2026-01-24 08:30:00,6.784,76.33,1388.6,73.28,72.68,49.73,0.6854,52.66,0
2026-01-24 09:00:00,6.651,75.09,1401.7,74.55,73.66,46.75,0.6845,53.86,0
2026-01-24 09:30:00,6.209,77.51,1392.6,76.69,74.81,51.13,0.6714,49.81,0
2026-01-24 10:00:00,6.907,75.73,1393.7,78.57,78.34,50.58,0.7011,51.6,0
2026-01-24 10:30:00,6.216,73.47,1376.8,75.87,70.21,48.1,0.6546,50.94,0
2026-01-24 11:00:00,6.583,77.57,1379.3,76.52,75.17,46.4,0.6927,50.62,0
2026-01-24 11:30:00,6.322,76.33,1411.4,77.47,76.75,50.25,0.6786,49.0,0
2026-01-24 12:00:00,6.499,74.3,1380.9,74.84,75.73,49.27,0.6787,49.98,0
2026-01-24 12:30:00,6.601,74.26,1409.5,76.63,78.59,45.22,0.6953,47.81,0
2026-01-24 13:00:00,6.603,75.69,1386.6,74.98,75.2,43.25,0.6935,45.93,0
2026-01-24 13:30:00,6.632,76.01,1389.5,77.41,74.99,46.32,0.6902,48.79,0
2026-01-24 14:00:00,6.934,75.56,1402.2,76.35,77.0,51.68,0.6966,52.64,0
2026-01-24 14:30:00,6.648,75.79,1404.6,76.59,75.83,50.53,0.686,51.34,0
2026-01-24 15:00:00,6.478,78.32,1387.9,74.98,74.67,43.71,0.6937,46.74,0
2026-01-24 15:30:00,6.784,77.22,1384.5,77.23,77.01,43.49,0.7078,49.16,0
2026-01-24 16:00:00,6.844,75.66,1388.4,79.32,74.15,50.78,0.6879,52.33,0
2026-01-24 16:30:00,6.244,77.03,1393.0,74.69,74.32,43.5,0.6817,48.78,0
2026-01-24 17:00:00,6.704,73.51,1399.6,75.71,74.6,48.39,0.6823,45.74,0
2026-01-24 17:30:00,6.734,76.11,1388.9,76.58,79.37,44.96,0.7069,56.64,0
2026-01-24 18:00:00,6.489,78.68,1396.2,77.43,68.0,51.62,0.6664,49.24,0
2026-01-24 18:30:00,6.911,75.05,1408.3,75.43,77.11,44.41,0.7057,46.13,0
2026-01-24 19:00:00,6.534,73.95,1393.2,72.03,76.27,50.1,0.6791,50.0,0
2026-01-24 19:30:00,6.606,74.33,1392.2,78.34,72.05,47.18,0.6764,49.1,0
2026-01-24 20:00:00,6.536,73.57,1370.2,77.46,77.09,47.33,0.6844,44.61,0
2026-01-24 20:30:00,6.587,74.14,1356.8,73.72,77.57,40.62,0.6989,49.39,0
2026-01-24 21:00:00,6.313,74.91,1392.9,75.44,77.93,39.88,0.6932,51.93,0
2026-01-24 21:30:00,6.231,73.08,1387.0,78.72,69.89,45.78,0.6568,48.15,0
2026-01-24 22:00:00,6.994,75.66,1381.9,78.55,80.0,47.13,0.7132,42.54,0
2026-01-24 22:30:00,6.387,77.28,1390.9,77.8,74.81,42.97,0.6893,49.62,0
2026-01-24 23:00:00,6.355,74.05,1387.2,76.15,78.43,43.03,0.6891,50.28,0
2026-01-24 23:30:00,6.069,78.45,1401.4,76.55,78.64,47.94,0.6832,46.58,0
2026-01-25 00:00:00,6.451,76.66,1388.8,76.25,74.66,47.89,0.6823,46.48,0
2026-01-25 00:30:00,6.284,77.62,1378.7,78.15,78.57,45.74,0.6918,54.86,0
2026-01-25 01:00:00,7.03,74.61,1399.5,75.16,76.02,48.45,0.6999,45.98,0
2026-01-25 01:30:00,6.876,77.36,1384.9,75.28,71.87,42.54,0.6999,44.47,0
2026-01-25 02:00:00,6.455,73.88,1393.8,78.02,80.04,44.95,0.6933,47.78,0
2026-01-25 02:30:00,7.194,77.48,1381.6,76.46,75.25,50.91,0.7072,49.3,0
2026-01-25 03:00:00,6.881,76.21,1379.5,78.61,75.12,46.13,0.6999,49.05,0
2026-01-25 03:30:00,6.558,76.92,1388.2,75.55,76.31,46.26,0.6932,39.92,0
2026-01-25 04:00:00,6.018,73.84,1387.3,76.49,78.07,52.75,0.6613,45.21,0
2026-01-25 04:30:00,7.22,74.37,1392.8,75.2,77.31,41.59,0.7195,50.53,0
2026-01-25 05:00:00,6.304,77.08,1383.8,76.62,78.89,48.13,0.6884,47.92,0
2026-01-25 05:30:00,6.244,74.33,1364.9,74.4,74.24,50.68,0.6639,43.11,0
2026-01-25 06:00:00,6.915,76.89,1381.6,75.9,75.8,44.67,0.7067,50.41,0
2026-01-25 06:30:00,7.273,73.63,1396.3,74.5,77.43,48.18,0.7099,49.45,0
2026-01-25 07:00:00,7.013,77.64,1383.1,77.71,82.53,42.6,0.732,45.54,0
2026-01-25 07:30:00,6.812,73.92,1383.6,77.76,77.57,43.44,0.702,48.94,0
2026-01-25 08:00:00,6.824,77.16,1398.3,74.11,80.63,46.61,0.7134,52.17,0
2026-01-25 08:30:00,6.892,77.32,1377.9,78.72,78.08,47.81,0.708,42.88,0
2026-01-25 09:00:00,6.873,74.97,1367.8,80.48,76.84,48.73,0.697,47.59,0
2026-01-25 09:30:00,6.757,77.3,1384.3,76.82,77.5,50.03,0.6985,51.75,0
2026-01-25 10:00:00,6.717,76.74,1380.4,75.8,77.76,45.07,0.7038,47.62,0
2026-01-25 10:30:00,6.679,75.33,1374.5,81.02,79.76,48.8,0.6983,43.28,0
2026-01-25 11:00:00,6.511,74.51,1383.9,74.82,81.76,44.15,0.7023,46.13,0
2026-01-25 11:30:00,6.633,72.82,1391.8,76.84,79.28,47.84,0.6907,49.39,0
2026-01-25 12:00:00,6.284,77.01,1385.7,77.1,81.42,45.71,0.6975,42.11,0
2026-01-25 12:30:00,6.687,73.59,1389.5,78.86,76.11,46.37,0.6887,44.94,0
2026-01-25 13:00:00,6.468,76.61,1407.5,77.4,77.55,46.26,0.6924,44.17,0
2026-01-25 13:30:00,6.443,75.99,1381.5,76.13,76.84,40.13,0.6974,42.88,0
2026-01-25 14:00:00,6.768,77.71,1388.9,75.47,79.51,41.52,0.7176,45.37,0
2026-01-25 14:30:00,7.075,75.97,1379.3,76.4,77.89,45.16,0.7145,44.22,0
2026-01-25 15:00:00,6.961,75.95,1375.2,75.41,80.68,39.74,0.7256,46.32,0
2026-01-25 15:30:00,6.343,77.89,1378.3,77.01,76.59,47.25,0.6873,47.69,0
2026-01-25 16:00:00,6.492,77.2,1379.5,76.11,79.09,47.32,0.697,40.32,0
2026-01-25 16:30:00,6.978,77.19,1389.5,74.73,80.77,45.64,0.7207,44.21,0
2026-01-25 17:00:00,6.502,77.49,1413.2,78.87,73.96,41.25,0.6943,43.72,0
2026-01-25 17:30:00,6.695,73.91,1376.4,76.26,84.49,48.71,0.7073,44.36,0
2026-01-25 18:00:00,6.893,78.06,1379.9,75.12,78.54,50.63,0.7068,43.58,0
2026-01-25 18:30:00,6.517,77.83,1384.1,76.78,74.26,44.92,0.6909,40.56,0
2026-01-25 19:00:00,6.79,74.92,1389.5,77.16,79.78,45.96,0.7055,47.74,0
2026-01-25 19:30:00,6.434,76.34,1387.8,74.45,79.54,44.99,0.6974,48.89,0
2026-01-25 20:00:00,6.621,76.74,1400.0,77.58,79.31,45.93,0.703,44.76,0
2026-01-25 20:30:00,6.855,76.59,1355.4,75.53,82.06,43.93,0.7207,44.78,0
2026-01-25 21:00:00,6.381,77.46,1355.8,79.68,81.52,44.14,0.7046,43.26,0
2026-01-25 21:30:00,6.893,79.46,1378.4,77.92,80.46,46.91,0.7207,45.64,0
2026-01-25 22:00:00,6.782,78.86,1397.4,76.55,80.91,51.19,0.71,35.28,0
2026-01-25 22:30:00,6.929,74.58,1365.4,76.05,79.59,39.9,0.7181,42.47,0
2026-01-25 23:00:00,6.851,78.09,1348.0,77.02,84.36,43.74,0.7303,40.64,0
2026-01-25 23:30:00,7.14,79.39,1390.9,78.12,76.29,40.47,0.7284,42.66,0
2026-01-26 00:00:00,6.835,77.72,1386.9,77.17,80.4,48.74,0.7114,45.38,0
2026-01-26 00:30:00,6.7,79.01,1370.8,76.9,80.28,42.15,0.7195,42.03,0
2026-01-26 01:00:00,6.842,80.7,1371.9,77.33,82.22,39.54,0.7374,40.76,0
2026-01-26 01:30:00,6.951,78.94,1372.1,76.36,78.14,45.74,0.7174,37.51,0
2026-01-26 02:00:00,6.831,77.58,1384.9,76.76,75.96,49.01,0.6994,41.26,0
2026-01-26 02:30:00,6.833,79.04,1376.0,74.16,80.78,45.72,0.7201,43.48,0
2026-01-26 03:00:00,6.652,77.44,1389.4,78.77,81.16,44.3,0.7129,38.81,0
2026-01-26 03:30:00,6.665,77.25,1349.1,77.77,84.24,44.86,0.7197,35.2,0
2026-01-26 04:00:00,6.485,76.6,1373.0,76.18,77.41,47.83,0.6902,47.9,0
2026-01-26 04:30:00,7.277,80.08,1369.7,80.21,83.54,40.92,0.7523,41.96,0
2026-01-26 05:00:00,6.532,75.82,1380.1,77.5,86.64,43.16,0.72,40.16,0
2026-01-26 05:30:00,6.674,80.07,1376.6,75.83,79.84,42.09,0.7202,44.87,0
2026-01-26 06:00:00,6.672,78.24,1392.5,78.69,77.63,39.9,0.7133,40.99,0
2026-01-26 06:30:00,7.079,74.85,1360.6,78.02,79.9,42.37,0.7211,44.44,0
2026-01-26 07:00:00,6.786,78.06,1383.4,78.03,81.02,46.63,0.7152,44.05,0
2026-01-26 07:30:00,7.175,73.64,1389.4,76.81,82.46,44.96,0.724,36.36,0
2026-01-26 08:00:00,6.699,78.57,1404.9,78.14,79.64,45.15,0.7123,41.44,0
2026-01-26 08:30:00,6.941,79.07,1376.8,77.09,85.08,43.61,0.7379,45.11,0
2026-01-26 09:00:00,6.666,76.44,1386.4,78.33,78.47,44.69,0.7035,36.81,0
2026-01-26 09:30:00,7.416,77.75,1360.8,74.66,76.97,40.67,0.7353,36.72,0
2026-01-26 10:00:00,6.586,81.07,1353.6,76.88,84.15,42.1,0.7304,37.1,0
2026-01-26 10:30:00,6.965,76.67,1392.4,80.13,75.77,43.56,0.7095,42.09,0
2026-01-26 11:00:00,7.05,75.7,1382.1,76.41,81.01,43.77,0.7229,40.15,0
2026-01-26 11:30:00,6.999,80.3,1396.2,76.68,89.38,43.85,0.7534,33.36,0
2026-01-26 12:00:00,6.853,81.19,1365.5,76.93,81.62,42.43,0.7333,40.06,0
2026-01-26 12:30:00,6.871,77.7,1388.2,75.79,78.92,41.66,0.7195,38.16,0
2026-01-26 13:00:00,6.918,79.54,1404.3,74.32,81.64,52.22,0.7168,38.45,0
2026-01-26 13:30:00,6.875,80.16,1386.8,77.3,81.73,45.42,0.7272,36.15,0
2026-01-26 14:00:00,7.156,76.43,1385.0,77.86,82.32,43.89,0.7315,39.58,0
2026-01-26 14:30:00,7.472,76.92,1381.7,77.6,83.64,41.91,0.7501,41.55,0
2026-01-26 15:00:00,6.784,80.04,1362.7,77.48,79.46,41.21,0.7244,36.35,0
2026-01-26 15:30:00,6.585,80.88,1397.7,77.77,86.34,42.12,0.7353,33.1,0
2026-01-26 16:00:00,6.909,78.89,1374.0,79.26,82.8,43.35,0.731,37.11,0
2026-01-26 16:30:00,7.58,76.32,1387.3,77.46,84.07,36.78,0.7611,40.16,0
2026-01-26 17:00:00,6.738,81.51,1362.5,76.9,80.75,37.67,0.735,36.5,0
2026-01-26 17:30:00,7.353,77.0,1367.0,77.35,85.6,40.42,0.7532,33.15,0
2026-01-26 18:00:00,7.367,77.38,1398.3,78.66,81.81,42.9,0.7415,39.8,0
2026-01-26 18:30:00,6.813,78.62,1376.8,79.92,83.22,41.52,0.7308,41.63,0
2026-01-26 19:00:00,7.098,80.83,1398.3,76.88,80.26,46.62,0.7312,37.32,0
2026-01-26 19:30:00,7.366,79.6,1379.9,77.99,80.16,37.69,0.7507,32.31,0
2026-01-26 20:00:00,6.869,78.84,1358.6,78.36,84.44,39.84,0.7388,36.05,0
2026-01-26 20:30:00,6.916,78.95,1391.4,76.38,81.68,46.61,0.7237,37.33,0
2026-01-26 21:00:00,6.826,78.22,1373.5,77.92,80.72,42.39,0.7227,34.32,0
2026-01-26 21:30:00,6.722,79.17,1388.9,75.7,81.31,44.61,0.7196,38.37,0
2026-01-26 22:00:00,6.817,73.64,1380.7,75.26,84.74,48.06,0.7124,33.77,0
2026-01-26 22:30:00,6.677,77.69,1361.8,78.48,81.48,39.78,0.722,36.44,0
2026-01-26 23:00:00,6.996,78.68,1382.2,77.37,82.83,41.52,0.7364,35.55,0
2026-01-26 23:30:00,6.799,76.2,1406.5,78.27,83.23,40.95,0.7251,37.96,0
2026-01-27 00:00:00,7.054,79.0,1386.0,77.95,78.46,35.86,0.7367,35.94,0
2026-01-27 00:30:00,6.61,77.96,1379.3,76.53,79.64,40.74,0.7143,35.27,0
2026-01-27 01:00:00,7.086,81.52,1392.8,77.95,84.23,44.27,0.746,33.32,0
2026-01-27 01:30:00,7.216,81.21,1382.4,76.18,81.61,43.2,0.7448,35.7,0
2026-01-27 02:00:00,6.513,77.57,1382.3,80.13,86.16,43.39,0.7222,34.69,0
2026-01-27 02:30:00,7.109,78.16,1366.6,76.03,86.01,40.36,0.7487,32.73,0
2026-01-27 03:00:00,7.326,78.33,1382.4,77.78,85.45,39.47,0.7567,35.7,0
2026-01-27 03:30:00,6.721,77.68,1392.0,76.53,88.27,45.2,0.7323,36.18,0
2026-01-27 04:00:00,7.445,78.87,1369.4,78.97,83.58,39.86,0.7569,33.95,0
2026-01-27 04:30:00,7.136,77.18,1396.5,77.63,85.48,42.18,0.7431,37.63,0
2026-01-27 05:00:00,6.859,76.53,1378.2,77.36,82.46,41.74,0.7249,35.5,0
2026-01-27 05:30:00,7.025,79.72,1368.6,79.44,90.12,45.59,0.7521,30.73,0
2026-01-27 06:00:00,7.183,79.76,1391.1,78.22,89.02,44.08,0.7572,38.47,0
2026-01-27 06:30:00,7.066,77.2,1375.6,78.96,84.15,37.23,0.7449,36.63,0
2026-01-27 07:00:00,7.186,80.29,1388.1,76.73,85.16,37.5,0.7589,37.2,0
2026-01-27 07:30:00,6.825,77.57,1375.4,76.11,87.65,42.76,0.7378,35.27,0
2026-01-27 08:00:00,7.102,79.18,1378.1,78.4,83.96,40.78,0.7452,26.93,0
2026-01-27 08:30:00,6.71,80.23,1384.7,77.78,82.75,39.56,0.733,37.09,0
2026-01-27 09:00:00,7.04,78.72,1382.1,79.21,86.64,43.93,0.7439,33.87,0
2026-01-27 09:30:00,6.845,79.63,1354.6,78.17,84.72,41.4,0.7384,34.62,0
2026-01-27 10:00:00,6.892,77.91,1365.0,78.61,85.05,40.94,0.7372,35.05,0
2026-01-27 10:30:00,7.388,78.51,1389.6,75.88,82.57,43.08,0.7467,39.12,0
2026-01-27 11:00:00,7.356,78.52,1376.7,81.17,80.43,39.57,0.7455,31.54,0
2026-01-27 11:30:00,7.24,77.57,1372.0,78.1,85.38,45.35,0.7427,31.49,0
2026-01-27 12:00:00,6.818,78.62,1361.9,79.41,87.12,38.24,0.7456,30.37,0
2026-01-27 12:30:00,7.016,76.18,1365.1,77.13,84.36,42.52,0.7331,29.59,0
2026-01-27 13:00:00,7.403,78.11,1353.8,78.86,88.58,44.81,0.7586,29.51,0
2026-01-27 13:30:00,7.139,78.51,1376.7,76.46,83.3,36.33,0.7499,26.99,0
2026-01-27 14:00:00,7.687,78.59,1370.7,79.11,82.49,39.38,0.7627,33.69,0
2026-01-27 14:30:00,7.21,78.64,1366.2,77.91,85.02,43.79,0.7458,38.25,0
2026-01-27 15:00:00,7.163,78.99,1376.9,78.51,85.05,43.79,0.7451,38.31,0
2026-01-27 15:30:00,7.042,79.99,1382.0,79.52,87.25,39.76,0.7549,29.47,0
2026-01-27 16:00:00,7.157,80.73,1402.7,76.64,83.45,38.02,0.7539,31.09,0
2026-01-27 16:30:00,7.089,78.01,1359.3,77.48,88.88,43.05,0.7508,35.48,0
2026-01-27 17:00:00,7.308,77.04,1391.3,79.21,90.44,43.68,0.759,32.95,0
2026-01-27 17:30:00,7.375,77.36,1389.0,81.69,85.49,36.59,0.7604,31.93,0
2026-01-27 18:00:00,6.943,78.39,1367.9,78.35,88.78,36.43,0.7563,30.62,0
2026-01-27 18:30:00,6.811,78.66,1379.6,79.46,83.08,40.67,0.7317,34.8,0
2026-01-27 19:00:00,6.688,77.93,1371.6,78.43,88.48,41.83,0.7374,27.92,0
2026-01-27 19:30:00,7.278,77.01,1379.2,81.52,88.48,39.0,0.76,32.46,0
2026-01-27 20:00:00,6.88,78.55,1395.0,76.0,88.08,41.89,0.7445,31.92,0
2026-01-27 20:30:00,6.621,79.72,1384.1,78.78,85.95,37.68,0.7394,30.89,0
2026-01-27 21:00:00,7.261,80.49,1382.8,76.22,78.67,33.42,0.7519,32.99,0
2026-01-27 21:30:00,7.791,78.45,1371.5,74.91,84.52,38.44,0.7724,30.6,0
2026-01-27 22:00:00,7.17,78.73,1358.8,79.13,84.63,39.86,0.7496,28.77,0
2026-01-27 22:30:00,7.385,77.83,1374.0,78.91,83.81,38.79,0.7544,30.53,0
2026-01-27 23:00:00,7.2,79.47,1390.9,78.29,86.63,36.1,0.7631,25.34,0
2026-01-27 23:30:00,7.159,78.03,1358.0,78.57,85.34,34.08,0.7579,31.83,0
2026-01-28 00:00:00,7.417,80.61,1363.6,83.4,84.4,37.94,0.7652,32.47,0
2026-01-28 00:30:00,7.119,76.4,1377.7,78.38,83.88,42.13,0.7367,27.77,0
2026-01-28 01:00:00,7.262,78.99,1364.3,79.55,84.8,43.15,0.7489,26.93,0
2026-01-28 01:30:00,7.28,80.21,1366.5,77.82,89.46,42.9,0.7646,27.62,0
2026-01-28 02:00:00,7.036,80.02,1370.8,79.26,85.07,36.85,0.7537,29.17,0
2026-01-28 02:30:00,7.455,84.56,1359.5,78.47,85.5,35.79,0.7824,29.88,0
2026-01-28 03:00:00,7.168,80.37,1364.1,78.23,85.72,40.69,0.7551,33.95,0
2026-01-28 03:30:00,7.027,77.96,1384.1,81.59,87.77,41.06,0.7487,33.44,0
2026-01-28 04:00:00,7.354,79.62,1359.9,80.64,88.13,40.31,0.7663,31.34,0
2026-01-28 04:30:00,6.999,76.63,1356.4,79.1,79.45,33.02,0.7356,29.08,0
2026-01-28 05:00:00,7.235,79.7,1367.9,75.45,89.68,36.41,0.772,25.81,0
2026-01-28 05:30:00,7.229,78.38,1384.2,78.38,90.78,38.88,0.7676,33.5,0
2026-01-28 06:00:00,7.507,81.55,1372.9,83.0,84.63,40.38,0.7676,27.59,0
2026-01-28 06:30:00,7.358,78.94,1369.6,78.61,84.89,41.17,0.7554,29.05,0
2026-01-28 07:00:00,7.237,79.75,1375.7,80.63,86.27,39.26,0.7594,29.96,0
2026-01-28 07:30:00,7.452,78.84,1354.1,81.15,85.57,39.77,0.7622,28.14,0
2026-01-28 08:00:00,7.599,83.14,1380.9,79.33,88.08,38.99,0.7855,31.28,0
2026-01-28 08:30:00,7.395,79.46,1379.5,77.76,82.73,40.74,0.7532,29.07,0
2026-01-28 09:00:00,7.262,83.36,1369.9,75.39,84.86,39.58,0.7654,30.54,0
2026-01-28 09:30:00,6.936,81.56,1386.8,80.08,91.57,38.79,0.7674,28.79,0
2026-01-28 10:00:00,7.001,80.98,1361.1,77.85,85.47,37.74,0.7546,27.2,0
2026-01-28 10:30:00,7.195,80.81,1388.1,79.35,90.97,38.74,0.7732,27.41,0
2026-01-28 11:00:00,7.123,80.88,1376.3,77.23,88.81,39.91,0.7637,26.88,0
2026-01-28 11:30:00,7.233,76.73,1370.4,78.72,83.47,39.21,0.7448,23.08,0
2026-01-28 12:00:00,7.298,79.72,1374.1,79.18,89.65,39.5,0.7696,23.81,0
2026-01-28 12:30:00,7.42,81.77,1373.0,79.55,87.83,42.34,0.7702,28.9,0
2026-01-28 13:00:00,7.274,80.19,1388.8,77.49,87.05,39.06,0.7641,22.77,0
2026-01-28 13:30:00,7.417,77.77,1361.2,80.98,88.87,36.27,0.7718,25.21,0
2026-01-28 14:00:00,7.316,80.24,1364.9,78.3,89.51,40.82,0.7692,23.15,0
2026-01-28 14:30:00,6.81,83.42,1386.4,76.7,90.16,34.03,0.7713,24.8,0
2026-01-28 15:00:00,7.073,82.63,1366.7,79.07,91.4,34.83,0.7804,25.58,0
2026-01-28 15:30:00,7.276,80.3,1384.6,79.3,89.55,39.04,0.7707,24.7,0
2026-01-28 16:00:00,7.013,82.15,1394.1,79.5,85.15,39.53,0.7544,21.5,0
2026-01-28 16:30:00,7.47,79.8,1368.8,81.32,87.47,34.2,0.7783,25.1,0
2026-01-28 17:00:00,7.706,77.42,1381.7,78.94,96.08,36.74,0.7984,22.66,0
2026-01-28 17:30:00,7.632,78.85,1359.6,79.13,90.6,36.03,0.7867,23.5,0
2026-01-28 18:00:00,7.278,83.36,1382.4,77.67,94.78,36.34,0.7956,27.5,0
2026-01-28 18:30:00,7.708,80.08,1375.7,80.57,92.41,40.58,0.7901,28.02,0
2026-01-28 19:00:00,7.377,80.16,1378.9,79.63,89.6,39.82,0.7728,21.09,0
2026-01-28 19:30:00,7.259,80.08,1365.4,78.74,89.81,37.6,0.7724,29.6,0
2026-01-28 20:00:00,7.194,84.08,1353.1,76.53,89.03,35.97,0.7806,23.24,0
2026-01-28 20:30:00,7.276,83.6,1379.0,81.57,84.85,33.52,0.7755,22.84,0
2026-01-28 21:00:00,7.259,84.7,1348.1,77.58,89.3,41.78,0.7764,21.84,0
2026-01-28 21:30:00,7.402,80.44,1369.0,78.55,92.35,39.25,0.7822,24.55,0
2026-01-28 22:00:00,7.404,81.29,1384.0,79.99,87.89,35.3,0.7791,30.2,0
2026-01-28 22:30:00,7.368,78.05,1375.0,77.68,90.49,39.54,0.7699,19.51,0
2026-01-28 23:00:00,7.481,83.47,1395.9,77.25,91.66,37.12,0.794,17.83,0
2026-01-28 23:30:00,7.673,78.74,1384.8,76.32,87.32,36.42,0.7791,24.68,0
2026-01-29 00:00:00,7.617,81.25,1364.6,80.6,88.53,38.54,0.7832,25.46,0
2026-01-29 00:30:00,7.012,78.92,1372.7,78.72,87.18,34.97,0.7582,23.78,0
2026-01-29 01:00:00,6.749,79.86,1371.7,83.94,87.74,36.11,0.751,25.28,0
2026-01-29 01:30:00,7.625,79.44,1353.2,78.07,86.64,37.46,0.7759,19.97,0
2026-01-29 02:00:00,7.054,79.88,1360.8,78.2,87.68,35.55,0.7624,20.41,0
2026-01-29 02:30:00,7.343,80.03,1365.3,78.75,93.54,39.01,0.7824,23.48,0
2026-01-29 03:00:00,7.111,80.04,1347.5,79.98,87.77,42.57,0.7546,28.26,0
2026-01-29 03:30:00,6.957,82.55,1372.4,78.93,90.44,34.65,0.774,24.54,0
2026-01-29 04:00:00,7.547,79.09,1368.8,80.56,88.94,31.87,0.7864,24.55,0
2026-01-29 04:30:00,7.605,81.5,1351.6,78.19,93.21,30.81,0.8067,19.38,0
2026-01-29 05:00:00,7.275,83.32,1376.5,77.61,93.6,36.32,0.7925,23.74,0
2026-01-29 05:30:00,6.776,80.23,1380.1,77.0,92.55,34.73,0.767,18.8,0
2026-01-29 06:00:00,7.291,79.89,1374.2,76.38,91.23,37.3,0.777,27.52,0
2026-01-29 06:30:00,7.53,80.8,1367.5,78.95,89.95,37.03,0.7849,19.06,0
2026-01-29 07:00:00,7.066,83.36,1378.4,79.29,87.61,31.77,0.7771,19.58,0
2026-01-29 07:30:00,7.485,81.61,1379.4,78.81,95.52,31.09,0.8082,17.42,0
2026-01-29 08:00:00,7.44,80.33,1374.8,81.64,88.83,37.38,0.7772,21.97,0
2026-01-29 08:30:00,7.592,82.19,1361.2,81.63,92.45,36.85,0.7971,21.72,0
2026-01-29 09:00:00,7.482,79.36,1374.3,79.3,93.51,35.12,0.7913,26.0,0
2026-01-29 09:30:00,7.212,82.6,1385.2,77.13,89.54,31.38,0.7857,23.66,0
2026-01-29 10:00:00,7.759,82.13,1363.6,78.99,93.59,37.72,0.8043,18.83,0
2026-01-29 10:30:00,7.424,80.87,1395.9,78.95,92.97,40.07,0.7843,23.69,0
2026-01-29 11:00:00,7.461,79.94,1364.3,78.88,95.45,37.04,0.794,17.22,0
2026-01-29 11:30:00,7.238,79.88,1371.0,78.84,90.02,33.62,0.7777,18.66,0
2026-01-29 12:00:00,7.365,82.47,1362.4,78.92,88.05,36.25,0.7797,21.05,0
2026-01-29 12:30:00,7.258,83.74,1373.1,79.34,90.06,31.97,0.7906,17.17,0
2026-01-29 13:00:00,7.44,80.41,1349.4,78.98,91.92,39.2,0.7824,23.63,0
2026-01-29 13:30:00,7.916,82.41,1363.7,80.26,91.61,36.22,0.8078,27.15,0
2026-01-29 14:00:00,7.149,77.85,1357.1,80.51,90.54,30.63,0.7753,19.3,0
2026-01-29 14:30:00,7.092,80.59,1371.7,78.62,86.82,34.98,0.7643,18.1,0
2026-01-29 15:00:00,7.867,81.61,1381.9,81.91,92.84,37.23,0.8056,19.54,0
2026-01-29 15:30:00,7.451,80.05,1377.7,78.54,96.66,34.79,0.8004,18.13,0
2026-01-29 16:00:00,7.34,80.03,1341.4,77.6,92.96,34.92,0.787,20.46,0
2026-01-29 16:30:00,7.772,80.54,1394.3,80.62,93.38,32.02,0.8088,15.58,0
2026-01-29 17:00:00,7.364,82.3,1373.2,78.84,93.36,37.35,0.7909,20.37,0
2026-01-29 17:30:00,7.976,81.46,1360.3,80.56,92.99,33.66,0.8148,25.03,0
2026-01-29 18:00:00,7.693,77.8,1371.4,76.49,94.39,29.09,0.8061,13.16,0
2026-01-29 18:30:00,7.406,78.03,1371.6,82.2,93.12,34.4,0.7855,15.53,0
2026-01-29 19:00:00,8.071,80.79,1361.4,81.14,91.41,38.41,0.8054,17.57,0
2026-01-29 19:30:00,7.384,82.73,1371.7,77.89,90.27,34.26,0.7896,20.41,0
2026-01-29 20:00:00,7.725,76.99,1361.9,77.94,91.71,40.58,0.7812,21.32,0
2026-01-29 20:30:00,7.619,81.06,1364.3,82.68,93.18,36.61,0.7973,20.96,0
2026-01-29 21:00:00,7.873,81.04,1360.8,79.08,91.67,36.29,0.8029,13.32,0
2026-01-29 21:30:00,7.942,84.51,1351.8,78.96,93.31,34.84,0.8203,16.25,0
2026-01-29 22:00:00,7.564,81.34,1370.6,76.82,93.69,34.98,0.7999,15.44,0
2026-01-29 22:30:00,7.371,82.75,1375.8,79.71,94.74,34.35,0.8002,17.82,0
2026-01-29 23:00:00,7.679,82.35,1374.9,79.91,95.94,34.18,0.8132,17.94,0
2026-01-29 23:30:00,7.398,78.28,1378.5,81.34,92.99,36.64,0.7822,13.65,0
2026-01-30 00:00:00,8.075,83.53,1372.5,78.19,89.59,32.19,0.8171,16.32,0
2026-01-30 00:30:00,7.61,82.56,1362.1,78.02,92.07,31.72,0.8053,19.25,0
2026-01-30 01:00:00,7.488,83.11,1378.5,81.0,93.11,31.53,0.8053,15.49,0
2026-01-30 01:30:00,7.63,89.29,1352.0,81.84,88.47,40.99,0.8,16.65,0
2026-01-30 02:00:00,7.251,78.5,1357.4,77.99,96.6,36.4,0.7869,22.21,0
2026-01-30 02:30:00,7.349,85.38,1356.6,81.99,93.55,35.68,0.801,22.97,0
2026-01-30 03:00:00,7.896,81.79,1381.0,80.44,94.22,31.54,0.819,10.39,0
2026-01-30 03:30:00,7.436,82.85,1379.3,82.04,96.74,36.54,0.8044,17.08,0
2026-01-30 04:00:00,7.342,82.28,1373.8,80.31,91.82,34.27,0.7908,25.37,0
2026-01-30 04:30:00,7.742,81.62,1380.7,76.65,94.9,35.22,0.8094,17.92,0
2026-01-30 05:00:00,7.908,81.39,1357.2,80.22,93.25,31.6,0.816,16.42,0
2026-01-30 05:30:00,7.795,83.03,1371.9,82.05,93.14,34.96,0.8108,20.17,0
2026-01-30 06:00:00,7.869,79.73,1366.1,79.14,91.73,33.16,0.8043,16.76,0
2026-01-30 06:30:00,7.435,83.84,1377.7,79.91,97.89,32.09,0.8164,18.1,0
2026-01-30 07:00:00,7.272,81.77,1366.1,80.25,92.86,36.55,0.7863,15.22,0
2026-01-30 07:30:00,8.007,80.51,1362.7,76.18,95.61,29.68,0.826,16.33,0
2026-01-30 08:00:00,7.555,81.76,1373.8,83.05,89.24,35.94,0.788,16.87,0
2026-01-30 08:30:00,7.577,84.86,1377.7,79.21,96.95,36.26,0.8153,18.06,0
2026-01-30 09:00:00,7.976,81.66,1359.1,81.33,96.69,31.52,0.8278,14.05,0
2026-01-30 09:30:00,7.787,83.3,1366.3,80.46,94.37,31.65,0.8192,13.84,0
2026-01-30 10:00:00,7.766,81.36,1354.3,82.49,93.63,33.39,0.8092,9.3,0
2026-01-30 10:30:00,8.197,84.07,1336.9,81.23,95.26,34.86,0.8329,13.8,0
2026-01-30 11:00:00,7.499,83.97,1369.2,80.29,100.0,33.51,0.8221,17.69,0
2026-01-30 11:30:00,7.896,86.09,1374.0,79.31,89.99,35.22,0.8137,16.09,0
2026-01-30 12:00:00,7.682,82.47,1369.8,81.87,96.42,39.16,0.8073,11.59,0
2026-01-30 12:30:00,7.739,84.02,1343.2,77.88,92.25,32.31,0.8131,8.74,0
2026-01-30 13:00:00,8.058,83.02,1362.3,81.67,94.55,28.64,0.833,13.89,0
2026-01-30 13:30:00,7.807,85.2,1339.8,79.07,94.04,36.21,0.817,16.96,0
2026-01-30 14:00:00,7.818,81.6,1382.8,82.61,93.66,38.74,0.8037,12.63,0
2026-01-30 14:30:00,7.956,84.26,1353.2,80.99,94.77,34.82,0.8238,9.6,0
2026-01-30 15:00:00,7.601,82.59,1381.2,81.73,92.03,30.33,0.8071,12.04,0
2026-01-30 15:30:00,7.486,82.86,1377.4,80.91,97.5,33.18,0.8131,14.66,0
2026-01-30 16:00:00,7.439,83.16,1355.2,78.17,90.51,30.15,0.7993,17.28,0
2026-01-30 16:30:00,7.212,83.48,1352.3,79.52,96.41,35.38,0.7991,12.66,0
2026-01-30 17:00:00,8.222,82.84,1370.0,81.84,94.31,29.36,0.8366,16.47,0
2026-01-30 17:30:00,7.436,83.47,1355.6,81.1,92.27,32.46,0.8009,16.01,0
2026-01-30 18:00:00,7.66,85.95,1366.9,82.63,95.77,30.3,0.827,9.52,0
2026-01-30 18:30:00,7.651,84.91,1359.8,81.48,91.44,33.65,0.8082,16.67,0
2026-01-30 19:00:00,7.801,84.72,1344.1,79.45,95.5,32.12,0.8254,13.68,0
2026-01-30 19:30:00,7.932,82.37,1338.7,79.72,91.91,33.71,0.8127,9.04,0
2026-01-30 20:00:00,7.947,81.61,1368.1,81.08,96.68,33.2,0.8241,17.82,0
2026-01-30 20:30:00,7.59,84.96,1358.5,77.47,93.29,30.12,0.8161,12.03,0
2026-01-30 21:00:00,7.698,84.84,1358.6,83.47,94.54,34.92,0.8155,6.45,1
2026-01-30 21:30:00,7.814,85.94,1373.5,81.64,96.47,32.84,0.8303,10.04,0
2026-01-30 22:00:00,7.686,82.23,1379.1,82.83,93.87,29.98,0.8143,9.17,0
2026-01-30 22:30:00,8.154,82.93,1361.7,78.64,95.72,39.62,0.8226,9.85,0
2026-01-30 23:00:00,7.879,80.42,1360.8,82.89,92.15,34.28,0.8058,10.44,0
2026-01-30 23:30:00,7.944,82.69,1370.8,84.39,97.57,32.34,0.8302,10.87,0
2026-01-31 00:00:00,7.93,85.22,1348.4,79.07,100.0,37.0,0.8351,10.63,0
2026-01-31 00:30:00,8.061,82.61,1367.3,82.23,100.0,38.23,0.8313,11.1,0
2026-01-31 01:00:00,7.817,84.63,1371.2,81.09,96.43,32.23,0.8279,13.03,0
2026-01-31 01:30:00,7.452,83.16,1372.6,78.79,98.23,33.66,0.8138,8.9,0
2026-01-31 02:00:00,7.88,84.12,1341.2,81.86,91.88,29.6,0.8214,14.55,0
2026-01-31 02:30:00,7.621,81.49,1355.2,82.39,100.0,32.08,0.8223,7.21,1
2026-01-31 03:00:00,7.656,83.74,1353.7,80.25,98.4,31.88,0.8255,12.6,0
2026-01-31 03:30:00,7.938,78.23,1365.4,82.92,95.32,32.98,0.8122,15.56,0
2026-01-31 04:00:00,8.105,83.3,1369.9,78.68,99.69,33.38,0.8411,9.97,0
2026-01-31 04:30:00,7.805,80.73,1382.0,78.96,96.03,34.01,0.8141,10.95,0
2026-01-31 05:00:00,7.881,85.86,1358.0,81.42,95.59,33.0,0.83,7.34,1
2026-01-31 05:30:00,8.233,85.12,1357.9,81.27,97.99,28.61,0.853,8.58,0
2026-01-31 06:00:00,7.872,84.59,1377.6,80.17,94.21,29.38,0.8284,14.69,0
2026-01-31 06:30:00,8.466,86.51,1367.2,82.48,99.49,30.51,0.8655,12.11,0
2026-01-31 07:00:00,7.961,82.09,1378.8,82.08,94.36,31.25,0.8229,10.99,0
2026-01-31 07:30:00,7.384,86.97,1367.0,82.58,94.44,35.21,0.8091,3.79,1
2026-01-31 08:00:00,8.016,85.53,1349.6,81.13,94.86,28.52,0.8388,7.33,1
2026-01-31 08:30:00,7.927,83.45,1347.4,82.23,99.1,30.89,0.8375,14.57,0
2026-01-31 09:00:00,8.158,85.95,1344.7,80.68,95.72,34.77,0.8376,10.46,0
2026-01-31 09:30:00,8.008,81.94,1371.1,84.44,93.96,30.97,0.8236,10.7,0
2026-01-31 10:00:00,7.809,82.48,1377.4,80.16,95.88,33.2,0.8194,9.48,0
2026-01-31 10:30:00,7.542,82.89,1385.2,84.55,97.38,31.36,0.8176,7.0,1
2026-01-31 11:00:00,7.8,83.06,1373.1,81.46,94.58,32.5,0.8183,9.71,0
2026-01-31 11:30:00,7.643,82.14,1376.8,79.36,94.72,31.0,0.8132,4.0,1
2026-01-31 12:00:00,7.715,86.27,1355.8,83.49,100.0,33.64,0.8352,3.64,1
2026-01-31 12:30:00,8.011,83.63,1348.8,81.64,95.58,26.95,0.838,6.13,1
2026-01-31 13:00:00,8.285,84.75,1372.8,82.75,96.99,30.45,0.8487,8.78,0
2026-01-31 13:30:00,7.971,83.12,1367.6,83.32,96.95,32.38,0.8306,3.37,1
2026-01-31 14:00:00,7.577,80.9,1363.8,82.01,96.88,33.05,0.8101,8.33,0
2026-01-31 14:30:00,7.991,84.69,1367.1,80.63,99.55,35.88,0.8365,4.84,1
2026-01-31 15:00:00,8.183,80.78,1366.2,83.0,100.0,30.18,0.8431,5.12,1
2026-01-31 15:30:00,7.735,84.13,1377.6,81.55,97.37,35.75,0.8209,11.47,0
2026-01-31 16:00:00,7.858,81.82,1377.7,82.6,95.11,29.28,0.8234,7.55,1
2026-01-31 16:30:00,7.9,87.88,1368.6,78.35,100.0,35.2,0.8434,4.6,1
2026-01-31 17:00:00,7.704,85.97,1372.2,82.27,98.09,33.62,0.8294,7.75,1
2026-01-31 17:30:00,8.066,84.55,1368.1,80.66,100.0,28.38,0.8511,2.65,1
2026-01-31 18:00:00,7.878,86.66,1356.3,84.11,92.85,32.0,0.8265,8.08,0
2026-01-31 18:30:00,8.017,82.89,1370.8,82.58,99.02,30.87,0.8391,10.13,0
2026-01-31 19:00:00,7.694,85.42,1344.9,82.02,100.0,32.86,0.8336,8.66,0
2026-01-31 19:30:00,7.811,84.83,1374.2,82.41,97.78,30.26,0.8345,13.02,0
2026-01-31 20:00:00,8.105,84.97,1347.2,80.2,98.17,29.97,0.8466,0.61,1
2026-01-31 20:30:00,7.835,86.81,1364.9,84.15,99.54,34.95,0.8377,6.67,1
2026-01-31 21:00:00,8.364,85.86,1351.2,84.71,97.47,30.5,0.8553,2.14,1
2026-01-31 21:30:00,7.836,85.09,1367.9,82.33,98.15,33.23,0.8325,5.52,1
2026-01-31 22:00:00,7.996,81.62,1360.8,84.15,98.15,30.02,0.8343,5.92,1
2026-01-31 22:30:00,8.177,82.9,1342.0,80.92,97.5,35.65,0.8337,12.62,0
2026-01-31 23:00:00,7.593,84.43,1366.1,80.6,100.0,28.57,0.834,5.48,1
2026-01-31 23:30:00,7.512,84.85,1354.0,81.87,100.0,28.72,0.832,5.29,1
2026-02-01 00:00:00,7.575,82.67,1371.5,82.48,99.89,35.09,0.8189,8.42,0
2026-02-01 00:30:00,8.276,89.07,1360.8,81.25,100.0,29.13,0.8686,5.12,1
2026-02-01 01:00:00,7.826,87.49,1365.5,82.66,98.74,35.22,0.8366,10.64,0
2026-02-01 01:30:00,8.608,85.87,1349.1,82.33,97.53,33.05,0.8602,7.03,1
2026-02-01 02:00:00,7.831,84.94,1353.5,80.39,98.03,29.86,0.8367,7.38,1
2026-02-01 02:30:00,8.022,84.46,1355.0,82.68,99.6,24.84,0.8537,0.0,1
2026-02-01 03:00:00,8.366,83.15,1370.7,83.22,97.02,30.18,0.848,10.59,0
2026-02-01 03:30:00,8.486,85.03,1380.4,82.19,98.48,30.49,0.86,2.54,1
2026-02-01 04:00:00,8.503,85.38,1350.6,83.68,98.51,33.64,0.8569,4.35,1
2026-02-01 04:30:00,8.294,82.71,1373.1,80.14,100.0,34.86,0.8448,2.3,1
2026-02-01 05:00:00,8.252,85.57,1334.0,82.69,93.0,27.99,0.8433,1.05,1
2026-02-01 05:30:00,8.148,84.72,1345.7,80.24,99.55,32.4,0.8473,0.39,1
